Copyright 1986-2020 Xilinx, Inc. All Rights Reserved.
-----------------------------------------------------------------------------------------------------------------------------------------------------------------------------------------------------------
| Tool Version : Vivado v.2020.1 (win64) Build 2902540 Wed May 27 19:54:49 MDT 2020
| Date         : Sun Apr 19 21:08:07 2026
| Host         : Hydra running 64-bit major release  (build 9200)
| Command      : report_timing_summary -max_paths 10 -file topProcessor_timing_summary_routed.rpt -pb topProcessor_timing_summary_routed.pb -rpx topProcessor_timing_summary_routed.rpx -warn_on_violation
| Design       : topProcessor
| Device       : 7a35t-cpg236
| Speed File   : -1  PRODUCTION 1.23 2018-06-13
-----------------------------------------------------------------------------------------------------------------------------------------------------------------------------------------------------------

Timing Summary Report

------------------------------------------------------------------------------------------------
| Timer Settings
| --------------
------------------------------------------------------------------------------------------------

  Enable Multi Corner Analysis               :  Yes
  Enable Pessimism Removal                   :  Yes
  Pessimism Removal Resolution               :  Nearest Common Node
  Enable Input Delay Default Clock           :  No
  Enable Preset / Clear Arcs                 :  No
  Disable Flight Delays                      :  No
  Ignore I/O Paths                           :  No
  Timing Early Launch at Borrowing Latches   :  No
  Borrow Time for Max Delay Exceptions       :  Yes
  Merge Timing Exceptions                    :  Yes

  Corner  Analyze    Analyze    
  Name    Max Paths  Min Paths  
  ------  ---------  ---------  
  Slow    Yes        Yes        
  Fast    Yes        Yes        



check_timing report

Table of Contents
-----------------
1. checking no_clock (0)
2. checking constant_clock (0)
3. checking pulse_width_clock (0)
4. checking unconstrained_internal_endpoints (0)
5. checking no_input_delay (1)
6. checking no_output_delay (1)
7. checking multiple_clock (0)
8. checking generated_clocks (0)
9. checking loops (0)
10. checking partial_input_delay (0)
11. checking partial_output_delay (0)
12. checking latch_loops (0)

1. checking no_clock (0)
------------------------
 There are 0 register/latch pins with no clock.


2. checking constant_clock (0)
------------------------------
 There are 0 register/latch pins with constant_clock.


3. checking pulse_width_clock (0)
---------------------------------
 There are 0 register/latch pins which need pulse_width check


4. checking unconstrained_internal_endpoints (0)
------------------------------------------------
 There are 0 pins that are not constrained for maximum delay.

 There are 0 pins that are not constrained for maximum delay due to constant clock.


5. checking no_input_delay (1)
------------------------------
 There is 1 input port with no input delay specified. (HIGH)

 There are 0 input ports with no input delay but user has a false path constraint.


6. checking no_output_delay (1)
-------------------------------
 There is 1 port with no output delay specified. (HIGH)

 There are 0 ports with no output delay but user has a false path constraint

 There are 0 ports with no output delay but with a timing clock defined on it or propagating through it


7. checking multiple_clock (0)
------------------------------
 There are 0 register/latch pins with multiple clocks.


8. checking generated_clocks (0)
--------------------------------
 There are 0 generated clocks that are not connected to a clock source.


9. checking loops (0)
---------------------
 There are 0 combinational loops in the design.


10. checking partial_input_delay (0)
------------------------------------
 There are 0 input ports with partial input delay specified.


11. checking partial_output_delay (0)
-------------------------------------
 There are 0 ports with partial output delay specified.


12. checking latch_loops (0)
----------------------------
 There are 0 combinational latch loops in the design through latch input



------------------------------------------------------------------------------------------------
| Design Timing Summary
| ---------------------
------------------------------------------------------------------------------------------------

    WNS(ns)      TNS(ns)  TNS Failing Endpoints  TNS Total Endpoints      WHS(ns)      THS(ns)  THS Failing Endpoints  THS Total Endpoints     WPWS(ns)     TPWS(ns)  TPWS Failing Endpoints  TPWS Total Endpoints  
    -------      -------  ---------------------  -------------------      -------      -------  ---------------------  -------------------     --------     --------  ----------------------  --------------------  
      7.171        0.000                      0                   31        0.261        0.000                      0                   31        4.500        0.000                       0                    32  


All user specified timing constraints are met.


------------------------------------------------------------------------------------------------
| Clock Summary
| -------------
------------------------------------------------------------------------------------------------

Clock        Waveform(ns)       Period(ns)      Frequency(MHz)
-----        ------------       ----------      --------------
sys_clk_pin  {0.000 5.000}      10.000          100.000         


------------------------------------------------------------------------------------------------
| Intra Clock Table
| -----------------
------------------------------------------------------------------------------------------------

Clock             WNS(ns)      TNS(ns)  TNS Failing Endpoints  TNS Total Endpoints      WHS(ns)      THS(ns)  THS Failing Endpoints  THS Total Endpoints     WPWS(ns)     TPWS(ns)  TPWS Failing Endpoints  TPWS Total Endpoints  
-----             -------      -------  ---------------------  -------------------      -------      -------  ---------------------  -------------------     --------     --------  ----------------------  --------------------  
sys_clk_pin         7.171        0.000                      0                   31        0.261        0.000                      0                   31        4.500        0.000                       0                    32  


------------------------------------------------------------------------------------------------
| Inter Clock Table
| -----------------
------------------------------------------------------------------------------------------------

From Clock    To Clock          WNS(ns)      TNS(ns)  TNS Failing Endpoints  TNS Total Endpoints      WHS(ns)      THS(ns)  THS Failing Endpoints  THS Total Endpoints  
----------    --------          -------      -------  ---------------------  -------------------      -------      -------  ---------------------  -------------------  


------------------------------------------------------------------------------------------------
| Other Path Groups Table
| -----------------------
------------------------------------------------------------------------------------------------

Path Group    From Clock    To Clock          WNS(ns)      TNS(ns)  TNS Failing Endpoints  TNS Total Endpoints      WHS(ns)      THS(ns)  THS Failing Endpoints  THS Total Endpoints  
----------    ----------    --------          -------      -------  ---------------------  -------------------      -------      -------  ---------------------  -------------------  


------------------------------------------------------------------------------------------------
| Timing Details
| --------------
------------------------------------------------------------------------------------------------


---------------------------------------------------------------------------------------------------
From Clock:  sys_clk_pin
  To Clock:  sys_clk_pin

Setup :            0  Failing Endpoints,  Worst Slack        7.171ns,  Total Violation        0.000ns
Hold  :            0  Failing Endpoints,  Worst Slack        0.261ns,  Total Violation        0.000ns
PW    :            0  Failing Endpoints,  Worst Slack        4.500ns,  Total Violation        0.000ns
---------------------------------------------------------------------------------------------------


Max Delay Paths
--------------------------------------------------------------------------------------
Slack (MET) :             7.171ns  (required time - arrival time)
  Source:                 pc_inst/PCout_reg[2]/C
                            (rising edge-triggered cell FDRE clocked by sys_clk_pin  {rise@0.000ns fall@5.000ns period=10.000ns})
  Destination:            pc_inst/PCout_reg[30]/D
                            (rising edge-triggered cell FDRE clocked by sys_clk_pin  {rise@0.000ns fall@5.000ns period=10.000ns})
  Path Group:             sys_clk_pin
  Path Type:              Setup (Max at Slow Process Corner)
  Requirement:            10.000ns  (sys_clk_pin rise@10.000ns - sys_clk_pin rise@0.000ns)
  Data Path Delay:        2.826ns  (logic 2.148ns (76.005%)  route 0.678ns (23.995%))
  Logic Levels:           9  (CARRY4=8 LUT1=1)
  Clock Path Skew:        -0.030ns (DCD - SCD + CPR)
    Destination Clock Delay (DCD):    4.853ns = ( 14.853 - 10.000 ) 
    Source Clock Delay      (SCD):    5.157ns
    Clock Pessimism Removal (CPR):    0.274ns
  Clock Uncertainty:      0.035ns  ((TSJ^2 + TIJ^2)^1/2 + DJ) / 2 + PE
    Total System Jitter     (TSJ):    0.071ns
    Total Input Jitter      (TIJ):    0.000ns
    Discrete Jitter          (DJ):    0.000ns
    Phase Error              (PE):    0.000ns

    Location             Delay type                Incr(ns)  Path(ns)    Netlist Resource(s)
  -------------------------------------------------------------------    -------------------
                         (clock sys_clk_pin rise edge)
                                                      0.000     0.000 r  
    W5                                                0.000     0.000 r  clk (IN)
                         net (fo=0)                   0.000     0.000    clk
    W5                   IBUF (Prop_ibuf_I_O)         1.458     1.458 r  clk_IBUF_inst/O
                         net (fo=1, routed)           1.967     3.425    clk_IBUF
    BUFGCTRL_X0Y0        BUFG (Prop_bufg_I_O)         0.096     3.521 r  clk_IBUF_BUFG_inst/O
                         net (fo=31, routed)          1.636     5.157    pc_inst/clk
    SLICE_X1Y9           FDRE                                         r  pc_inst/PCout_reg[2]/C
  -------------------------------------------------------------------    -------------------
    SLICE_X1Y9           FDRE (Prop_fdre_C_Q)         0.456     5.613 f  pc_inst/PCout_reg[2]/Q
                         net (fo=3, routed)           0.678     6.291    pc_inst/PCout_reg[2]
    SLICE_X1Y9           LUT1 (Prop_lut1_I0_O)        0.124     6.415 r  pc_inst/PCout[1]_i_2/O
                         net (fo=1, routed)           0.000     6.415    pc_inst/PCout[1]_i_2_n_0
    SLICE_X1Y9           CARRY4 (Prop_carry4_S[1]_CO[3])
                                                      0.550     6.965 r  pc_inst/PCout_reg[1]_i_1/CO[3]
                         net (fo=1, routed)           0.000     6.965    pc_inst/PCout_reg[1]_i_1_n_0
    SLICE_X1Y10          CARRY4 (Prop_carry4_CI_CO[3])
                                                      0.114     7.079 r  pc_inst/PCout_reg[5]_i_1/CO[3]
                         net (fo=1, routed)           0.000     7.079    pc_inst/PCout_reg[5]_i_1_n_0
    SLICE_X1Y11          CARRY4 (Prop_carry4_CI_CO[3])
                                                      0.114     7.193 r  pc_inst/PCout_reg[9]_i_1/CO[3]
                         net (fo=1, routed)           0.000     7.193    pc_inst/PCout_reg[9]_i_1_n_0
    SLICE_X1Y12          CARRY4 (Prop_carry4_CI_CO[3])
                                                      0.114     7.307 r  pc_inst/PCout_reg[13]_i_1/CO[3]
                         net (fo=1, routed)           0.000     7.307    pc_inst/PCout_reg[13]_i_1_n_0
    SLICE_X1Y13          CARRY4 (Prop_carry4_CI_CO[3])
                                                      0.114     7.421 r  pc_inst/PCout_reg[17]_i_1/CO[3]
                         net (fo=1, routed)           0.000     7.421    pc_inst/PCout_reg[17]_i_1_n_0
    SLICE_X1Y14          CARRY4 (Prop_carry4_CI_CO[3])
                                                      0.114     7.535 r  pc_inst/PCout_reg[21]_i_1/CO[3]
                         net (fo=1, routed)           0.000     7.535    pc_inst/PCout_reg[21]_i_1_n_0
    SLICE_X1Y15          CARRY4 (Prop_carry4_CI_CO[3])
                                                      0.114     7.649 r  pc_inst/PCout_reg[25]_i_1/CO[3]
                         net (fo=1, routed)           0.000     7.649    pc_inst/PCout_reg[25]_i_1_n_0
    SLICE_X1Y16          CARRY4 (Prop_carry4_CI_O[1])
                                                      0.334     7.983 r  pc_inst/PCout_reg[29]_i_1/O[1]
                         net (fo=1, routed)           0.000     7.983    pc_inst/PCout_reg[29]_i_1_n_6
    SLICE_X1Y16          FDRE                                         r  pc_inst/PCout_reg[30]/D
  -------------------------------------------------------------------    -------------------

                         (clock sys_clk_pin rise edge)
                                                     10.000    10.000 r  
    W5                                                0.000    10.000 r  clk (IN)
                         net (fo=0)                   0.000    10.000    clk
    W5                   IBUF (Prop_ibuf_I_O)         1.388    11.388 r  clk_IBUF_inst/O
                         net (fo=1, routed)           1.862    13.250    clk_IBUF
    BUFGCTRL_X0Y0        BUFG (Prop_bufg_I_O)         0.091    13.341 r  clk_IBUF_BUFG_inst/O
                         net (fo=31, routed)          1.512    14.853    pc_inst/clk
    SLICE_X1Y16          FDRE                                         r  pc_inst/PCout_reg[30]/C
                         clock pessimism              0.274    15.127    
                         clock uncertainty           -0.035    15.092    
    SLICE_X1Y16          FDRE (Setup_fdre_C_D)        0.062    15.154    pc_inst/PCout_reg[30]
  -------------------------------------------------------------------
                         required time                         15.154    
                         arrival time                          -7.983    
  -------------------------------------------------------------------
                         slack                                  7.171    

Slack (MET) :             7.266ns  (required time - arrival time)
  Source:                 pc_inst/PCout_reg[2]/C
                            (rising edge-triggered cell FDRE clocked by sys_clk_pin  {rise@0.000ns fall@5.000ns period=10.000ns})
  Destination:            pc_inst/PCout_reg[31]/D
                            (rising edge-triggered cell FDRE clocked by sys_clk_pin  {rise@0.000ns fall@5.000ns period=10.000ns})
  Path Group:             sys_clk_pin
  Path Type:              Setup (Max at Slow Process Corner)
  Requirement:            10.000ns  (sys_clk_pin rise@10.000ns - sys_clk_pin rise@0.000ns)
  Data Path Delay:        2.731ns  (logic 2.053ns (75.170%)  route 0.678ns (24.830%))
  Logic Levels:           9  (CARRY4=8 LUT1=1)
  Clock Path Skew:        -0.030ns (DCD - SCD + CPR)
    Destination Clock Delay (DCD):    4.853ns = ( 14.853 - 10.000 ) 
    Source Clock Delay      (SCD):    5.157ns
    Clock Pessimism Removal (CPR):    0.274ns
  Clock Uncertainty:      0.035ns  ((TSJ^2 + TIJ^2)^1/2 + DJ) / 2 + PE
    Total System Jitter     (TSJ):    0.071ns
    Total Input Jitter      (TIJ):    0.000ns
    Discrete Jitter          (DJ):    0.000ns
    Phase Error              (PE):    0.000ns

    Location             Delay type                Incr(ns)  Path(ns)    Netlist Resource(s)
  -------------------------------------------------------------------    -------------------
                         (clock sys_clk_pin rise edge)
                                                      0.000     0.000 r  
    W5                                                0.000     0.000 r  clk (IN)
                         net (fo=0)                   0.000     0.000    clk
    W5                   IBUF (Prop_ibuf_I_O)         1.458     1.458 r  clk_IBUF_inst/O
                         net (fo=1, routed)           1.967     3.425    clk_IBUF
    BUFGCTRL_X0Y0        BUFG (Prop_bufg_I_O)         0.096     3.521 r  clk_IBUF_BUFG_inst/O
                         net (fo=31, routed)          1.636     5.157    pc_inst/clk
    SLICE_X1Y9           FDRE                                         r  pc_inst/PCout_reg[2]/C
  -------------------------------------------------------------------    -------------------
    SLICE_X1Y9           FDRE (Prop_fdre_C_Q)         0.456     5.613 f  pc_inst/PCout_reg[2]/Q
                         net (fo=3, routed)           0.678     6.291    pc_inst/PCout_reg[2]
    SLICE_X1Y9           LUT1 (Prop_lut1_I0_O)        0.124     6.415 r  pc_inst/PCout[1]_i_2/O
                         net (fo=1, routed)           0.000     6.415    pc_inst/PCout[1]_i_2_n_0
    SLICE_X1Y9           CARRY4 (Prop_carry4_S[1]_CO[3])
                                                      0.550     6.965 r  pc_inst/PCout_reg[1]_i_1/CO[3]
                         net (fo=1, routed)           0.000     6.965    pc_inst/PCout_reg[1]_i_1_n_0
    SLICE_X1Y10          CARRY4 (Prop_carry4_CI_CO[3])
                                                      0.114     7.079 r  pc_inst/PCout_reg[5]_i_1/CO[3]
                         net (fo=1, routed)           0.000     7.079    pc_inst/PCout_reg[5]_i_1_n_0
    SLICE_X1Y11          CARRY4 (Prop_carry4_CI_CO[3])
                                                      0.114     7.193 r  pc_inst/PCout_reg[9]_i_1/CO[3]
                         net (fo=1, routed)           0.000     7.193    pc_inst/PCout_reg[9]_i_1_n_0
    SLICE_X1Y12          CARRY4 (Prop_carry4_CI_CO[3])
                                                      0.114     7.307 r  pc_inst/PCout_reg[13]_i_1/CO[3]
                         net (fo=1, routed)           0.000     7.307    pc_inst/PCout_reg[13]_i_1_n_0
    SLICE_X1Y13          CARRY4 (Prop_carry4_CI_CO[3])
                                                      0.114     7.421 r  pc_inst/PCout_reg[17]_i_1/CO[3]
                         net (fo=1, routed)           0.000     7.421    pc_inst/PCout_reg[17]_i_1_n_0
    SLICE_X1Y14          CARRY4 (Prop_carry4_CI_CO[3])
                                                      0.114     7.535 r  pc_inst/PCout_reg[21]_i_1/CO[3]
                         net (fo=1, routed)           0.000     7.535    pc_inst/PCout_reg[21]_i_1_n_0
    SLICE_X1Y15          CARRY4 (Prop_carry4_CI_CO[3])
                                                      0.114     7.649 r  pc_inst/PCout_reg[25]_i_1/CO[3]
                         net (fo=1, routed)           0.000     7.649    pc_inst/PCout_reg[25]_i_1_n_0
    SLICE_X1Y16          CARRY4 (Prop_carry4_CI_O[2])
                                                      0.239     7.888 r  pc_inst/PCout_reg[29]_i_1/O[2]
                         net (fo=1, routed)           0.000     7.888    pc_inst/PCout_reg[29]_i_1_n_5
    SLICE_X1Y16          FDRE                                         r  pc_inst/PCout_reg[31]/D
  -------------------------------------------------------------------    -------------------

                         (clock sys_clk_pin rise edge)
                                                     10.000    10.000 r  
    W5                                                0.000    10.000 r  clk (IN)
                         net (fo=0)                   0.000    10.000    clk
    W5                   IBUF (Prop_ibuf_I_O)         1.388    11.388 r  clk_IBUF_inst/O
                         net (fo=1, routed)           1.862    13.250    clk_IBUF
    BUFGCTRL_X0Y0        BUFG (Prop_bufg_I_O)         0.091    13.341 r  clk_IBUF_BUFG_inst/O
                         net (fo=31, routed)          1.512    14.853    pc_inst/clk
    SLICE_X1Y16          FDRE                                         r  pc_inst/PCout_reg[31]/C
                         clock pessimism              0.274    15.127    
                         clock uncertainty           -0.035    15.092    
    SLICE_X1Y16          FDRE (Setup_fdre_C_D)        0.062    15.154    pc_inst/PCout_reg[31]
  -------------------------------------------------------------------
                         required time                         15.154    
                         arrival time                          -7.888    
  -------------------------------------------------------------------
                         slack                                  7.266    

Slack (MET) :             7.282ns  (required time - arrival time)
  Source:                 pc_inst/PCout_reg[2]/C
                            (rising edge-triggered cell FDRE clocked by sys_clk_pin  {rise@0.000ns fall@5.000ns period=10.000ns})
  Destination:            pc_inst/PCout_reg[29]/D
                            (rising edge-triggered cell FDRE clocked by sys_clk_pin  {rise@0.000ns fall@5.000ns period=10.000ns})
  Path Group:             sys_clk_pin
  Path Type:              Setup (Max at Slow Process Corner)
  Requirement:            10.000ns  (sys_clk_pin rise@10.000ns - sys_clk_pin rise@0.000ns)
  Data Path Delay:        2.715ns  (logic 2.037ns (75.024%)  route 0.678ns (24.976%))
  Logic Levels:           9  (CARRY4=8 LUT1=1)
  Clock Path Skew:        -0.030ns (DCD - SCD + CPR)
    Destination Clock Delay (DCD):    4.853ns = ( 14.853 - 10.000 ) 
    Source Clock Delay      (SCD):    5.157ns
    Clock Pessimism Removal (CPR):    0.274ns
  Clock Uncertainty:      0.035ns  ((TSJ^2 + TIJ^2)^1/2 + DJ) / 2 + PE
    Total System Jitter     (TSJ):    0.071ns
    Total Input Jitter      (TIJ):    0.000ns
    Discrete Jitter          (DJ):    0.000ns
    Phase Error              (PE):    0.000ns

    Location             Delay type                Incr(ns)  Path(ns)    Netlist Resource(s)
  -------------------------------------------------------------------    -------------------
                         (clock sys_clk_pin rise edge)
                                                      0.000     0.000 r  
    W5                                                0.000     0.000 r  clk (IN)
                         net (fo=0)                   0.000     0.000    clk
    W5                   IBUF (Prop_ibuf_I_O)         1.458     1.458 r  clk_IBUF_inst/O
                         net (fo=1, routed)           1.967     3.425    clk_IBUF
    BUFGCTRL_X0Y0        BUFG (Prop_bufg_I_O)         0.096     3.521 r  clk_IBUF_BUFG_inst/O
                         net (fo=31, routed)          1.636     5.157    pc_inst/clk
    SLICE_X1Y9           FDRE                                         r  pc_inst/PCout_reg[2]/C
  -------------------------------------------------------------------    -------------------
    SLICE_X1Y9           FDRE (Prop_fdre_C_Q)         0.456     5.613 f  pc_inst/PCout_reg[2]/Q
                         net (fo=3, routed)           0.678     6.291    pc_inst/PCout_reg[2]
    SLICE_X1Y9           LUT1 (Prop_lut1_I0_O)        0.124     6.415 r  pc_inst/PCout[1]_i_2/O
                         net (fo=1, routed)           0.000     6.415    pc_inst/PCout[1]_i_2_n_0
    SLICE_X1Y9           CARRY4 (Prop_carry4_S[1]_CO[3])
                                                      0.550     6.965 r  pc_inst/PCout_reg[1]_i_1/CO[3]
                         net (fo=1, routed)           0.000     6.965    pc_inst/PCout_reg[1]_i_1_n_0
    SLICE_X1Y10          CARRY4 (Prop_carry4_CI_CO[3])
                                                      0.114     7.079 r  pc_inst/PCout_reg[5]_i_1/CO[3]
                         net (fo=1, routed)           0.000     7.079    pc_inst/PCout_reg[5]_i_1_n_0
    SLICE_X1Y11          CARRY4 (Prop_carry4_CI_CO[3])
                                                      0.114     7.193 r  pc_inst/PCout_reg[9]_i_1/CO[3]
                         net (fo=1, routed)           0.000     7.193    pc_inst/PCout_reg[9]_i_1_n_0
    SLICE_X1Y12          CARRY4 (Prop_carry4_CI_CO[3])
                                                      0.114     7.307 r  pc_inst/PCout_reg[13]_i_1/CO[3]
                         net (fo=1, routed)           0.000     7.307    pc_inst/PCout_reg[13]_i_1_n_0
    SLICE_X1Y13          CARRY4 (Prop_carry4_CI_CO[3])
                                                      0.114     7.421 r  pc_inst/PCout_reg[17]_i_1/CO[3]
                         net (fo=1, routed)           0.000     7.421    pc_inst/PCout_reg[17]_i_1_n_0
    SLICE_X1Y14          CARRY4 (Prop_carry4_CI_CO[3])
                                                      0.114     7.535 r  pc_inst/PCout_reg[21]_i_1/CO[3]
                         net (fo=1, routed)           0.000     7.535    pc_inst/PCout_reg[21]_i_1_n_0
    SLICE_X1Y15          CARRY4 (Prop_carry4_CI_CO[3])
                                                      0.114     7.649 r  pc_inst/PCout_reg[25]_i_1/CO[3]
                         net (fo=1, routed)           0.000     7.649    pc_inst/PCout_reg[25]_i_1_n_0
    SLICE_X1Y16          CARRY4 (Prop_carry4_CI_O[0])
                                                      0.223     7.872 r  pc_inst/PCout_reg[29]_i_1/O[0]
                         net (fo=1, routed)           0.000     7.872    pc_inst/PCout_reg[29]_i_1_n_7
    SLICE_X1Y16          FDRE                                         r  pc_inst/PCout_reg[29]/D
  -------------------------------------------------------------------    -------------------

                         (clock sys_clk_pin rise edge)
                                                     10.000    10.000 r  
    W5                                                0.000    10.000 r  clk (IN)
                         net (fo=0)                   0.000    10.000    clk
    W5                   IBUF (Prop_ibuf_I_O)         1.388    11.388 r  clk_IBUF_inst/O
                         net (fo=1, routed)           1.862    13.250    clk_IBUF
    BUFGCTRL_X0Y0        BUFG (Prop_bufg_I_O)         0.091    13.341 r  clk_IBUF_BUFG_inst/O
                         net (fo=31, routed)          1.512    14.853    pc_inst/clk
    SLICE_X1Y16          FDRE                                         r  pc_inst/PCout_reg[29]/C
                         clock pessimism              0.274    15.127    
                         clock uncertainty           -0.035    15.092    
    SLICE_X1Y16          FDRE (Setup_fdre_C_D)        0.062    15.154    pc_inst/PCout_reg[29]
  -------------------------------------------------------------------
                         required time                         15.154    
                         arrival time                          -7.872    
  -------------------------------------------------------------------
                         slack                                  7.282    

Slack (MET) :             7.286ns  (required time - arrival time)
  Source:                 pc_inst/PCout_reg[2]/C
                            (rising edge-triggered cell FDRE clocked by sys_clk_pin  {rise@0.000ns fall@5.000ns period=10.000ns})
  Destination:            pc_inst/PCout_reg[26]/D
                            (rising edge-triggered cell FDRE clocked by sys_clk_pin  {rise@0.000ns fall@5.000ns period=10.000ns})
  Path Group:             sys_clk_pin
  Path Type:              Setup (Max at Slow Process Corner)
  Requirement:            10.000ns  (sys_clk_pin rise@10.000ns - sys_clk_pin rise@0.000ns)
  Data Path Delay:        2.712ns  (logic 2.034ns (74.996%)  route 0.678ns (25.004%))
  Logic Levels:           8  (CARRY4=7 LUT1=1)
  Clock Path Skew:        -0.029ns (DCD - SCD + CPR)
    Destination Clock Delay (DCD):    4.854ns = ( 14.854 - 10.000 ) 
    Source Clock Delay      (SCD):    5.157ns
    Clock Pessimism Removal (CPR):    0.274ns
  Clock Uncertainty:      0.035ns  ((TSJ^2 + TIJ^2)^1/2 + DJ) / 2 + PE
    Total System Jitter     (TSJ):    0.071ns
    Total Input Jitter      (TIJ):    0.000ns
    Discrete Jitter          (DJ):    0.000ns
    Phase Error              (PE):    0.000ns

    Location             Delay type                Incr(ns)  Path(ns)    Netlist Resource(s)
  -------------------------------------------------------------------    -------------------
                         (clock sys_clk_pin rise edge)
                                                      0.000     0.000 r  
    W5                                                0.000     0.000 r  clk (IN)
                         net (fo=0)                   0.000     0.000    clk
    W5                   IBUF (Prop_ibuf_I_O)         1.458     1.458 r  clk_IBUF_inst/O
                         net (fo=1, routed)           1.967     3.425    clk_IBUF
    BUFGCTRL_X0Y0        BUFG (Prop_bufg_I_O)         0.096     3.521 r  clk_IBUF_BUFG_inst/O
                         net (fo=31, routed)          1.636     5.157    pc_inst/clk
    SLICE_X1Y9           FDRE                                         r  pc_inst/PCout_reg[2]/C
  -------------------------------------------------------------------    -------------------
    SLICE_X1Y9           FDRE (Prop_fdre_C_Q)         0.456     5.613 f  pc_inst/PCout_reg[2]/Q
                         net (fo=3, routed)           0.678     6.291    pc_inst/PCout_reg[2]
    SLICE_X1Y9           LUT1 (Prop_lut1_I0_O)        0.124     6.415 r  pc_inst/PCout[1]_i_2/O
                         net (fo=1, routed)           0.000     6.415    pc_inst/PCout[1]_i_2_n_0
    SLICE_X1Y9           CARRY4 (Prop_carry4_S[1]_CO[3])
                                                      0.550     6.965 r  pc_inst/PCout_reg[1]_i_1/CO[3]
                         net (fo=1, routed)           0.000     6.965    pc_inst/PCout_reg[1]_i_1_n_0
    SLICE_X1Y10          CARRY4 (Prop_carry4_CI_CO[3])
                                                      0.114     7.079 r  pc_inst/PCout_reg[5]_i_1/CO[3]
                         net (fo=1, routed)           0.000     7.079    pc_inst/PCout_reg[5]_i_1_n_0
    SLICE_X1Y11          CARRY4 (Prop_carry4_CI_CO[3])
                                                      0.114     7.193 r  pc_inst/PCout_reg[9]_i_1/CO[3]
                         net (fo=1, routed)           0.000     7.193    pc_inst/PCout_reg[9]_i_1_n_0
    SLICE_X1Y12          CARRY4 (Prop_carry4_CI_CO[3])
                                                      0.114     7.307 r  pc_inst/PCout_reg[13]_i_1/CO[3]
                         net (fo=1, routed)           0.000     7.307    pc_inst/PCout_reg[13]_i_1_n_0
    SLICE_X1Y13          CARRY4 (Prop_carry4_CI_CO[3])
                                                      0.114     7.421 r  pc_inst/PCout_reg[17]_i_1/CO[3]
                         net (fo=1, routed)           0.000     7.421    pc_inst/PCout_reg[17]_i_1_n_0
    SLICE_X1Y14          CARRY4 (Prop_carry4_CI_CO[3])
                                                      0.114     7.535 r  pc_inst/PCout_reg[21]_i_1/CO[3]
                         net (fo=1, routed)           0.000     7.535    pc_inst/PCout_reg[21]_i_1_n_0
    SLICE_X1Y15          CARRY4 (Prop_carry4_CI_O[1])
                                                      0.334     7.869 r  pc_inst/PCout_reg[25]_i_1/O[1]
                         net (fo=1, routed)           0.000     7.869    pc_inst/PCout_reg[25]_i_1_n_6
    SLICE_X1Y15          FDRE                                         r  pc_inst/PCout_reg[26]/D
  -------------------------------------------------------------------    -------------------

                         (clock sys_clk_pin rise edge)
                                                     10.000    10.000 r  
    W5                                                0.000    10.000 r  clk (IN)
                         net (fo=0)                   0.000    10.000    clk
    W5                   IBUF (Prop_ibuf_I_O)         1.388    11.388 r  clk_IBUF_inst/O
                         net (fo=1, routed)           1.862    13.250    clk_IBUF
    BUFGCTRL_X0Y0        BUFG (Prop_bufg_I_O)         0.091    13.341 r  clk_IBUF_BUFG_inst/O
                         net (fo=31, routed)          1.513    14.854    pc_inst/clk
    SLICE_X1Y15          FDRE                                         r  pc_inst/PCout_reg[26]/C
                         clock pessimism              0.274    15.128    
                         clock uncertainty           -0.035    15.093    
    SLICE_X1Y15          FDRE (Setup_fdre_C_D)        0.062    15.155    pc_inst/PCout_reg[26]
  -------------------------------------------------------------------
                         required time                         15.155    
                         arrival time                          -7.869    
  -------------------------------------------------------------------
                         slack                                  7.286    

Slack (MET) :             7.307ns  (required time - arrival time)
  Source:                 pc_inst/PCout_reg[2]/C
                            (rising edge-triggered cell FDRE clocked by sys_clk_pin  {rise@0.000ns fall@5.000ns period=10.000ns})
  Destination:            pc_inst/PCout_reg[28]/D
                            (rising edge-triggered cell FDRE clocked by sys_clk_pin  {rise@0.000ns fall@5.000ns period=10.000ns})
  Path Group:             sys_clk_pin
  Path Type:              Setup (Max at Slow Process Corner)
  Requirement:            10.000ns  (sys_clk_pin rise@10.000ns - sys_clk_pin rise@0.000ns)
  Data Path Delay:        2.691ns  (logic 2.013ns (74.801%)  route 0.678ns (25.199%))
  Logic Levels:           8  (CARRY4=7 LUT1=1)
  Clock Path Skew:        -0.029ns (DCD - SCD + CPR)
    Destination Clock Delay (DCD):    4.854ns = ( 14.854 - 10.000 ) 
    Source Clock Delay      (SCD):    5.157ns
    Clock Pessimism Removal (CPR):    0.274ns
  Clock Uncertainty:      0.035ns  ((TSJ^2 + TIJ^2)^1/2 + DJ) / 2 + PE
    Total System Jitter     (TSJ):    0.071ns
    Total Input Jitter      (TIJ):    0.000ns
    Discrete Jitter          (DJ):    0.000ns
    Phase Error              (PE):    0.000ns

    Location             Delay type                Incr(ns)  Path(ns)    Netlist Resource(s)
  -------------------------------------------------------------------    -------------------
                         (clock sys_clk_pin rise edge)
                                                      0.000     0.000 r  
    W5                                                0.000     0.000 r  clk (IN)
                         net (fo=0)                   0.000     0.000    clk
    W5                   IBUF (Prop_ibuf_I_O)         1.458     1.458 r  clk_IBUF_inst/O
                         net (fo=1, routed)           1.967     3.425    clk_IBUF
    BUFGCTRL_X0Y0        BUFG (Prop_bufg_I_O)         0.096     3.521 r  clk_IBUF_BUFG_inst/O
                         net (fo=31, routed)          1.636     5.157    pc_inst/clk
    SLICE_X1Y9           FDRE                                         r  pc_inst/PCout_reg[2]/C
  -------------------------------------------------------------------    -------------------
    SLICE_X1Y9           FDRE (Prop_fdre_C_Q)         0.456     5.613 f  pc_inst/PCout_reg[2]/Q
                         net (fo=3, routed)           0.678     6.291    pc_inst/PCout_reg[2]
    SLICE_X1Y9           LUT1 (Prop_lut1_I0_O)        0.124     6.415 r  pc_inst/PCout[1]_i_2/O
                         net (fo=1, routed)           0.000     6.415    pc_inst/PCout[1]_i_2_n_0
    SLICE_X1Y9           CARRY4 (Prop_carry4_S[1]_CO[3])
                                                      0.550     6.965 r  pc_inst/PCout_reg[1]_i_1/CO[3]
                         net (fo=1, routed)           0.000     6.965    pc_inst/PCout_reg[1]_i_1_n_0
    SLICE_X1Y10          CARRY4 (Prop_carry4_CI_CO[3])
                                                      0.114     7.079 r  pc_inst/PCout_reg[5]_i_1/CO[3]
                         net (fo=1, routed)           0.000     7.079    pc_inst/PCout_reg[5]_i_1_n_0
    SLICE_X1Y11          CARRY4 (Prop_carry4_CI_CO[3])
                                                      0.114     7.193 r  pc_inst/PCout_reg[9]_i_1/CO[3]
                         net (fo=1, routed)           0.000     7.193    pc_inst/PCout_reg[9]_i_1_n_0
    SLICE_X1Y12          CARRY4 (Prop_carry4_CI_CO[3])
                                                      0.114     7.307 r  pc_inst/PCout_reg[13]_i_1/CO[3]
                         net (fo=1, routed)           0.000     7.307    pc_inst/PCout_reg[13]_i_1_n_0
    SLICE_X1Y13          CARRY4 (Prop_carry4_CI_CO[3])
                                                      0.114     7.421 r  pc_inst/PCout_reg[17]_i_1/CO[3]
                         net (fo=1, routed)           0.000     7.421    pc_inst/PCout_reg[17]_i_1_n_0
    SLICE_X1Y14          CARRY4 (Prop_carry4_CI_CO[3])
                                                      0.114     7.535 r  pc_inst/PCout_reg[21]_i_1/CO[3]
                         net (fo=1, routed)           0.000     7.535    pc_inst/PCout_reg[21]_i_1_n_0
    SLICE_X1Y15          CARRY4 (Prop_carry4_CI_O[3])
                                                      0.313     7.848 r  pc_inst/PCout_reg[25]_i_1/O[3]
                         net (fo=1, routed)           0.000     7.848    pc_inst/PCout_reg[25]_i_1_n_4
    SLICE_X1Y15          FDRE                                         r  pc_inst/PCout_reg[28]/D
  -------------------------------------------------------------------    -------------------

                         (clock sys_clk_pin rise edge)
                                                     10.000    10.000 r  
    W5                                                0.000    10.000 r  clk (IN)
                         net (fo=0)                   0.000    10.000    clk
    W5                   IBUF (Prop_ibuf_I_O)         1.388    11.388 r  clk_IBUF_inst/O
                         net (fo=1, routed)           1.862    13.250    clk_IBUF
    BUFGCTRL_X0Y0        BUFG (Prop_bufg_I_O)         0.091    13.341 r  clk_IBUF_BUFG_inst/O
                         net (fo=31, routed)          1.513    14.854    pc_inst/clk
    SLICE_X1Y15          FDRE                                         r  pc_inst/PCout_reg[28]/C
                         clock pessimism              0.274    15.128    
                         clock uncertainty           -0.035    15.093    
    SLICE_X1Y15          FDRE (Setup_fdre_C_D)        0.062    15.155    pc_inst/PCout_reg[28]
  -------------------------------------------------------------------
                         required time                         15.155    
                         arrival time                          -7.848    
  -------------------------------------------------------------------
                         slack                                  7.307    

Slack (MET) :             7.381ns  (required time - arrival time)
  Source:                 pc_inst/PCout_reg[2]/C
                            (rising edge-triggered cell FDRE clocked by sys_clk_pin  {rise@0.000ns fall@5.000ns period=10.000ns})
  Destination:            pc_inst/PCout_reg[27]/D
                            (rising edge-triggered cell FDRE clocked by sys_clk_pin  {rise@0.000ns fall@5.000ns period=10.000ns})
  Path Group:             sys_clk_pin
  Path Type:              Setup (Max at Slow Process Corner)
  Requirement:            10.000ns  (sys_clk_pin rise@10.000ns - sys_clk_pin rise@0.000ns)
  Data Path Delay:        2.617ns  (logic 1.939ns (74.089%)  route 0.678ns (25.911%))
  Logic Levels:           8  (CARRY4=7 LUT1=1)
  Clock Path Skew:        -0.029ns (DCD - SCD + CPR)
    Destination Clock Delay (DCD):    4.854ns = ( 14.854 - 10.000 ) 
    Source Clock Delay      (SCD):    5.157ns
    Clock Pessimism Removal (CPR):    0.274ns
  Clock Uncertainty:      0.035ns  ((TSJ^2 + TIJ^2)^1/2 + DJ) / 2 + PE
    Total System Jitter     (TSJ):    0.071ns
    Total Input Jitter      (TIJ):    0.000ns
    Discrete Jitter          (DJ):    0.000ns
    Phase Error              (PE):    0.000ns

    Location             Delay type                Incr(ns)  Path(ns)    Netlist Resource(s)
  -------------------------------------------------------------------    -------------------
                         (clock sys_clk_pin rise edge)
                                                      0.000     0.000 r  
    W5                                                0.000     0.000 r  clk (IN)
                         net (fo=0)                   0.000     0.000    clk
    W5                   IBUF (Prop_ibuf_I_O)         1.458     1.458 r  clk_IBUF_inst/O
                         net (fo=1, routed)           1.967     3.425    clk_IBUF
    BUFGCTRL_X0Y0        BUFG (Prop_bufg_I_O)         0.096     3.521 r  clk_IBUF_BUFG_inst/O
                         net (fo=31, routed)          1.636     5.157    pc_inst/clk
    SLICE_X1Y9           FDRE                                         r  pc_inst/PCout_reg[2]/C
  -------------------------------------------------------------------    -------------------
    SLICE_X1Y9           FDRE (Prop_fdre_C_Q)         0.456     5.613 f  pc_inst/PCout_reg[2]/Q
                         net (fo=3, routed)           0.678     6.291    pc_inst/PCout_reg[2]
    SLICE_X1Y9           LUT1 (Prop_lut1_I0_O)        0.124     6.415 r  pc_inst/PCout[1]_i_2/O
                         net (fo=1, routed)           0.000     6.415    pc_inst/PCout[1]_i_2_n_0
    SLICE_X1Y9           CARRY4 (Prop_carry4_S[1]_CO[3])
                                                      0.550     6.965 r  pc_inst/PCout_reg[1]_i_1/CO[3]
                         net (fo=1, routed)           0.000     6.965    pc_inst/PCout_reg[1]_i_1_n_0
    SLICE_X1Y10          CARRY4 (Prop_carry4_CI_CO[3])
                                                      0.114     7.079 r  pc_inst/PCout_reg[5]_i_1/CO[3]
                         net (fo=1, routed)           0.000     7.079    pc_inst/PCout_reg[5]_i_1_n_0
    SLICE_X1Y11          CARRY4 (Prop_carry4_CI_CO[3])
                                                      0.114     7.193 r  pc_inst/PCout_reg[9]_i_1/CO[3]
                         net (fo=1, routed)           0.000     7.193    pc_inst/PCout_reg[9]_i_1_n_0
    SLICE_X1Y12          CARRY4 (Prop_carry4_CI_CO[3])
                                                      0.114     7.307 r  pc_inst/PCout_reg[13]_i_1/CO[3]
                         net (fo=1, routed)           0.000     7.307    pc_inst/PCout_reg[13]_i_1_n_0
    SLICE_X1Y13          CARRY4 (Prop_carry4_CI_CO[3])
                                                      0.114     7.421 r  pc_inst/PCout_reg[17]_i_1/CO[3]
                         net (fo=1, routed)           0.000     7.421    pc_inst/PCout_reg[17]_i_1_n_0
    SLICE_X1Y14          CARRY4 (Prop_carry4_CI_CO[3])
                                                      0.114     7.535 r  pc_inst/PCout_reg[21]_i_1/CO[3]
                         net (fo=1, routed)           0.000     7.535    pc_inst/PCout_reg[21]_i_1_n_0
    SLICE_X1Y15          CARRY4 (Prop_carry4_CI_O[2])
                                                      0.239     7.774 r  pc_inst/PCout_reg[25]_i_1/O[2]
                         net (fo=1, routed)           0.000     7.774    pc_inst/PCout_reg[25]_i_1_n_5
    SLICE_X1Y15          FDRE                                         r  pc_inst/PCout_reg[27]/D
  -------------------------------------------------------------------    -------------------

                         (clock sys_clk_pin rise edge)
                                                     10.000    10.000 r  
    W5                                                0.000    10.000 r  clk (IN)
                         net (fo=0)                   0.000    10.000    clk
    W5                   IBUF (Prop_ibuf_I_O)         1.388    11.388 r  clk_IBUF_inst/O
                         net (fo=1, routed)           1.862    13.250    clk_IBUF
    BUFGCTRL_X0Y0        BUFG (Prop_bufg_I_O)         0.091    13.341 r  clk_IBUF_BUFG_inst/O
                         net (fo=31, routed)          1.513    14.854    pc_inst/clk
    SLICE_X1Y15          FDRE                                         r  pc_inst/PCout_reg[27]/C
                         clock pessimism              0.274    15.128    
                         clock uncertainty           -0.035    15.093    
    SLICE_X1Y15          FDRE (Setup_fdre_C_D)        0.062    15.155    pc_inst/PCout_reg[27]
  -------------------------------------------------------------------
                         required time                         15.155    
                         arrival time                          -7.774    
  -------------------------------------------------------------------
                         slack                                  7.381    

Slack (MET) :             7.397ns  (required time - arrival time)
  Source:                 pc_inst/PCout_reg[2]/C
                            (rising edge-triggered cell FDRE clocked by sys_clk_pin  {rise@0.000ns fall@5.000ns period=10.000ns})
  Destination:            pc_inst/PCout_reg[25]/D
                            (rising edge-triggered cell FDRE clocked by sys_clk_pin  {rise@0.000ns fall@5.000ns period=10.000ns})
  Path Group:             sys_clk_pin
  Path Type:              Setup (Max at Slow Process Corner)
  Requirement:            10.000ns  (sys_clk_pin rise@10.000ns - sys_clk_pin rise@0.000ns)
  Data Path Delay:        2.601ns  (logic 1.923ns (73.929%)  route 0.678ns (26.071%))
  Logic Levels:           8  (CARRY4=7 LUT1=1)
  Clock Path Skew:        -0.029ns (DCD - SCD + CPR)
    Destination Clock Delay (DCD):    4.854ns = ( 14.854 - 10.000 ) 
    Source Clock Delay      (SCD):    5.157ns
    Clock Pessimism Removal (CPR):    0.274ns
  Clock Uncertainty:      0.035ns  ((TSJ^2 + TIJ^2)^1/2 + DJ) / 2 + PE
    Total System Jitter     (TSJ):    0.071ns
    Total Input Jitter      (TIJ):    0.000ns
    Discrete Jitter          (DJ):    0.000ns
    Phase Error              (PE):    0.000ns

    Location             Delay type                Incr(ns)  Path(ns)    Netlist Resource(s)
  -------------------------------------------------------------------    -------------------
                         (clock sys_clk_pin rise edge)
                                                      0.000     0.000 r  
    W5                                                0.000     0.000 r  clk (IN)
                         net (fo=0)                   0.000     0.000    clk
    W5                   IBUF (Prop_ibuf_I_O)         1.458     1.458 r  clk_IBUF_inst/O
                         net (fo=1, routed)           1.967     3.425    clk_IBUF
    BUFGCTRL_X0Y0        BUFG (Prop_bufg_I_O)         0.096     3.521 r  clk_IBUF_BUFG_inst/O
                         net (fo=31, routed)          1.636     5.157    pc_inst/clk
    SLICE_X1Y9           FDRE                                         r  pc_inst/PCout_reg[2]/C
  -------------------------------------------------------------------    -------------------
    SLICE_X1Y9           FDRE (Prop_fdre_C_Q)         0.456     5.613 f  pc_inst/PCout_reg[2]/Q
                         net (fo=3, routed)           0.678     6.291    pc_inst/PCout_reg[2]
    SLICE_X1Y9           LUT1 (Prop_lut1_I0_O)        0.124     6.415 r  pc_inst/PCout[1]_i_2/O
                         net (fo=1, routed)           0.000     6.415    pc_inst/PCout[1]_i_2_n_0
    SLICE_X1Y9           CARRY4 (Prop_carry4_S[1]_CO[3])
                                                      0.550     6.965 r  pc_inst/PCout_reg[1]_i_1/CO[3]
                         net (fo=1, routed)           0.000     6.965    pc_inst/PCout_reg[1]_i_1_n_0
    SLICE_X1Y10          CARRY4 (Prop_carry4_CI_CO[3])
                                                      0.114     7.079 r  pc_inst/PCout_reg[5]_i_1/CO[3]
                         net (fo=1, routed)           0.000     7.079    pc_inst/PCout_reg[5]_i_1_n_0
    SLICE_X1Y11          CARRY4 (Prop_carry4_CI_CO[3])
                                                      0.114     7.193 r  pc_inst/PCout_reg[9]_i_1/CO[3]
                         net (fo=1, routed)           0.000     7.193    pc_inst/PCout_reg[9]_i_1_n_0
    SLICE_X1Y12          CARRY4 (Prop_carry4_CI_CO[3])
                                                      0.114     7.307 r  pc_inst/PCout_reg[13]_i_1/CO[3]
                         net (fo=1, routed)           0.000     7.307    pc_inst/PCout_reg[13]_i_1_n_0
    SLICE_X1Y13          CARRY4 (Prop_carry4_CI_CO[3])
                                                      0.114     7.421 r  pc_inst/PCout_reg[17]_i_1/CO[3]
                         net (fo=1, routed)           0.000     7.421    pc_inst/PCout_reg[17]_i_1_n_0
    SLICE_X1Y14          CARRY4 (Prop_carry4_CI_CO[3])
                                                      0.114     7.535 r  pc_inst/PCout_reg[21]_i_1/CO[3]
                         net (fo=1, routed)           0.000     7.535    pc_inst/PCout_reg[21]_i_1_n_0
    SLICE_X1Y15          CARRY4 (Prop_carry4_CI_O[0])
                                                      0.223     7.758 r  pc_inst/PCout_reg[25]_i_1/O[0]
                         net (fo=1, routed)           0.000     7.758    pc_inst/PCout_reg[25]_i_1_n_7
    SLICE_X1Y15          FDRE                                         r  pc_inst/PCout_reg[25]/D
  -------------------------------------------------------------------    -------------------

                         (clock sys_clk_pin rise edge)
                                                     10.000    10.000 r  
    W5                                                0.000    10.000 r  clk (IN)
                         net (fo=0)                   0.000    10.000    clk
    W5                   IBUF (Prop_ibuf_I_O)         1.388    11.388 r  clk_IBUF_inst/O
                         net (fo=1, routed)           1.862    13.250    clk_IBUF
    BUFGCTRL_X0Y0        BUFG (Prop_bufg_I_O)         0.091    13.341 r  clk_IBUF_BUFG_inst/O
                         net (fo=31, routed)          1.513    14.854    pc_inst/clk
    SLICE_X1Y15          FDRE                                         r  pc_inst/PCout_reg[25]/C
                         clock pessimism              0.274    15.128    
                         clock uncertainty           -0.035    15.093    
    SLICE_X1Y15          FDRE (Setup_fdre_C_D)        0.062    15.155    pc_inst/PCout_reg[25]
  -------------------------------------------------------------------
                         required time                         15.155    
                         arrival time                          -7.758    
  -------------------------------------------------------------------
                         slack                                  7.397    

Slack (MET) :             7.401ns  (required time - arrival time)
  Source:                 pc_inst/PCout_reg[2]/C
                            (rising edge-triggered cell FDRE clocked by sys_clk_pin  {rise@0.000ns fall@5.000ns period=10.000ns})
  Destination:            pc_inst/PCout_reg[22]/D
                            (rising edge-triggered cell FDRE clocked by sys_clk_pin  {rise@0.000ns fall@5.000ns period=10.000ns})
  Path Group:             sys_clk_pin
  Path Type:              Setup (Max at Slow Process Corner)
  Requirement:            10.000ns  (sys_clk_pin rise@10.000ns - sys_clk_pin rise@0.000ns)
  Data Path Delay:        2.598ns  (logic 1.920ns (73.899%)  route 0.678ns (26.101%))
  Logic Levels:           7  (CARRY4=6 LUT1=1)
  Clock Path Skew:        -0.028ns (DCD - SCD + CPR)
    Destination Clock Delay (DCD):    4.855ns = ( 14.855 - 10.000 ) 
    Source Clock Delay      (SCD):    5.157ns
    Clock Pessimism Removal (CPR):    0.274ns
  Clock Uncertainty:      0.035ns  ((TSJ^2 + TIJ^2)^1/2 + DJ) / 2 + PE
    Total System Jitter     (TSJ):    0.071ns
    Total Input Jitter      (TIJ):    0.000ns
    Discrete Jitter          (DJ):    0.000ns
    Phase Error              (PE):    0.000ns

    Location             Delay type                Incr(ns)  Path(ns)    Netlist Resource(s)
  -------------------------------------------------------------------    -------------------
                         (clock sys_clk_pin rise edge)
                                                      0.000     0.000 r  
    W5                                                0.000     0.000 r  clk (IN)
                         net (fo=0)                   0.000     0.000    clk
    W5                   IBUF (Prop_ibuf_I_O)         1.458     1.458 r  clk_IBUF_inst/O
                         net (fo=1, routed)           1.967     3.425    clk_IBUF
    BUFGCTRL_X0Y0        BUFG (Prop_bufg_I_O)         0.096     3.521 r  clk_IBUF_BUFG_inst/O
                         net (fo=31, routed)          1.636     5.157    pc_inst/clk
    SLICE_X1Y9           FDRE                                         r  pc_inst/PCout_reg[2]/C
  -------------------------------------------------------------------    -------------------
    SLICE_X1Y9           FDRE (Prop_fdre_C_Q)         0.456     5.613 f  pc_inst/PCout_reg[2]/Q
                         net (fo=3, routed)           0.678     6.291    pc_inst/PCout_reg[2]
    SLICE_X1Y9           LUT1 (Prop_lut1_I0_O)        0.124     6.415 r  pc_inst/PCout[1]_i_2/O
                         net (fo=1, routed)           0.000     6.415    pc_inst/PCout[1]_i_2_n_0
    SLICE_X1Y9           CARRY4 (Prop_carry4_S[1]_CO[3])
                                                      0.550     6.965 r  pc_inst/PCout_reg[1]_i_1/CO[3]
                         net (fo=1, routed)           0.000     6.965    pc_inst/PCout_reg[1]_i_1_n_0
    SLICE_X1Y10          CARRY4 (Prop_carry4_CI_CO[3])
                                                      0.114     7.079 r  pc_inst/PCout_reg[5]_i_1/CO[3]
                         net (fo=1, routed)           0.000     7.079    pc_inst/PCout_reg[5]_i_1_n_0
    SLICE_X1Y11          CARRY4 (Prop_carry4_CI_CO[3])
                                                      0.114     7.193 r  pc_inst/PCout_reg[9]_i_1/CO[3]
                         net (fo=1, routed)           0.000     7.193    pc_inst/PCout_reg[9]_i_1_n_0
    SLICE_X1Y12          CARRY4 (Prop_carry4_CI_CO[3])
                                                      0.114     7.307 r  pc_inst/PCout_reg[13]_i_1/CO[3]
                         net (fo=1, routed)           0.000     7.307    pc_inst/PCout_reg[13]_i_1_n_0
    SLICE_X1Y13          CARRY4 (Prop_carry4_CI_CO[3])
                                                      0.114     7.421 r  pc_inst/PCout_reg[17]_i_1/CO[3]
                         net (fo=1, routed)           0.000     7.421    pc_inst/PCout_reg[17]_i_1_n_0
    SLICE_X1Y14          CARRY4 (Prop_carry4_CI_O[1])
                                                      0.334     7.755 r  pc_inst/PCout_reg[21]_i_1/O[1]
                         net (fo=1, routed)           0.000     7.755    pc_inst/PCout_reg[21]_i_1_n_6
    SLICE_X1Y14          FDRE                                         r  pc_inst/PCout_reg[22]/D
  -------------------------------------------------------------------    -------------------

                         (clock sys_clk_pin rise edge)
                                                     10.000    10.000 r  
    W5                                                0.000    10.000 r  clk (IN)
                         net (fo=0)                   0.000    10.000    clk
    W5                   IBUF (Prop_ibuf_I_O)         1.388    11.388 r  clk_IBUF_inst/O
                         net (fo=1, routed)           1.862    13.250    clk_IBUF
    BUFGCTRL_X0Y0        BUFG (Prop_bufg_I_O)         0.091    13.341 r  clk_IBUF_BUFG_inst/O
                         net (fo=31, routed)          1.514    14.855    pc_inst/clk
    SLICE_X1Y14          FDRE                                         r  pc_inst/PCout_reg[22]/C
                         clock pessimism              0.274    15.129    
                         clock uncertainty           -0.035    15.094    
    SLICE_X1Y14          FDRE (Setup_fdre_C_D)        0.062    15.156    pc_inst/PCout_reg[22]
  -------------------------------------------------------------------
                         required time                         15.156    
                         arrival time                          -7.755    
  -------------------------------------------------------------------
                         slack                                  7.401    

Slack (MET) :             7.422ns  (required time - arrival time)
  Source:                 pc_inst/PCout_reg[2]/C
                            (rising edge-triggered cell FDRE clocked by sys_clk_pin  {rise@0.000ns fall@5.000ns period=10.000ns})
  Destination:            pc_inst/PCout_reg[24]/D
                            (rising edge-triggered cell FDRE clocked by sys_clk_pin  {rise@0.000ns fall@5.000ns period=10.000ns})
  Path Group:             sys_clk_pin
  Path Type:              Setup (Max at Slow Process Corner)
  Requirement:            10.000ns  (sys_clk_pin rise@10.000ns - sys_clk_pin rise@0.000ns)
  Data Path Delay:        2.577ns  (logic 1.899ns (73.686%)  route 0.678ns (26.314%))
  Logic Levels:           7  (CARRY4=6 LUT1=1)
  Clock Path Skew:        -0.028ns (DCD - SCD + CPR)
    Destination Clock Delay (DCD):    4.855ns = ( 14.855 - 10.000 ) 
    Source Clock Delay      (SCD):    5.157ns
    Clock Pessimism Removal (CPR):    0.274ns
  Clock Uncertainty:      0.035ns  ((TSJ^2 + TIJ^2)^1/2 + DJ) / 2 + PE
    Total System Jitter     (TSJ):    0.071ns
    Total Input Jitter      (TIJ):    0.000ns
    Discrete Jitter          (DJ):    0.000ns
    Phase Error              (PE):    0.000ns

    Location             Delay type                Incr(ns)  Path(ns)    Netlist Resource(s)
  -------------------------------------------------------------------    -------------------
                         (clock sys_clk_pin rise edge)
                                                      0.000     0.000 r  
    W5                                                0.000     0.000 r  clk (IN)
                         net (fo=0)                   0.000     0.000    clk
    W5                   IBUF (Prop_ibuf_I_O)         1.458     1.458 r  clk_IBUF_inst/O
                         net (fo=1, routed)           1.967     3.425    clk_IBUF
    BUFGCTRL_X0Y0        BUFG (Prop_bufg_I_O)         0.096     3.521 r  clk_IBUF_BUFG_inst/O
                         net (fo=31, routed)          1.636     5.157    pc_inst/clk
    SLICE_X1Y9           FDRE                                         r  pc_inst/PCout_reg[2]/C
  -------------------------------------------------------------------    -------------------
    SLICE_X1Y9           FDRE (Prop_fdre_C_Q)         0.456     5.613 f  pc_inst/PCout_reg[2]/Q
                         net (fo=3, routed)           0.678     6.291    pc_inst/PCout_reg[2]
    SLICE_X1Y9           LUT1 (Prop_lut1_I0_O)        0.124     6.415 r  pc_inst/PCout[1]_i_2/O
                         net (fo=1, routed)           0.000     6.415    pc_inst/PCout[1]_i_2_n_0
    SLICE_X1Y9           CARRY4 (Prop_carry4_S[1]_CO[3])
                                                      0.550     6.965 r  pc_inst/PCout_reg[1]_i_1/CO[3]
                         net (fo=1, routed)           0.000     6.965    pc_inst/PCout_reg[1]_i_1_n_0
    SLICE_X1Y10          CARRY4 (Prop_carry4_CI_CO[3])
                                                      0.114     7.079 r  pc_inst/PCout_reg[5]_i_1/CO[3]
                         net (fo=1, routed)           0.000     7.079    pc_inst/PCout_reg[5]_i_1_n_0
    SLICE_X1Y11          CARRY4 (Prop_carry4_CI_CO[3])
                                                      0.114     7.193 r  pc_inst/PCout_reg[9]_i_1/CO[3]
                         net (fo=1, routed)           0.000     7.193    pc_inst/PCout_reg[9]_i_1_n_0
    SLICE_X1Y12          CARRY4 (Prop_carry4_CI_CO[3])
                                                      0.114     7.307 r  pc_inst/PCout_reg[13]_i_1/CO[3]
                         net (fo=1, routed)           0.000     7.307    pc_inst/PCout_reg[13]_i_1_n_0
    SLICE_X1Y13          CARRY4 (Prop_carry4_CI_CO[3])
                                                      0.114     7.421 r  pc_inst/PCout_reg[17]_i_1/CO[3]
                         net (fo=1, routed)           0.000     7.421    pc_inst/PCout_reg[17]_i_1_n_0
    SLICE_X1Y14          CARRY4 (Prop_carry4_CI_O[3])
                                                      0.313     7.734 r  pc_inst/PCout_reg[21]_i_1/O[3]
                         net (fo=1, routed)           0.000     7.734    pc_inst/PCout_reg[21]_i_1_n_4
    SLICE_X1Y14          FDRE                                         r  pc_inst/PCout_reg[24]/D
  -------------------------------------------------------------------    -------------------

                         (clock sys_clk_pin rise edge)
                                                     10.000    10.000 r  
    W5                                                0.000    10.000 r  clk (IN)
                         net (fo=0)                   0.000    10.000    clk
    W5                   IBUF (Prop_ibuf_I_O)         1.388    11.388 r  clk_IBUF_inst/O
                         net (fo=1, routed)           1.862    13.250    clk_IBUF
    BUFGCTRL_X0Y0        BUFG (Prop_bufg_I_O)         0.091    13.341 r  clk_IBUF_BUFG_inst/O
                         net (fo=31, routed)          1.514    14.855    pc_inst/clk
    SLICE_X1Y14          FDRE                                         r  pc_inst/PCout_reg[24]/C
                         clock pessimism              0.274    15.129    
                         clock uncertainty           -0.035    15.094    
    SLICE_X1Y14          FDRE (Setup_fdre_C_D)        0.062    15.156    pc_inst/PCout_reg[24]
  -------------------------------------------------------------------
                         required time                         15.156    
                         arrival time                          -7.734    
  -------------------------------------------------------------------
                         slack                                  7.422    

Slack (MET) :             7.496ns  (required time - arrival time)
  Source:                 pc_inst/PCout_reg[2]/C
                            (rising edge-triggered cell FDRE clocked by sys_clk_pin  {rise@0.000ns fall@5.000ns period=10.000ns})
  Destination:            pc_inst/PCout_reg[23]/D
                            (rising edge-triggered cell FDRE clocked by sys_clk_pin  {rise@0.000ns fall@5.000ns period=10.000ns})
  Path Group:             sys_clk_pin
  Path Type:              Setup (Max at Slow Process Corner)
  Requirement:            10.000ns  (sys_clk_pin rise@10.000ns - sys_clk_pin rise@0.000ns)
  Data Path Delay:        2.503ns  (logic 1.825ns (72.909%)  route 0.678ns (27.091%))
  Logic Levels:           7  (CARRY4=6 LUT1=1)
  Clock Path Skew:        -0.028ns (DCD - SCD + CPR)
    Destination Clock Delay (DCD):    4.855ns = ( 14.855 - 10.000 ) 
    Source Clock Delay      (SCD):    5.157ns
    Clock Pessimism Removal (CPR):    0.274ns
  Clock Uncertainty:      0.035ns  ((TSJ^2 + TIJ^2)^1/2 + DJ) / 2 + PE
    Total System Jitter     (TSJ):    0.071ns
    Total Input Jitter      (TIJ):    0.000ns
    Discrete Jitter          (DJ):    0.000ns
    Phase Error              (PE):    0.000ns

    Location             Delay type                Incr(ns)  Path(ns)    Netlist Resource(s)
  -------------------------------------------------------------------    -------------------
                         (clock sys_clk_pin rise edge)
                                                      0.000     0.000 r  
    W5                                                0.000     0.000 r  clk (IN)
                         net (fo=0)                   0.000     0.000    clk
    W5                   IBUF (Prop_ibuf_I_O)         1.458     1.458 r  clk_IBUF_inst/O
                         net (fo=1, routed)           1.967     3.425    clk_IBUF
    BUFGCTRL_X0Y0        BUFG (Prop_bufg_I_O)         0.096     3.521 r  clk_IBUF_BUFG_inst/O
                         net (fo=31, routed)          1.636     5.157    pc_inst/clk
    SLICE_X1Y9           FDRE                                         r  pc_inst/PCout_reg[2]/C
  -------------------------------------------------------------------    -------------------
    SLICE_X1Y9           FDRE (Prop_fdre_C_Q)         0.456     5.613 f  pc_inst/PCout_reg[2]/Q
                         net (fo=3, routed)           0.678     6.291    pc_inst/PCout_reg[2]
    SLICE_X1Y9           LUT1 (Prop_lut1_I0_O)        0.124     6.415 r  pc_inst/PCout[1]_i_2/O
                         net (fo=1, routed)           0.000     6.415    pc_inst/PCout[1]_i_2_n_0
    SLICE_X1Y9           CARRY4 (Prop_carry4_S[1]_CO[3])
                                                      0.550     6.965 r  pc_inst/PCout_reg[1]_i_1/CO[3]
                         net (fo=1, routed)           0.000     6.965    pc_inst/PCout_reg[1]_i_1_n_0
    SLICE_X1Y10          CARRY4 (Prop_carry4_CI_CO[3])
                                                      0.114     7.079 r  pc_inst/PCout_reg[5]_i_1/CO[3]
                         net (fo=1, routed)           0.000     7.079    pc_inst/PCout_reg[5]_i_1_n_0
    SLICE_X1Y11          CARRY4 (Prop_carry4_CI_CO[3])
                                                      0.114     7.193 r  pc_inst/PCout_reg[9]_i_1/CO[3]
                         net (fo=1, routed)           0.000     7.193    pc_inst/PCout_reg[9]_i_1_n_0
    SLICE_X1Y12          CARRY4 (Prop_carry4_CI_CO[3])
                                                      0.114     7.307 r  pc_inst/PCout_reg[13]_i_1/CO[3]
                         net (fo=1, routed)           0.000     7.307    pc_inst/PCout_reg[13]_i_1_n_0
    SLICE_X1Y13          CARRY4 (Prop_carry4_CI_CO[3])
                                                      0.114     7.421 r  pc_inst/PCout_reg[17]_i_1/CO[3]
                         net (fo=1, routed)           0.000     7.421    pc_inst/PCout_reg[17]_i_1_n_0
    SLICE_X1Y14          CARRY4 (Prop_carry4_CI_O[2])
                                                      0.239     7.660 r  pc_inst/PCout_reg[21]_i_1/O[2]
                         net (fo=1, routed)           0.000     7.660    pc_inst/PCout_reg[21]_i_1_n_5
    SLICE_X1Y14          FDRE                                         r  pc_inst/PCout_reg[23]/D
  -------------------------------------------------------------------    -------------------

                         (clock sys_clk_pin rise edge)
                                                     10.000    10.000 r  
    W5                                                0.000    10.000 r  clk (IN)
                         net (fo=0)                   0.000    10.000    clk
    W5                   IBUF (Prop_ibuf_I_O)         1.388    11.388 r  clk_IBUF_inst/O
                         net (fo=1, routed)           1.862    13.250    clk_IBUF
    BUFGCTRL_X0Y0        BUFG (Prop_bufg_I_O)         0.091    13.341 r  clk_IBUF_BUFG_inst/O
                         net (fo=31, routed)          1.514    14.855    pc_inst/clk
    SLICE_X1Y14          FDRE                                         r  pc_inst/PCout_reg[23]/C
                         clock pessimism              0.274    15.129    
                         clock uncertainty           -0.035    15.094    
    SLICE_X1Y14          FDRE (Setup_fdre_C_D)        0.062    15.156    pc_inst/PCout_reg[23]
  -------------------------------------------------------------------
                         required time                         15.156    
                         arrival time                          -7.660    
  -------------------------------------------------------------------
                         slack                                  7.496    





Min Delay Paths
--------------------------------------------------------------------------------------
Slack (MET) :             0.261ns  (arrival time - required time)
  Source:                 pc_inst/PCout_reg[2]/C
                            (rising edge-triggered cell FDRE clocked by sys_clk_pin  {rise@0.000ns fall@5.000ns period=10.000ns})
  Destination:            pc_inst/PCout_reg[3]/D
                            (rising edge-triggered cell FDRE clocked by sys_clk_pin  {rise@0.000ns fall@5.000ns period=10.000ns})
  Path Group:             sys_clk_pin
  Path Type:              Hold (Min at Fast Process Corner)
  Requirement:            0.000ns  (sys_clk_pin rise@0.000ns - sys_clk_pin rise@0.000ns)
  Data Path Delay:        0.366ns  (logic 0.287ns (78.386%)  route 0.079ns (21.614%))
  Logic Levels:           1  (CARRY4=1)
  Clock Path Skew:        0.000ns (DCD - SCD - CPR)
    Destination Clock Delay (DCD):    1.992ns
    Source Clock Delay      (SCD):    1.477ns
    Clock Pessimism Removal (CPR):    0.515ns

    Location             Delay type                Incr(ns)  Path(ns)    Netlist Resource(s)
  -------------------------------------------------------------------    -------------------
                         (clock sys_clk_pin rise edge)
                                                      0.000     0.000 r  
    W5                                                0.000     0.000 r  clk (IN)
                         net (fo=0)                   0.000     0.000    clk
    W5                   IBUF (Prop_ibuf_I_O)         0.226     0.226 r  clk_IBUF_inst/O
                         net (fo=1, routed)           0.631     0.858    clk_IBUF
    BUFGCTRL_X0Y0        BUFG (Prop_bufg_I_O)         0.026     0.884 r  clk_IBUF_BUFG_inst/O
                         net (fo=31, routed)          0.594     1.477    pc_inst/clk
    SLICE_X1Y9           FDRE                                         r  pc_inst/PCout_reg[2]/C
  -------------------------------------------------------------------    -------------------
    SLICE_X1Y9           FDRE (Prop_fdre_C_Q)         0.141     1.618 r  pc_inst/PCout_reg[2]/Q
                         net (fo=3, routed)           0.079     1.697    pc_inst/PCout_reg[2]
    SLICE_X1Y9           CARRY4 (Prop_carry4_DI[1]_O[2])
                                                      0.146     1.843 r  pc_inst/PCout_reg[1]_i_1/O[2]
                         net (fo=1, routed)           0.000     1.843    pc_inst/PCout_reg[1]_i_1_n_5
    SLICE_X1Y9           FDRE                                         r  pc_inst/PCout_reg[3]/D
  -------------------------------------------------------------------    -------------------

                         (clock sys_clk_pin rise edge)
                                                      0.000     0.000 r  
    W5                                                0.000     0.000 r  clk (IN)
                         net (fo=0)                   0.000     0.000    clk
    W5                   IBUF (Prop_ibuf_I_O)         0.414     0.414 r  clk_IBUF_inst/O
                         net (fo=1, routed)           0.685     1.099    clk_IBUF
    BUFGCTRL_X0Y0        BUFG (Prop_bufg_I_O)         0.029     1.128 r  clk_IBUF_BUFG_inst/O
                         net (fo=31, routed)          0.865     1.992    pc_inst/clk
    SLICE_X1Y9           FDRE                                         r  pc_inst/PCout_reg[3]/C
                         clock pessimism             -0.515     1.477    
    SLICE_X1Y9           FDRE (Hold_fdre_C_D)         0.105     1.582    pc_inst/PCout_reg[3]
  -------------------------------------------------------------------
                         required time                         -1.582    
                         arrival time                           1.843    
  -------------------------------------------------------------------
                         slack                                  0.261    

Slack (MET) :             0.261ns  (arrival time - required time)
  Source:                 pc_inst/PCout_reg[16]/C
                            (rising edge-triggered cell FDRE clocked by sys_clk_pin  {rise@0.000ns fall@5.000ns period=10.000ns})
  Destination:            pc_inst/PCout_reg[16]/D
                            (rising edge-triggered cell FDRE clocked by sys_clk_pin  {rise@0.000ns fall@5.000ns period=10.000ns})
  Path Group:             sys_clk_pin
  Path Type:              Hold (Min at Fast Process Corner)
  Requirement:            0.000ns  (sys_clk_pin rise@0.000ns - sys_clk_pin rise@0.000ns)
  Data Path Delay:        0.366ns  (logic 0.249ns (67.994%)  route 0.117ns (32.006%))
  Logic Levels:           1  (CARRY4=1)
  Clock Path Skew:        0.000ns (DCD - SCD - CPR)
    Destination Clock Delay (DCD):    1.989ns
    Source Clock Delay      (SCD):    1.475ns
    Clock Pessimism Removal (CPR):    0.514ns

    Location             Delay type                Incr(ns)  Path(ns)    Netlist Resource(s)
  -------------------------------------------------------------------    -------------------
                         (clock sys_clk_pin rise edge)
                                                      0.000     0.000 r  
    W5                                                0.000     0.000 r  clk (IN)
                         net (fo=0)                   0.000     0.000    clk
    W5                   IBUF (Prop_ibuf_I_O)         0.226     0.226 r  clk_IBUF_inst/O
                         net (fo=1, routed)           0.631     0.858    clk_IBUF
    BUFGCTRL_X0Y0        BUFG (Prop_bufg_I_O)         0.026     0.884 r  clk_IBUF_BUFG_inst/O
                         net (fo=31, routed)          0.592     1.475    pc_inst/clk
    SLICE_X1Y12          FDRE                                         r  pc_inst/PCout_reg[16]/C
  -------------------------------------------------------------------    -------------------
    SLICE_X1Y12          FDRE (Prop_fdre_C_Q)         0.141     1.616 r  pc_inst/PCout_reg[16]/Q
                         net (fo=2, routed)           0.117     1.733    pc_inst/PCout_reg[16]
    SLICE_X1Y12          CARRY4 (Prop_carry4_S[3]_O[3])
                                                      0.108     1.841 r  pc_inst/PCout_reg[13]_i_1/O[3]
                         net (fo=1, routed)           0.000     1.841    pc_inst/PCout_reg[13]_i_1_n_4
    SLICE_X1Y12          FDRE                                         r  pc_inst/PCout_reg[16]/D
  -------------------------------------------------------------------    -------------------

                         (clock sys_clk_pin rise edge)
                                                      0.000     0.000 r  
    W5                                                0.000     0.000 r  clk (IN)
                         net (fo=0)                   0.000     0.000    clk
    W5                   IBUF (Prop_ibuf_I_O)         0.414     0.414 r  clk_IBUF_inst/O
                         net (fo=1, routed)           0.685     1.099    clk_IBUF
    BUFGCTRL_X0Y0        BUFG (Prop_bufg_I_O)         0.029     1.128 r  clk_IBUF_BUFG_inst/O
                         net (fo=31, routed)          0.862     1.989    pc_inst/clk
    SLICE_X1Y12          FDRE                                         r  pc_inst/PCout_reg[16]/C
                         clock pessimism             -0.514     1.475    
    SLICE_X1Y12          FDRE (Hold_fdre_C_D)         0.105     1.580    pc_inst/PCout_reg[16]
  -------------------------------------------------------------------
                         required time                         -1.580    
                         arrival time                           1.841    
  -------------------------------------------------------------------
                         slack                                  0.261    

Slack (MET) :             0.261ns  (arrival time - required time)
  Source:                 pc_inst/PCout_reg[12]/C
                            (rising edge-triggered cell FDRE clocked by sys_clk_pin  {rise@0.000ns fall@5.000ns period=10.000ns})
  Destination:            pc_inst/PCout_reg[12]/D
                            (rising edge-triggered cell FDRE clocked by sys_clk_pin  {rise@0.000ns fall@5.000ns period=10.000ns})
  Path Group:             sys_clk_pin
  Path Type:              Hold (Min at Fast Process Corner)
  Requirement:            0.000ns  (sys_clk_pin rise@0.000ns - sys_clk_pin rise@0.000ns)
  Data Path Delay:        0.366ns  (logic 0.249ns (67.994%)  route 0.117ns (32.006%))
  Logic Levels:           1  (CARRY4=1)
  Clock Path Skew:        0.000ns (DCD - SCD - CPR)
    Destination Clock Delay (DCD):    1.991ns
    Source Clock Delay      (SCD):    1.476ns
    Clock Pessimism Removal (CPR):    0.515ns

    Location             Delay type                Incr(ns)  Path(ns)    Netlist Resource(s)
  -------------------------------------------------------------------    -------------------
                         (clock sys_clk_pin rise edge)
                                                      0.000     0.000 r  
    W5                                                0.000     0.000 r  clk (IN)
                         net (fo=0)                   0.000     0.000    clk
    W5                   IBUF (Prop_ibuf_I_O)         0.226     0.226 r  clk_IBUF_inst/O
                         net (fo=1, routed)           0.631     0.858    clk_IBUF
    BUFGCTRL_X0Y0        BUFG (Prop_bufg_I_O)         0.026     0.884 r  clk_IBUF_BUFG_inst/O
                         net (fo=31, routed)          0.593     1.476    pc_inst/clk
    SLICE_X1Y11          FDRE                                         r  pc_inst/PCout_reg[12]/C
  -------------------------------------------------------------------    -------------------
    SLICE_X1Y11          FDRE (Prop_fdre_C_Q)         0.141     1.617 r  pc_inst/PCout_reg[12]/Q
                         net (fo=2, routed)           0.117     1.734    pc_inst/PCout_reg[12]
    SLICE_X1Y11          CARRY4 (Prop_carry4_S[3]_O[3])
                                                      0.108     1.842 r  pc_inst/PCout_reg[9]_i_1/O[3]
                         net (fo=1, routed)           0.000     1.842    pc_inst/PCout_reg[9]_i_1_n_4
    SLICE_X1Y11          FDRE                                         r  pc_inst/PCout_reg[12]/D
  -------------------------------------------------------------------    -------------------

                         (clock sys_clk_pin rise edge)
                                                      0.000     0.000 r  
    W5                                                0.000     0.000 r  clk (IN)
                         net (fo=0)                   0.000     0.000    clk
    W5                   IBUF (Prop_ibuf_I_O)         0.414     0.414 r  clk_IBUF_inst/O
                         net (fo=1, routed)           0.685     1.099    clk_IBUF
    BUFGCTRL_X0Y0        BUFG (Prop_bufg_I_O)         0.029     1.128 r  clk_IBUF_BUFG_inst/O
                         net (fo=31, routed)          0.864     1.991    pc_inst/clk
    SLICE_X1Y11          FDRE                                         r  pc_inst/PCout_reg[12]/C
                         clock pessimism             -0.515     1.476    
    SLICE_X1Y11          FDRE (Hold_fdre_C_D)         0.105     1.581    pc_inst/PCout_reg[12]
  -------------------------------------------------------------------
                         required time                         -1.581    
                         arrival time                           1.842    
  -------------------------------------------------------------------
                         slack                                  0.261    

Slack (MET) :             0.261ns  (arrival time - required time)
  Source:                 pc_inst/PCout_reg[24]/C
                            (rising edge-triggered cell FDRE clocked by sys_clk_pin  {rise@0.000ns fall@5.000ns period=10.000ns})
  Destination:            pc_inst/PCout_reg[24]/D
                            (rising edge-triggered cell FDRE clocked by sys_clk_pin  {rise@0.000ns fall@5.000ns period=10.000ns})
  Path Group:             sys_clk_pin
  Path Type:              Hold (Min at Fast Process Corner)
  Requirement:            0.000ns  (sys_clk_pin rise@0.000ns - sys_clk_pin rise@0.000ns)
  Data Path Delay:        0.366ns  (logic 0.249ns (67.994%)  route 0.117ns (32.006%))
  Logic Levels:           1  (CARRY4=1)
  Clock Path Skew:        0.000ns (DCD - SCD - CPR)
    Destination Clock Delay (DCD):    1.988ns
    Source Clock Delay      (SCD):    1.474ns
    Clock Pessimism Removal (CPR):    0.514ns

    Location             Delay type                Incr(ns)  Path(ns)    Netlist Resource(s)
  -------------------------------------------------------------------    -------------------
                         (clock sys_clk_pin rise edge)
                                                      0.000     0.000 r  
    W5                                                0.000     0.000 r  clk (IN)
                         net (fo=0)                   0.000     0.000    clk
    W5                   IBUF (Prop_ibuf_I_O)         0.226     0.226 r  clk_IBUF_inst/O
                         net (fo=1, routed)           0.631     0.858    clk_IBUF
    BUFGCTRL_X0Y0        BUFG (Prop_bufg_I_O)         0.026     0.884 r  clk_IBUF_BUFG_inst/O
                         net (fo=31, routed)          0.591     1.474    pc_inst/clk
    SLICE_X1Y14          FDRE                                         r  pc_inst/PCout_reg[24]/C
  -------------------------------------------------------------------    -------------------
    SLICE_X1Y14          FDRE (Prop_fdre_C_Q)         0.141     1.615 r  pc_inst/PCout_reg[24]/Q
                         net (fo=2, routed)           0.117     1.732    pc_inst/PCout_reg[24]
    SLICE_X1Y14          CARRY4 (Prop_carry4_S[3]_O[3])
                                                      0.108     1.840 r  pc_inst/PCout_reg[21]_i_1/O[3]
                         net (fo=1, routed)           0.000     1.840    pc_inst/PCout_reg[21]_i_1_n_4
    SLICE_X1Y14          FDRE                                         r  pc_inst/PCout_reg[24]/D
  -------------------------------------------------------------------    -------------------

                         (clock sys_clk_pin rise edge)
                                                      0.000     0.000 r  
    W5                                                0.000     0.000 r  clk (IN)
                         net (fo=0)                   0.000     0.000    clk
    W5                   IBUF (Prop_ibuf_I_O)         0.414     0.414 r  clk_IBUF_inst/O
                         net (fo=1, routed)           0.685     1.099    clk_IBUF
    BUFGCTRL_X0Y0        BUFG (Prop_bufg_I_O)         0.029     1.128 r  clk_IBUF_BUFG_inst/O
                         net (fo=31, routed)          0.861     1.988    pc_inst/clk
    SLICE_X1Y14          FDRE                                         r  pc_inst/PCout_reg[24]/C
                         clock pessimism             -0.514     1.474    
    SLICE_X1Y14          FDRE (Hold_fdre_C_D)         0.105     1.579    pc_inst/PCout_reg[24]
  -------------------------------------------------------------------
                         required time                         -1.579    
                         arrival time                           1.840    
  -------------------------------------------------------------------
                         slack                                  0.261    

Slack (MET) :             0.261ns  (arrival time - required time)
  Source:                 pc_inst/PCout_reg[28]/C
                            (rising edge-triggered cell FDRE clocked by sys_clk_pin  {rise@0.000ns fall@5.000ns period=10.000ns})
  Destination:            pc_inst/PCout_reg[28]/D
                            (rising edge-triggered cell FDRE clocked by sys_clk_pin  {rise@0.000ns fall@5.000ns period=10.000ns})
  Path Group:             sys_clk_pin
  Path Type:              Hold (Min at Fast Process Corner)
  Requirement:            0.000ns  (sys_clk_pin rise@0.000ns - sys_clk_pin rise@0.000ns)
  Data Path Delay:        0.366ns  (logic 0.249ns (67.994%)  route 0.117ns (32.006%))
  Logic Levels:           1  (CARRY4=1)
  Clock Path Skew:        0.000ns (DCD - SCD - CPR)
    Destination Clock Delay (DCD):    1.987ns
    Source Clock Delay      (SCD):    1.474ns
    Clock Pessimism Removal (CPR):    0.513ns

    Location             Delay type                Incr(ns)  Path(ns)    Netlist Resource(s)
  -------------------------------------------------------------------    -------------------
                         (clock sys_clk_pin rise edge)
                                                      0.000     0.000 r  
    W5                                                0.000     0.000 r  clk (IN)
                         net (fo=0)                   0.000     0.000    clk
    W5                   IBUF (Prop_ibuf_I_O)         0.226     0.226 r  clk_IBUF_inst/O
                         net (fo=1, routed)           0.631     0.858    clk_IBUF
    BUFGCTRL_X0Y0        BUFG (Prop_bufg_I_O)         0.026     0.884 r  clk_IBUF_BUFG_inst/O
                         net (fo=31, routed)          0.591     1.474    pc_inst/clk
    SLICE_X1Y15          FDRE                                         r  pc_inst/PCout_reg[28]/C
  -------------------------------------------------------------------    -------------------
    SLICE_X1Y15          FDRE (Prop_fdre_C_Q)         0.141     1.615 r  pc_inst/PCout_reg[28]/Q
                         net (fo=2, routed)           0.117     1.732    pc_inst/PCout_reg[28]
    SLICE_X1Y15          CARRY4 (Prop_carry4_S[3]_O[3])
                                                      0.108     1.840 r  pc_inst/PCout_reg[25]_i_1/O[3]
                         net (fo=1, routed)           0.000     1.840    pc_inst/PCout_reg[25]_i_1_n_4
    SLICE_X1Y15          FDRE                                         r  pc_inst/PCout_reg[28]/D
  -------------------------------------------------------------------    -------------------

                         (clock sys_clk_pin rise edge)
                                                      0.000     0.000 r  
    W5                                                0.000     0.000 r  clk (IN)
                         net (fo=0)                   0.000     0.000    clk
    W5                   IBUF (Prop_ibuf_I_O)         0.414     0.414 r  clk_IBUF_inst/O
                         net (fo=1, routed)           0.685     1.099    clk_IBUF
    BUFGCTRL_X0Y0        BUFG (Prop_bufg_I_O)         0.029     1.128 r  clk_IBUF_BUFG_inst/O
                         net (fo=31, routed)          0.860     1.987    pc_inst/clk
    SLICE_X1Y15          FDRE                                         r  pc_inst/PCout_reg[28]/C
                         clock pessimism             -0.513     1.474    
    SLICE_X1Y15          FDRE (Hold_fdre_C_D)         0.105     1.579    pc_inst/PCout_reg[28]
  -------------------------------------------------------------------
                         required time                         -1.579    
                         arrival time                           1.840    
  -------------------------------------------------------------------
                         slack                                  0.261    

Slack (MET) :             0.264ns  (arrival time - required time)
  Source:                 pc_inst/PCout_reg[20]/C
                            (rising edge-triggered cell FDRE clocked by sys_clk_pin  {rise@0.000ns fall@5.000ns period=10.000ns})
  Destination:            pc_inst/PCout_reg[20]/D
                            (rising edge-triggered cell FDRE clocked by sys_clk_pin  {rise@0.000ns fall@5.000ns period=10.000ns})
  Path Group:             sys_clk_pin
  Path Type:              Hold (Min at Fast Process Corner)
  Requirement:            0.000ns  (sys_clk_pin rise@0.000ns - sys_clk_pin rise@0.000ns)
  Data Path Delay:        0.369ns  (logic 0.249ns (67.424%)  route 0.120ns (32.576%))
  Logic Levels:           1  (CARRY4=1)
  Clock Path Skew:        0.000ns (DCD - SCD - CPR)
    Destination Clock Delay (DCD):    1.988ns
    Source Clock Delay      (SCD):    1.474ns
    Clock Pessimism Removal (CPR):    0.514ns

    Location             Delay type                Incr(ns)  Path(ns)    Netlist Resource(s)
  -------------------------------------------------------------------    -------------------
                         (clock sys_clk_pin rise edge)
                                                      0.000     0.000 r  
    W5                                                0.000     0.000 r  clk (IN)
                         net (fo=0)                   0.000     0.000    clk
    W5                   IBUF (Prop_ibuf_I_O)         0.226     0.226 r  clk_IBUF_inst/O
                         net (fo=1, routed)           0.631     0.858    clk_IBUF
    BUFGCTRL_X0Y0        BUFG (Prop_bufg_I_O)         0.026     0.884 r  clk_IBUF_BUFG_inst/O
                         net (fo=31, routed)          0.591     1.474    pc_inst/clk
    SLICE_X1Y13          FDRE                                         r  pc_inst/PCout_reg[20]/C
  -------------------------------------------------------------------    -------------------
    SLICE_X1Y13          FDRE (Prop_fdre_C_Q)         0.141     1.615 r  pc_inst/PCout_reg[20]/Q
                         net (fo=2, routed)           0.120     1.735    pc_inst/PCout_reg[20]
    SLICE_X1Y13          CARRY4 (Prop_carry4_S[3]_O[3])
                                                      0.108     1.843 r  pc_inst/PCout_reg[17]_i_1/O[3]
                         net (fo=1, routed)           0.000     1.843    pc_inst/PCout_reg[17]_i_1_n_4
    SLICE_X1Y13          FDRE                                         r  pc_inst/PCout_reg[20]/D
  -------------------------------------------------------------------    -------------------

                         (clock sys_clk_pin rise edge)
                                                      0.000     0.000 r  
    W5                                                0.000     0.000 r  clk (IN)
                         net (fo=0)                   0.000     0.000    clk
    W5                   IBUF (Prop_ibuf_I_O)         0.414     0.414 r  clk_IBUF_inst/O
                         net (fo=1, routed)           0.685     1.099    clk_IBUF
    BUFGCTRL_X0Y0        BUFG (Prop_bufg_I_O)         0.029     1.128 r  clk_IBUF_BUFG_inst/O
                         net (fo=31, routed)          0.861     1.988    pc_inst/clk
    SLICE_X1Y13          FDRE                                         r  pc_inst/PCout_reg[20]/C
                         clock pessimism             -0.514     1.474    
    SLICE_X1Y13          FDRE (Hold_fdre_C_D)         0.105     1.579    pc_inst/PCout_reg[20]
  -------------------------------------------------------------------
                         required time                         -1.579    
                         arrival time                           1.843    
  -------------------------------------------------------------------
                         slack                                  0.264    

Slack (MET) :             0.264ns  (arrival time - required time)
  Source:                 pc_inst/PCout_reg[4]/C
                            (rising edge-triggered cell FDRE clocked by sys_clk_pin  {rise@0.000ns fall@5.000ns period=10.000ns})
  Destination:            pc_inst/PCout_reg[4]/D
                            (rising edge-triggered cell FDRE clocked by sys_clk_pin  {rise@0.000ns fall@5.000ns period=10.000ns})
  Path Group:             sys_clk_pin
  Path Type:              Hold (Min at Fast Process Corner)
  Requirement:            0.000ns  (sys_clk_pin rise@0.000ns - sys_clk_pin rise@0.000ns)
  Data Path Delay:        0.369ns  (logic 0.249ns (67.424%)  route 0.120ns (32.576%))
  Logic Levels:           1  (CARRY4=1)
  Clock Path Skew:        0.000ns (DCD - SCD - CPR)
    Destination Clock Delay (DCD):    1.992ns
    Source Clock Delay      (SCD):    1.477ns
    Clock Pessimism Removal (CPR):    0.515ns

    Location             Delay type                Incr(ns)  Path(ns)    Netlist Resource(s)
  -------------------------------------------------------------------    -------------------
                         (clock sys_clk_pin rise edge)
                                                      0.000     0.000 r  
    W5                                                0.000     0.000 r  clk (IN)
                         net (fo=0)                   0.000     0.000    clk
    W5                   IBUF (Prop_ibuf_I_O)         0.226     0.226 r  clk_IBUF_inst/O
                         net (fo=1, routed)           0.631     0.858    clk_IBUF
    BUFGCTRL_X0Y0        BUFG (Prop_bufg_I_O)         0.026     0.884 r  clk_IBUF_BUFG_inst/O
                         net (fo=31, routed)          0.594     1.477    pc_inst/clk
    SLICE_X1Y9           FDRE                                         r  pc_inst/PCout_reg[4]/C
  -------------------------------------------------------------------    -------------------
    SLICE_X1Y9           FDRE (Prop_fdre_C_Q)         0.141     1.618 r  pc_inst/PCout_reg[4]/Q
                         net (fo=2, routed)           0.120     1.738    pc_inst/PCout_reg[4]
    SLICE_X1Y9           CARRY4 (Prop_carry4_S[3]_O[3])
                                                      0.108     1.846 r  pc_inst/PCout_reg[1]_i_1/O[3]
                         net (fo=1, routed)           0.000     1.846    pc_inst/PCout_reg[1]_i_1_n_4
    SLICE_X1Y9           FDRE                                         r  pc_inst/PCout_reg[4]/D
  -------------------------------------------------------------------    -------------------

                         (clock sys_clk_pin rise edge)
                                                      0.000     0.000 r  
    W5                                                0.000     0.000 r  clk (IN)
                         net (fo=0)                   0.000     0.000    clk
    W5                   IBUF (Prop_ibuf_I_O)         0.414     0.414 r  clk_IBUF_inst/O
                         net (fo=1, routed)           0.685     1.099    clk_IBUF
    BUFGCTRL_X0Y0        BUFG (Prop_bufg_I_O)         0.029     1.128 r  clk_IBUF_BUFG_inst/O
                         net (fo=31, routed)          0.865     1.992    pc_inst/clk
    SLICE_X1Y9           FDRE                                         r  pc_inst/PCout_reg[4]/C
                         clock pessimism             -0.515     1.477    
    SLICE_X1Y9           FDRE (Hold_fdre_C_D)         0.105     1.582    pc_inst/PCout_reg[4]
  -------------------------------------------------------------------
                         required time                         -1.582    
                         arrival time                           1.846    
  -------------------------------------------------------------------
                         slack                                  0.264    

Slack (MET) :             0.264ns  (arrival time - required time)
  Source:                 pc_inst/PCout_reg[8]/C
                            (rising edge-triggered cell FDRE clocked by sys_clk_pin  {rise@0.000ns fall@5.000ns period=10.000ns})
  Destination:            pc_inst/PCout_reg[8]/D
                            (rising edge-triggered cell FDRE clocked by sys_clk_pin  {rise@0.000ns fall@5.000ns period=10.000ns})
  Path Group:             sys_clk_pin
  Path Type:              Hold (Min at Fast Process Corner)
  Requirement:            0.000ns  (sys_clk_pin rise@0.000ns - sys_clk_pin rise@0.000ns)
  Data Path Delay:        0.369ns  (logic 0.249ns (67.424%)  route 0.120ns (32.576%))
  Logic Levels:           1  (CARRY4=1)
  Clock Path Skew:        0.000ns (DCD - SCD - CPR)
    Destination Clock Delay (DCD):    1.991ns
    Source Clock Delay      (SCD):    1.476ns
    Clock Pessimism Removal (CPR):    0.515ns

    Location             Delay type                Incr(ns)  Path(ns)    Netlist Resource(s)
  -------------------------------------------------------------------    -------------------
                         (clock sys_clk_pin rise edge)
                                                      0.000     0.000 r  
    W5                                                0.000     0.000 r  clk (IN)
                         net (fo=0)                   0.000     0.000    clk
    W5                   IBUF (Prop_ibuf_I_O)         0.226     0.226 r  clk_IBUF_inst/O
                         net (fo=1, routed)           0.631     0.858    clk_IBUF
    BUFGCTRL_X0Y0        BUFG (Prop_bufg_I_O)         0.026     0.884 r  clk_IBUF_BUFG_inst/O
                         net (fo=31, routed)          0.593     1.476    pc_inst/clk
    SLICE_X1Y10          FDRE                                         r  pc_inst/PCout_reg[8]/C
  -------------------------------------------------------------------    -------------------
    SLICE_X1Y10          FDRE (Prop_fdre_C_Q)         0.141     1.617 r  pc_inst/PCout_reg[8]/Q
                         net (fo=2, routed)           0.120     1.737    pc_inst/PCout_reg[8]
    SLICE_X1Y10          CARRY4 (Prop_carry4_S[3]_O[3])
                                                      0.108     1.845 r  pc_inst/PCout_reg[5]_i_1/O[3]
                         net (fo=1, routed)           0.000     1.845    pc_inst/PCout_reg[5]_i_1_n_4
    SLICE_X1Y10          FDRE                                         r  pc_inst/PCout_reg[8]/D
  -------------------------------------------------------------------    -------------------

                         (clock sys_clk_pin rise edge)
                                                      0.000     0.000 r  
    W5                                                0.000     0.000 r  clk (IN)
                         net (fo=0)                   0.000     0.000    clk
    W5                   IBUF (Prop_ibuf_I_O)         0.414     0.414 r  clk_IBUF_inst/O
                         net (fo=1, routed)           0.685     1.099    clk_IBUF
    BUFGCTRL_X0Y0        BUFG (Prop_bufg_I_O)         0.029     1.128 r  clk_IBUF_BUFG_inst/O
                         net (fo=31, routed)          0.864     1.991    pc_inst/clk
    SLICE_X1Y10          FDRE                                         r  pc_inst/PCout_reg[8]/C
                         clock pessimism             -0.515     1.476    
    SLICE_X1Y10          FDRE (Hold_fdre_C_D)         0.105     1.581    pc_inst/PCout_reg[8]
  -------------------------------------------------------------------
                         required time                         -1.581    
                         arrival time                           1.845    
  -------------------------------------------------------------------
                         slack                                  0.264    

Slack (MET) :             0.266ns  (arrival time - required time)
  Source:                 pc_inst/PCout_reg[1]/C
                            (rising edge-triggered cell FDRE clocked by sys_clk_pin  {rise@0.000ns fall@5.000ns period=10.000ns})
  Destination:            pc_inst/PCout_reg[1]/D
                            (rising edge-triggered cell FDRE clocked by sys_clk_pin  {rise@0.000ns fall@5.000ns period=10.000ns})
  Path Group:             sys_clk_pin
  Path Type:              Hold (Min at Fast Process Corner)
  Requirement:            0.000ns  (sys_clk_pin rise@0.000ns - sys_clk_pin rise@0.000ns)
  Data Path Delay:        0.371ns  (logic 0.256ns (68.984%)  route 0.115ns (31.016%))
  Logic Levels:           1  (CARRY4=1)
  Clock Path Skew:        0.000ns (DCD - SCD - CPR)
    Destination Clock Delay (DCD):    1.992ns
    Source Clock Delay      (SCD):    1.477ns
    Clock Pessimism Removal (CPR):    0.515ns

    Location             Delay type                Incr(ns)  Path(ns)    Netlist Resource(s)
  -------------------------------------------------------------------    -------------------
                         (clock sys_clk_pin rise edge)
                                                      0.000     0.000 r  
    W5                                                0.000     0.000 r  clk (IN)
                         net (fo=0)                   0.000     0.000    clk
    W5                   IBUF (Prop_ibuf_I_O)         0.226     0.226 r  clk_IBUF_inst/O
                         net (fo=1, routed)           0.631     0.858    clk_IBUF
    BUFGCTRL_X0Y0        BUFG (Prop_bufg_I_O)         0.026     0.884 r  clk_IBUF_BUFG_inst/O
                         net (fo=31, routed)          0.594     1.477    pc_inst/clk
    SLICE_X1Y9           FDRE                                         r  pc_inst/PCout_reg[1]/C
  -------------------------------------------------------------------    -------------------
    SLICE_X1Y9           FDRE (Prop_fdre_C_Q)         0.141     1.618 r  pc_inst/PCout_reg[1]/Q
                         net (fo=2, routed)           0.115     1.733    pc_inst/PCout[1]
    SLICE_X1Y9           CARRY4 (Prop_carry4_S[0]_O[0])
                                                      0.115     1.848 r  pc_inst/PCout_reg[1]_i_1/O[0]
                         net (fo=1, routed)           0.000     1.848    pc_inst/PCout_reg[1]_i_1_n_7
    SLICE_X1Y9           FDRE                                         r  pc_inst/PCout_reg[1]/D
  -------------------------------------------------------------------    -------------------

                         (clock sys_clk_pin rise edge)
                                                      0.000     0.000 r  
    W5                                                0.000     0.000 r  clk (IN)
                         net (fo=0)                   0.000     0.000    clk
    W5                   IBUF (Prop_ibuf_I_O)         0.414     0.414 r  clk_IBUF_inst/O
                         net (fo=1, routed)           0.685     1.099    clk_IBUF
    BUFGCTRL_X0Y0        BUFG (Prop_bufg_I_O)         0.029     1.128 r  clk_IBUF_BUFG_inst/O
                         net (fo=31, routed)          0.865     1.992    pc_inst/clk
    SLICE_X1Y9           FDRE                                         r  pc_inst/PCout_reg[1]/C
                         clock pessimism             -0.515     1.477    
    SLICE_X1Y9           FDRE (Hold_fdre_C_D)         0.105     1.582    pc_inst/PCout_reg[1]
  -------------------------------------------------------------------
                         required time                         -1.582    
                         arrival time                           1.848    
  -------------------------------------------------------------------
                         slack                                  0.266    

Slack (MET) :             0.267ns  (arrival time - required time)
  Source:                 pc_inst/PCout_reg[21]/C
                            (rising edge-triggered cell FDRE clocked by sys_clk_pin  {rise@0.000ns fall@5.000ns period=10.000ns})
  Destination:            pc_inst/PCout_reg[21]/D
                            (rising edge-triggered cell FDRE clocked by sys_clk_pin  {rise@0.000ns fall@5.000ns period=10.000ns})
  Path Group:             sys_clk_pin
  Path Type:              Hold (Min at Fast Process Corner)
  Requirement:            0.000ns  (sys_clk_pin rise@0.000ns - sys_clk_pin rise@0.000ns)
  Data Path Delay:        0.372ns  (logic 0.256ns (68.766%)  route 0.116ns (31.234%))
  Logic Levels:           1  (CARRY4=1)
  Clock Path Skew:        0.000ns (DCD - SCD - CPR)
    Destination Clock Delay (DCD):    1.988ns
    Source Clock Delay      (SCD):    1.474ns
    Clock Pessimism Removal (CPR):    0.514ns

    Location             Delay type                Incr(ns)  Path(ns)    Netlist Resource(s)
  -------------------------------------------------------------------    -------------------
                         (clock sys_clk_pin rise edge)
                                                      0.000     0.000 r  
    W5                                                0.000     0.000 r  clk (IN)
                         net (fo=0)                   0.000     0.000    clk
    W5                   IBUF (Prop_ibuf_I_O)         0.226     0.226 r  clk_IBUF_inst/O
                         net (fo=1, routed)           0.631     0.858    clk_IBUF
    BUFGCTRL_X0Y0        BUFG (Prop_bufg_I_O)         0.026     0.884 r  clk_IBUF_BUFG_inst/O
                         net (fo=31, routed)          0.591     1.474    pc_inst/clk
    SLICE_X1Y14          FDRE                                         r  pc_inst/PCout_reg[21]/C
  -------------------------------------------------------------------    -------------------
    SLICE_X1Y14          FDRE (Prop_fdre_C_Q)         0.141     1.615 r  pc_inst/PCout_reg[21]/Q
                         net (fo=2, routed)           0.116     1.731    pc_inst/PCout_reg[21]
    SLICE_X1Y14          CARRY4 (Prop_carry4_S[0]_O[0])
                                                      0.115     1.846 r  pc_inst/PCout_reg[21]_i_1/O[0]
                         net (fo=1, routed)           0.000     1.846    pc_inst/PCout_reg[21]_i_1_n_7
    SLICE_X1Y14          FDRE                                         r  pc_inst/PCout_reg[21]/D
  -------------------------------------------------------------------    -------------------

                         (clock sys_clk_pin rise edge)
                                                      0.000     0.000 r  
    W5                                                0.000     0.000 r  clk (IN)
                         net (fo=0)                   0.000     0.000    clk
    W5                   IBUF (Prop_ibuf_I_O)         0.414     0.414 r  clk_IBUF_inst/O
                         net (fo=1, routed)           0.685     1.099    clk_IBUF
    BUFGCTRL_X0Y0        BUFG (Prop_bufg_I_O)         0.029     1.128 r  clk_IBUF_BUFG_inst/O
                         net (fo=31, routed)          0.861     1.988    pc_inst/clk
    SLICE_X1Y14          FDRE                                         r  pc_inst/PCout_reg[21]/C
                         clock pessimism             -0.514     1.474    
    SLICE_X1Y14          FDRE (Hold_fdre_C_D)         0.105     1.579    pc_inst/PCout_reg[21]
  -------------------------------------------------------------------
                         required time                         -1.579    
                         arrival time                           1.846    
  -------------------------------------------------------------------
                         slack                                  0.267    





Pulse Width Checks
--------------------------------------------------------------------------------------
Clock Name:         sys_clk_pin
Waveform(ns):       { 0.000 5.000 }
Period(ns):         10.000
Sources:            { clk }

Check Type        Corner  Lib Pin  Reference Pin  Required(ns)  Actual(ns)  Slack(ns)  Location       Pin
Min Period        n/a     BUFG/I   n/a            2.155         10.000      7.845      BUFGCTRL_X0Y0  clk_IBUF_BUFG_inst/I
Min Period        n/a     FDRE/C   n/a            1.000         10.000      9.000      SLICE_X1Y11    pc_inst/PCout_reg[10]/C
Min Period        n/a     FDRE/C   n/a            1.000         10.000      9.000      SLICE_X1Y11    pc_inst/PCout_reg[11]/C
Min Period        n/a     FDRE/C   n/a            1.000         10.000      9.000      SLICE_X1Y11    pc_inst/PCout_reg[12]/C
Min Period        n/a     FDRE/C   n/a            1.000         10.000      9.000      SLICE_X1Y12    pc_inst/PCout_reg[13]/C
Min Period        n/a     FDRE/C   n/a            1.000         10.000      9.000      SLICE_X1Y12    pc_inst/PCout_reg[14]/C
Min Period        n/a     FDRE/C   n/a            1.000         10.000      9.000      SLICE_X1Y12    pc_inst/PCout_reg[15]/C
Min Period        n/a     FDRE/C   n/a            1.000         10.000      9.000      SLICE_X1Y12    pc_inst/PCout_reg[16]/C
Min Period        n/a     FDRE/C   n/a            1.000         10.000      9.000      SLICE_X1Y13    pc_inst/PCout_reg[17]/C
Min Period        n/a     FDRE/C   n/a            1.000         10.000      9.000      SLICE_X1Y13    pc_inst/PCout_reg[18]/C
Low Pulse Width   Fast    FDRE/C   n/a            0.500         5.000       4.500      SLICE_X1Y11    pc_inst/PCout_reg[10]/C
Low Pulse Width   Fast    FDRE/C   n/a            0.500         5.000       4.500      SLICE_X1Y11    pc_inst/PCout_reg[11]/C
Low Pulse Width   Fast    FDRE/C   n/a            0.500         5.000       4.500      SLICE_X1Y11    pc_inst/PCout_reg[12]/C
Low Pulse Width   Fast    FDRE/C   n/a            0.500         5.000       4.500      SLICE_X1Y12    pc_inst/PCout_reg[13]/C
Low Pulse Width   Fast    FDRE/C   n/a            0.500         5.000       4.500      SLICE_X1Y12    pc_inst/PCout_reg[14]/C
Low Pulse Width   Fast    FDRE/C   n/a            0.500         5.000       4.500      SLICE_X1Y12    pc_inst/PCout_reg[15]/C
Low Pulse Width   Fast    FDRE/C   n/a            0.500         5.000       4.500      SLICE_X1Y12    pc_inst/PCout_reg[16]/C
Low Pulse Width   Fast    FDRE/C   n/a            0.500         5.000       4.500      SLICE_X1Y13    pc_inst/PCout_reg[17]/C
Low Pulse Width   Fast    FDRE/C   n/a            0.500         5.000       4.500      SLICE_X1Y13    pc_inst/PCout_reg[18]/C
Low Pulse Width   Fast    FDRE/C   n/a            0.500         5.000       4.500      SLICE_X1Y13    pc_inst/PCout_reg[19]/C
High Pulse Width  Slow    FDRE/C   n/a            0.500         5.000       4.500      SLICE_X1Y15    pc_inst/PCout_reg[25]/C
High Pulse Width  Slow    FDRE/C   n/a            0.500         5.000       4.500      SLICE_X1Y15    pc_inst/PCout_reg[26]/C
High Pulse Width  Slow    FDRE/C   n/a            0.500         5.000       4.500      SLICE_X1Y15    pc_inst/PCout_reg[27]/C
High Pulse Width  Slow    FDRE/C   n/a            0.500         5.000       4.500      SLICE_X1Y15    pc_inst/PCout_reg[28]/C
High Pulse Width  Slow    FDRE/C   n/a            0.500         5.000       4.500      SLICE_X1Y16    pc_inst/PCout_reg[29]/C
High Pulse Width  Fast    FDRE/C   n/a            0.500         5.000       4.500      SLICE_X1Y16    pc_inst/PCout_reg[29]/C
High Pulse Width  Slow    FDRE/C   n/a            0.500         5.000       4.500      SLICE_X1Y16    pc_inst/PCout_reg[30]/C
High Pulse Width  Fast    FDRE/C   n/a            0.500         5.000       4.500      SLICE_X1Y16    pc_inst/PCout_reg[30]/C
High Pulse Width  Slow    FDRE/C   n/a            0.500         5.000       4.500      SLICE_X1Y16    pc_inst/PCout_reg[31]/C
High Pulse Width  Fast    FDRE/C   n/a            0.500         5.000       4.500      SLICE_X1Y16    pc_inst/PCout_reg[31]/C



