#-----------------------------------------------------------
# Vivado v2020.1 (64-bit)
# SW Build 2902540 on Wed May 27 19:54:49 MDT 2020
# IP Build 2902112 on Wed May 27 22:43:36 MDT 2020
# Start of session at: Tue Apr 28 14:02:17 2026
# Process ID: 7084
# Current directory: C:/Users/tau/Documents/CA-Labs-T1/TopProcessor
# Command line: vivado.exe -gui_launcher_event rodinguilauncherevent11340 C:\Users\tau\Documents\CA-Labs-T1\TopProcessor\lab11.xpr
# Log file: C:/Users/tau/Documents/CA-Labs-T1/TopProcessor/vivado.log
# Journal file: C:/Users/tau/Documents/CA-Labs-T1/TopProcessor\vivado.jou
#-----------------------------------------------------------
start_gui
open_project C:/Users/tau/Documents/CA-Labs-T1/TopProcessor/lab11.xpr
INFO: [Project 1-313] Project file moved from 'C:/Users/tau/Documents/CA-Labs-T1/LAB11' since last save.
Scanning sources...
Finished scanning sources
INFO: [IP_Flow 19-234] Refreshing IP repositories
INFO: [IP_Flow 19-1704] No user IP repositories specified
INFO: [IP_Flow 19-2313] Loaded Vivado IP repository 'C:/Xilinx/Vivado/2020.1/data/ip'.
open_project: Time (s): cpu = 00:00:10 ; elapsed = 00:00:06 . Memory (MB): peak = 1015.414 ; gain = 0.000
update_compile_order -fileset sources_1
close [ open C:/Users/tau/Documents/CA-Labs-T1/TopProcessor/lab11.srcs/sources_1/new/sevensegment.v w ]
add_files C:/Users/tau/Documents/CA-Labs-T1/TopProcessor/lab11.srcs/sources_1/new/sevensegment.v
update_compile_order -fileset sources_1
update_compile_order -fileset sources_1
launch_simulation
Command: launch_simulation 
INFO: [Vivado 12-5682] Launching behavioral simulation in 'C:/Users/tau/Documents/CA-Labs-T1/TopProcessor/lab11.sim/sim_1/behav/xsim'
INFO: [SIM-utils-51] Simulation object is 'sim_1'
INFO: [SIM-utils-54] Inspecting design source files for 'tb_task2' in fileset 'sim_1'...
INFO: [SIM-utils-43] Exported 'C:/Users/tau/Documents/CA-Labs-T1/TopProcessor/lab11.sim/sim_1/behav/xsim/instructions.mem'
INFO: [SIM-utils-43] Exported 'C:/Users/tau/Documents/CA-Labs-T1/TopProcessor/lab11.sim/sim_1/behav/xsim/instructions.mem'
INFO: [USF-XSim-97] Finding global include files...
INFO: [USF-XSim-98] Fetching design files from 'sim_1'...
INFO: [USF-XSim-2] XSim::Compile design
INFO: [USF-XSim-61] Executing 'COMPILE and ANALYZE' step in 'C:/Users/tau/Documents/CA-Labs-T1/TopProcessor/lab11.sim/sim_1/behav/xsim'
"xvlog --incr --relax -prj tb_task2_vlog.prj"
INFO: [VRFC 10-2263] Analyzing Verilog file "C:/Users/tau/Documents/CA-Labs-T1/TopProcessor/lab11.srcs/sources_1/new/2_MUX.v" into library xil_defaultlib
INFO: [VRFC 10-311] analyzing module branch_MUX
INFO: [VRFC 10-2263] Analyzing Verilog file "C:/Users/tau/Documents/CA-Labs-T1/TopProcessor/lab11.srcs/sources_1/new/ALU.v" into library xil_defaultlib
INFO: [VRFC 10-311] analyzing module ALU
INFO: [VRFC 10-2263] Analyzing Verilog file "C:/Users/tau/Documents/CA-Labs-T1/TopProcessor/lab11.srcs/sources_1/new/ALUControl.v" into library xil_defaultlib
INFO: [VRFC 10-311] analyzing module ALUControl
INFO: [VRFC 10-2263] Analyzing Verilog file "C:/Users/tau/Documents/CA-Labs-T1/TopProcessor/lab11.srcs/sources_1/new/BranchAdd.v" into library xil_defaultlib
INFO: [VRFC 10-311] analyzing module BranchAdd
INFO: [VRFC 10-2263] Analyzing Verilog file "C:/Users/tau/Documents/CA-Labs-T1/TopProcessor/lab11.srcs/sources_1/new/DataMemory.v" into library xil_defaultlib
INFO: [VRFC 10-311] analyzing module DataMemory
INFO: [VRFC 10-2263] Analyzing Verilog file "C:/Users/tau/Documents/CA-Labs-T1/TopProcessor/lab11.srcs/sources_1/new/InstructionMemory.v" into library xil_defaultlib
INFO: [VRFC 10-311] analyzing module instructionMemory
INFO: [VRFC 10-2263] Analyzing Verilog file "C:/Users/tau/Documents/CA-Labs-T1/TopProcessor/lab11.srcs/sources_1/new/MainControl.v" into library xil_defaultlib
INFO: [VRFC 10-311] analyzing module MainControl
INFO: [VRFC 10-2263] Analyzing Verilog file "C:/Users/tau/Documents/CA-Labs-T1/TopProcessor/lab11.srcs/sources_1/new/PC.v" into library xil_defaultlib
INFO: [VRFC 10-311] analyzing module PC
INFO: [VRFC 10-2263] Analyzing Verilog file "C:/Users/tau/Documents/CA-Labs-T1/TopProcessor/lab11.srcs/sources_1/new/PCAdder.v" into library xil_defaultlib
INFO: [VRFC 10-311] analyzing module PCAdder
INFO: [VRFC 10-2263] Analyzing Verilog file "C:/Users/tau/Documents/CA-Labs-T1/TopProcessor/lab11.srcs/sources_1/new/Register.v" into library xil_defaultlib
INFO: [VRFC 10-311] analyzing module Register
INFO: [VRFC 10-2263] Analyzing Verilog file "C:/Users/tau/Documents/CA-Labs-T1/TopProcessor/lab11.srcs/sources_1/new/TopProcessor.v" into library xil_defaultlib
INFO: [VRFC 10-311] analyzing module topProcessor
INFO: [VRFC 10-2263] Analyzing Verilog file "C:/Users/tau/Documents/CA-Labs-T1/TopProcessor/lab11.srcs/sources_1/new/immGen.v" into library xil_defaultlib
INFO: [VRFC 10-311] analyzing module immGen
INFO: [VRFC 10-2263] Analyzing Verilog file "C:/Users/tau/Documents/CA-Labs-T1/TopProcessor/lab11.srcs/sources_1/new/sevensegment.v" into library xil_defaultlib
INFO: [VRFC 10-311] analyzing module SevenSegment
INFO: [VRFC 10-2263] Analyzing Verilog file "C:/Users/tau/Documents/CA-Labs-T1/TopProcessor/lab11.srcs/sim_1/new/task2_tb.v" into library xil_defaultlib
INFO: [VRFC 10-311] analyzing module tb_task2
INFO: [VRFC 10-2458] undeclared symbol seg, assumed default net type wire [C:/Users/tau/Documents/CA-Labs-T1/TopProcessor/lab11.srcs/sim_1/new/task2_tb.v:34]
INFO: [VRFC 10-2458] undeclared symbol an, assumed default net type wire [C:/Users/tau/Documents/CA-Labs-T1/TopProcessor/lab11.srcs/sim_1/new/task2_tb.v:35]
INFO: [VRFC 10-2458] undeclared symbol dp, assumed default net type wire [C:/Users/tau/Documents/CA-Labs-T1/TopProcessor/lab11.srcs/sim_1/new/task2_tb.v:36]
INFO: [VRFC 10-2263] Analyzing Verilog file "C:/Users/tau/Documents/CA-Labs-T1/TopProcessor/lab11.sim/sim_1/behav/xsim/glbl.v" into library xil_defaultlib
INFO: [VRFC 10-311] analyzing module glbl
INFO: [USF-XSim-69] 'compile' step finished in '3' seconds
INFO: [USF-XSim-3] XSim::Elaborate design
INFO: [USF-XSim-61] Executing 'ELABORATE' step in 'C:/Users/tau/Documents/CA-Labs-T1/TopProcessor/lab11.sim/sim_1/behav/xsim'
"xelab -wto f8d01134f7dc4a89acf0d8e4e2a22205 --incr --debug typical --relax --mt 2 -L xil_defaultlib -L unisims_ver -L unimacro_ver -L secureip --snapshot tb_task2_behav xil_defaultlib.tb_task2 xil_defaultlib.glbl -log elaborate.log"
Vivado Simulator 2020.1
Copyright 1986-1999, 2001-2020 Xilinx, Inc. All Rights Reserved.
Running: C:/Xilinx/Vivado/2020.1/bin/unwrapped/win64.o/xelab.exe -wto f8d01134f7dc4a89acf0d8e4e2a22205 --incr --debug typical --relax --mt 2 -L xil_defaultlib -L unisims_ver -L unimacro_ver -L secureip --snapshot tb_task2_behav xil_defaultlib.tb_task2 xil_defaultlib.glbl -log elaborate.log 
Using 2 slave threads.
Starting static elaboration
Pass Through NonSizing Optimizer
WARNING: [VRFC 10-3091] actual bit length 1 differs from formal bit length 7 for port 'seg' [C:/Users/tau/Documents/CA-Labs-T1/TopProcessor/lab11.srcs/sim_1/new/task2_tb.v:34]
WARNING: [VRFC 10-3091] actual bit length 1 differs from formal bit length 4 for port 'an' [C:/Users/tau/Documents/CA-Labs-T1/TopProcessor/lab11.srcs/sim_1/new/task2_tb.v:35]
Completed static elaboration
Starting simulation data flow analysis
Completed simulation data flow analysis
Time Resolution for simulation is 1ps
Compiling module xil_defaultlib.ALU
Compiling module xil_defaultlib.Register
Compiling module xil_defaultlib.DataMemory
Compiling module xil_defaultlib.MainControl
Compiling module xil_defaultlib.ALUControl
Compiling module xil_defaultlib.instructionMemory
Compiling module xil_defaultlib.branch_MUX
Compiling module xil_defaultlib.PC
Compiling module xil_defaultlib.PCAdder
Compiling module xil_defaultlib.BranchAdd
Compiling module xil_defaultlib.immGen
Compiling module xil_defaultlib.SevenSegment
Compiling module xil_defaultlib.topProcessor
Compiling module xil_defaultlib.tb_task2
Compiling module xil_defaultlib.glbl
Built simulation snapshot tb_task2_behav
INFO: [USF-XSim-69] 'elaborate' step finished in '4' seconds
INFO: [USF-XSim-4] XSim::Simulate design
INFO: [USF-XSim-61] Executing 'SIMULATE' step in 'C:/Users/tau/Documents/CA-Labs-T1/TopProcessor/lab11.sim/sim_1/behav/xsim'
INFO: [USF-XSim-98] *** Running xsim
   with args "tb_task2_behav -key {Behavioral:sim_1:Functional:tb_task2} -tclbatch {tb_task2.tcl} -log {simulate.log}"
INFO: [USF-XSim-8] Loading simulator feature
Vivado Simulator 2020.1
Time resolution is 1 ps
source tb_task2.tcl
# set curr_wave [current_wave_config]
# if { [string length $curr_wave] == 0 } {
#   if { [llength [get_objects]] > 0} {
#     add_wave /
#     set_property needs_save false [current_wave_config]
#   } else {
#      send_msg_id Add_Wave-1 WARNING "No top level signals found. Simulator will start without a wave window. If you want to open a wave window go to 'File->New Waveform Configuration' or type 'create_wave_config' in the TCL console."
#   }
# }
# run 1000ns
0	| 00000513	| 10	| 0010		| 1		| 00000000	| 00000000	| 00000000		| 00000000		| 00000000			| 1
=== TASK 2 DEBUG ===
PC	| inst		| ALUOp	| ALUctrl	| ALUSrc	| imm		| ALU_B		| ALUResult	| writeData	| writeData_final	| RegWrite
-----------------------------------------------------------------------
4	| 00500113	| 10	| 0010		| 1		| 00000005	| 00000005	| 00000005		| 00000005		| 00000005			| 1
8	| 00202223	| 00	| 0010		| 1		| 00000004	| 00000004	| 00000004		| 00000004		| 00000004			| 0
12	| 00002083	| 00	| 0010		| 1		| 00000000	| 00000000	| 00000000		| xxxxxxxx		| xxxxxxxx			| 1
16	| 00100193	| 10	| 0010		| 1		| 00000001	| 00000001	| 00000001		| 00000001		| 00000001			| 1
20	| 04308863	| 01	| 0110		| 0		| 00000050	| 00000001	| xxxxxxxx		| xxxxxxxx		| xxxxxxxx			| 0
X	| xxxxxxxx	| 00	| 0010		| 0		| 00000000	| xxxxxxxx	| xxxxxxxx		| xxxxxxxx		| xxxxxxxx			| 0
x	| xxxxxxxx	| 00	| 0010		| 0		| 00000000	| xxxxxxxx	| xxxxxxxx		| xxxxxxxx		| xxxxxxxx			| 0
x	| xxxxxxxx	| 00	| 0010		| 0		| 00000000	| xxxxxxxx	| xxxxxxxx		| xxxxxxxx		| xxxxxxxx			| 0

=== RESULTS ===
LUI  FAIL: x1 = 0xxxxxxxxx (expected 0x12345000)
BLT  FAIL: x4 = 0 (expected 99)
JAL  FAIL: x6 = 0 (expected 42)
===============
x	| xxxxxxxx	| 00	| 0010		| 0		| 00000000	| xxxxxxxx	| xxxxxxxx		| xxxxxxxx		| xxxxxxxx			| 0
x	| xxxxxxxx	| 00	| 0010		| 0		| 00000000	| xxxxxxxx	| xxxxxxxx		| xxxxxxxx		| xxxxxxxx			| 0
x	| xxxxxxxx	| 00	| 0010		| 0		| 00000000	| xxxxxxxx	| xxxxxxxx		| xxxxxxxx		| xxxxxxxx			| 0
x	| xxxxxxxx	| 00	| 0010		| 0		| 00000000	| xxxxxxxx	| xxxxxxxx		| xxxxxxxx		| xxxxxxxx			| 0
x	| xxxxxxxx	| 00	| 0010		| 0		| 00000000	| xxxxxxxx	| xxxxxxxx		| xxxxxxxx		| xxxxxxxx			| 0
x	| xxxxxxxx	| 00	| 0010		| 0		| 00000000	| xxxxxxxx	| xxxxxxxx		| xxxxxxxx		| xxxxxxxx			| 0
x	| xxxxxxxx	| 00	| 0010		| 0		| 00000000	| xxxxxxxx	| xxxxxxxx		| xxxxxxxx		| xxxxxxxx			| 0
x	| xxxxxxxx	| 00	| 0010		| 0		| 00000000	| xxxxxxxx	| xxxxxxxx		| xxxxxxxx		| xxxxxxxx			| 0
x	| xxxxxxxx	| 00	| 0010		| 0		| 00000000	| xxxxxxxx	| xxxxxxxx		| xxxxxxxx		| xxxxxxxx			| 0
x	| xxxxxxxx	| 00	| 0010		| 0		| 00000000	| xxxxxxxx	| xxxxxxxx		| xxxxxxxx		| xxxxxxxx			| 0
x	| xxxxxxxx	| 00	| 0010		| 0		| 00000000	| xxxxxxxx	| xxxxxxxx		| xxxxxxxx		| xxxxxxxx			| 0
x	| xxxxxxxx	| 00	| 0010		| 0		| 00000000	| xxxxxxxx	| xxxxxxxx		| xxxxxxxx		| xxxxxxxx			| 0
x	| xxxxxxxx	| 00	| 0010		| 0		| 00000000	| xxxxxxxx	| xxxxxxxx		| xxxxxxxx		| xxxxxxxx			| 0
x	| xxxxxxxx	| 00	| 0010		| 0		| 00000000	| xxxxxxxx	| xxxxxxxx		| xxxxxxxx		| xxxxxxxx			| 0
x	| xxxxxxxx	| 00	| 0010		| 0		| 00000000	| xxxxxxxx	| xxxxxxxx		| xxxxxxxx		| xxxxxxxx			| 0
x	| xxxxxxxx	| 00	| 0010		| 0		| 00000000	| xxxxxxxx	| xxxxxxxx		| xxxxxxxx		| xxxxxxxx			| 0
x	| xxxxxxxx	| 00	| 0010		| 0		| 00000000	| xxxxxxxx	| xxxxxxxx		| xxxxxxxx		| xxxxxxxx			| 0
x	| xxxxxxxx	| 00	| 0010		| 0		| 00000000	| xxxxxxxx	| xxxxxxxx		| xxxxxxxx		| xxxxxxxx			| 0
x	| xxxxxxxx	| 00	| 0010		| 0		| 00000000	| xxxxxxxx	| xxxxxxxx		| xxxxxxxx		| xxxxxxxx			| 0
x	| xxxxxxxx	| 00	| 0010		| 0		| 00000000	| xxxxxxxx	| xxxxxxxx		| xxxxxxxx		| xxxxxxxx			| 0
x	| xxxxxxxx	| 00	| 0010		| 0		| 00000000	| xxxxxxxx	| xxxxxxxx		| xxxxxxxx		| xxxxxxxx			| 0
x	| xxxxxxxx	| 00	| 0010		| 0		| 00000000	| xxxxxxxx	| xxxxxxxx		| xxxxxxxx		| xxxxxxxx			| 0
x	| xxxxxxxx	| 00	| 0010		| 0		| 00000000	| xxxxxxxx	| xxxxxxxx		| xxxxxxxx		| xxxxxxxx			| 0
x	| xxxxxxxx	| 00	| 0010		| 0		| 00000000	| xxxxxxxx	| xxxxxxxx		| xxxxxxxx		| xxxxxxxx			| 0
x	| xxxxxxxx	| 00	| 0010		| 0		| 00000000	| xxxxxxxx	| xxxxxxxx		| xxxxxxxx		| xxxxxxxx			| 0
x	| xxxxxxxx	| 00	| 0010		| 0		| 00000000	| xxxxxxxx	| xxxxxxxx		| xxxxxxxx		| xxxxxxxx			| 0
x	| xxxxxxxx	| 00	| 0010		| 0		| 00000000	| xxxxxxxx	| xxxxxxxx		| xxxxxxxx		| xxxxxxxx			| 0
x	| xxxxxxxx	| 00	| 0010		| 0		| 00000000	| xxxxxxxx	| xxxxxxxx		| xxxxxxxx		| xxxxxxxx			| 0
x	| xxxxxxxx	| 00	| 0010		| 0		| 00000000	| xxxxxxxx	| xxxxxxxx		| xxxxxxxx		| xxxxxxxx			| 0
x	| xxxxxxxx	| 00	| 0010		| 0		| 00000000	| xxxxxxxx	| xxxxxxxx		| xxxxxxxx		| xxxxxxxx			| 0
x	| xxxxxxxx	| 00	| 0010		| 0		| 00000000	| xxxxxxxx	| xxxxxxxx		| xxxxxxxx		| xxxxxxxx			| 0
x	| xxxxxxxx	| 00	| 0010		| 0		| 00000000	| xxxxxxxx	| xxxxxxxx		| xxxxxxxx		| xxxxxxxx			| 0
x	| xxxxxxxx	| 00	| 0010		| 0		| 00000000	| xxxxxxxx	| xxxxxxxx		| xxxxxxxx		| xxxxxxxx			| 0
x	| xxxxxxxx	| 00	| 0010		| 0		| 00000000	| xxxxxxxx	| xxxxxxxx		| xxxxxxxx		| xxxxxxxx			| 0
x	| xxxxxxxx	| 00	| 0010		| 0		| 00000000	| xxxxxxxx	| xxxxxxxx		| xxxxxxxx		| xxxxxxxx			| 0
x	| xxxxxxxx	| 00	| 0010		| 0		| 00000000	| xxxxxxxx	| xxxxxxxx		| xxxxxxxx		| xxxxxxxx			| 0
x	| xxxxxxxx	| 00	| 0010		| 0		| 00000000	| xxxxxxxx	| xxxxxxxx		| xxxxxxxx		| xxxxxxxx			| 0
x	| xxxxxxxx	| 00	| 0010		| 0		| 00000000	| xxxxxxxx	| xxxxxxxx		| xxxxxxxx		| xxxxxxxx			| 0
x	| xxxxxxxx	| 00	| 0010		| 0		| 00000000	| xxxxxxxx	| xxxxxxxx		| xxxxxxxx		| xxxxxxxx			| 0
x	| xxxxxxxx	| 00	| 0010		| 0		| 00000000	| xxxxxxxx	| xxxxxxxx		| xxxxxxxx		| xxxxxxxx			| 0
x	| xxxxxxxx	| 00	| 0010		| 0		| 00000000	| xxxxxxxx	| xxxxxxxx		| xxxxxxxx		| xxxxxxxx			| 0
$finish called at time : 520 ns : File "C:/Users/tau/Documents/CA-Labs-T1/TopProcessor/lab11.srcs/sim_1/new/task2_tb.v" Line 48
INFO: [USF-XSim-96] XSim completed. Design snapshot 'tb_task2_behav' loaded.
INFO: [USF-XSim-97] XSim simulation ran for 1000ns
launch_simulation: Time (s): cpu = 00:00:08 ; elapsed = 00:00:12 . Memory (MB): peak = 1015.414 ; gain = 0.000
close_sim
INFO: [Simtcl 6-16] Simulation closed
launch_simulation
Command: launch_simulation 
INFO: [Vivado 12-5682] Launching behavioral simulation in 'C:/Users/tau/Documents/CA-Labs-T1/TopProcessor/lab11.sim/sim_1/behav/xsim'
INFO: [SIM-utils-51] Simulation object is 'sim_1'
INFO: [SIM-utils-54] Inspecting design source files for 'tb_task2' in fileset 'sim_1'...
INFO: [SIM-utils-43] Exported 'C:/Users/tau/Documents/CA-Labs-T1/TopProcessor/lab11.sim/sim_1/behav/xsim/instructions.mem'
INFO: [SIM-utils-43] Exported 'C:/Users/tau/Documents/CA-Labs-T1/TopProcessor/lab11.sim/sim_1/behav/xsim/instructions.mem'
INFO: [USF-XSim-97] Finding global include files...
INFO: [USF-XSim-98] Fetching design files from 'sim_1'...
INFO: [USF-XSim-2] XSim::Compile design
INFO: [USF-XSim-61] Executing 'COMPILE and ANALYZE' step in 'C:/Users/tau/Documents/CA-Labs-T1/TopProcessor/lab11.sim/sim_1/behav/xsim'
"xvlog --incr --relax -prj tb_task2_vlog.prj"
INFO: [VRFC 10-2263] Analyzing Verilog file "C:/Users/tau/Documents/CA-Labs-T1/TopProcessor/lab11.srcs/sources_1/new/2_MUX.v" into library xil_defaultlib
INFO: [VRFC 10-311] analyzing module branch_MUX
INFO: [VRFC 10-2263] Analyzing Verilog file "C:/Users/tau/Documents/CA-Labs-T1/TopProcessor/lab11.srcs/sources_1/new/ALU.v" into library xil_defaultlib
INFO: [VRFC 10-311] analyzing module ALU
INFO: [VRFC 10-2263] Analyzing Verilog file "C:/Users/tau/Documents/CA-Labs-T1/TopProcessor/lab11.srcs/sources_1/new/ALUControl.v" into library xil_defaultlib
INFO: [VRFC 10-311] analyzing module ALUControl
INFO: [VRFC 10-2263] Analyzing Verilog file "C:/Users/tau/Documents/CA-Labs-T1/TopProcessor/lab11.srcs/sources_1/new/BranchAdd.v" into library xil_defaultlib
INFO: [VRFC 10-311] analyzing module BranchAdd
INFO: [VRFC 10-2263] Analyzing Verilog file "C:/Users/tau/Documents/CA-Labs-T1/TopProcessor/lab11.srcs/sources_1/new/DataMemory.v" into library xil_defaultlib
INFO: [VRFC 10-311] analyzing module DataMemory
INFO: [VRFC 10-2263] Analyzing Verilog file "C:/Users/tau/Documents/CA-Labs-T1/TopProcessor/lab11.srcs/sources_1/new/InstructionMemory.v" into library xil_defaultlib
INFO: [VRFC 10-311] analyzing module instructionMemory
INFO: [VRFC 10-2263] Analyzing Verilog file "C:/Users/tau/Documents/CA-Labs-T1/TopProcessor/lab11.srcs/sources_1/new/MainControl.v" into library xil_defaultlib
INFO: [VRFC 10-311] analyzing module MainControl
INFO: [VRFC 10-2263] Analyzing Verilog file "C:/Users/tau/Documents/CA-Labs-T1/TopProcessor/lab11.srcs/sources_1/new/PC.v" into library xil_defaultlib
INFO: [VRFC 10-311] analyzing module PC
INFO: [VRFC 10-2263] Analyzing Verilog file "C:/Users/tau/Documents/CA-Labs-T1/TopProcessor/lab11.srcs/sources_1/new/PCAdder.v" into library xil_defaultlib
INFO: [VRFC 10-311] analyzing module PCAdder
INFO: [VRFC 10-2263] Analyzing Verilog file "C:/Users/tau/Documents/CA-Labs-T1/TopProcessor/lab11.srcs/sources_1/new/Register.v" into library xil_defaultlib
INFO: [VRFC 10-311] analyzing module Register
INFO: [VRFC 10-2263] Analyzing Verilog file "C:/Users/tau/Documents/CA-Labs-T1/TopProcessor/lab11.srcs/sources_1/new/TopProcessor.v" into library xil_defaultlib
INFO: [VRFC 10-311] analyzing module topProcessor
INFO: [VRFC 10-2263] Analyzing Verilog file "C:/Users/tau/Documents/CA-Labs-T1/TopProcessor/lab11.srcs/sources_1/new/immGen.v" into library xil_defaultlib
INFO: [VRFC 10-311] analyzing module immGen
INFO: [VRFC 10-2263] Analyzing Verilog file "C:/Users/tau/Documents/CA-Labs-T1/TopProcessor/lab11.srcs/sources_1/new/sevensegment.v" into library xil_defaultlib
INFO: [VRFC 10-311] analyzing module SevenSegment
INFO: [VRFC 10-2263] Analyzing Verilog file "C:/Users/tau/Documents/CA-Labs-T1/TopProcessor/lab11.srcs/sim_1/new/task2_tb.v" into library xil_defaultlib
INFO: [VRFC 10-311] analyzing module tb_task2
INFO: [VRFC 10-2458] undeclared symbol seg, assumed default net type wire [C:/Users/tau/Documents/CA-Labs-T1/TopProcessor/lab11.srcs/sim_1/new/task2_tb.v:34]
INFO: [VRFC 10-2458] undeclared symbol an, assumed default net type wire [C:/Users/tau/Documents/CA-Labs-T1/TopProcessor/lab11.srcs/sim_1/new/task2_tb.v:35]
INFO: [VRFC 10-2458] undeclared symbol dp, assumed default net type wire [C:/Users/tau/Documents/CA-Labs-T1/TopProcessor/lab11.srcs/sim_1/new/task2_tb.v:36]
INFO: [USF-XSim-69] 'compile' step finished in '2' seconds
INFO: [USF-XSim-3] XSim::Elaborate design
INFO: [USF-XSim-61] Executing 'ELABORATE' step in 'C:/Users/tau/Documents/CA-Labs-T1/TopProcessor/lab11.sim/sim_1/behav/xsim'
"xelab -wto f8d01134f7dc4a89acf0d8e4e2a22205 --incr --debug typical --relax --mt 2 -L xil_defaultlib -L unisims_ver -L unimacro_ver -L secureip --snapshot tb_task2_behav xil_defaultlib.tb_task2 xil_defaultlib.glbl -log elaborate.log"
Vivado Simulator 2020.1
Copyright 1986-1999, 2001-2020 Xilinx, Inc. All Rights Reserved.
Running: C:/Xilinx/Vivado/2020.1/bin/unwrapped/win64.o/xelab.exe -wto f8d01134f7dc4a89acf0d8e4e2a22205 --incr --debug typical --relax --mt 2 -L xil_defaultlib -L unisims_ver -L unimacro_ver -L secureip --snapshot tb_task2_behav xil_defaultlib.tb_task2 xil_defaultlib.glbl -log elaborate.log 
Using 2 slave threads.
Starting static elaboration
Pass Through NonSizing Optimizer
WARNING: [VRFC 10-3091] actual bit length 1 differs from formal bit length 7 for port 'seg' [C:/Users/tau/Documents/CA-Labs-T1/TopProcessor/lab11.srcs/sim_1/new/task2_tb.v:34]
WARNING: [VRFC 10-3091] actual bit length 1 differs from formal bit length 4 for port 'an' [C:/Users/tau/Documents/CA-Labs-T1/TopProcessor/lab11.srcs/sim_1/new/task2_tb.v:35]
Completed static elaboration
Starting simulation data flow analysis
Completed simulation data flow analysis
Time Resolution for simulation is 1ps
Compiling module xil_defaultlib.ALU
Compiling module xil_defaultlib.Register
Compiling module xil_defaultlib.DataMemory
Compiling module xil_defaultlib.MainControl
Compiling module xil_defaultlib.ALUControl
Compiling module xil_defaultlib.instructionMemory
Compiling module xil_defaultlib.branch_MUX
Compiling module xil_defaultlib.PC
Compiling module xil_defaultlib.PCAdder
Compiling module xil_defaultlib.BranchAdd
Compiling module xil_defaultlib.immGen
Compiling module xil_defaultlib.SevenSegment
Compiling module xil_defaultlib.topProcessor
Compiling module xil_defaultlib.tb_task2
Compiling module xil_defaultlib.glbl
Built simulation snapshot tb_task2_behav
INFO: [USF-XSim-69] 'elaborate' step finished in '2' seconds
INFO: [USF-XSim-4] XSim::Simulate design
INFO: [USF-XSim-61] Executing 'SIMULATE' step in 'C:/Users/tau/Documents/CA-Labs-T1/TopProcessor/lab11.sim/sim_1/behav/xsim'
INFO: [USF-XSim-98] *** Running xsim
   with args "tb_task2_behav -key {Behavioral:sim_1:Functional:tb_task2} -tclbatch {tb_task2.tcl} -log {simulate.log}"
INFO: [USF-XSim-8] Loading simulator feature
Vivado Simulator 2020.1
Time resolution is 1 ps
source tb_task2.tcl
# set curr_wave [current_wave_config]
# if { [string length $curr_wave] == 0 } {
#   if { [llength [get_objects]] > 0} {
#     add_wave /
#     set_property needs_save false [current_wave_config]
#   } else {
#      send_msg_id Add_Wave-1 WARNING "No top level signals found. Simulator will start without a wave window. If you want to open a wave window go to 'File->New Waveform Configuration' or type 'create_wave_config' in the TCL console."
#   }
# }
# run 1000ns
0	| 00000513	| 10	| 0010		| 1		| 00000000	| 00000000	| 00000000		| 00000000		| 00000000			| 1
=== TASK 2 DEBUG ===
PC	| inst		| ALUOp	| ALUctrl	| ALUSrc	| imm		| ALU_B		| ALUResult	| writeData	| writeData_final	| RegWrite
-----------------------------------------------------------------------
4	| 00500113	| 10	| 0010		| 1		| 00000005	| 00000005	| 00000005		| 00000005		| 00000005			| 1
8	| 00202223	| 00	| 0010		| 1		| 00000004	| 00000004	| 00000004		| 00000004		| 00000004			| 0
12	| 00002083	| 00	| 0010		| 1		| 00000000	| 00000000	| 00000000		| 00000000		| 00000000			| 1
16	| 00100193	| 10	| 0010		| 1		| 00000001	| 00000001	| 00000001		| 00000001		| 00000001			| 1
20	| 04308863	| 01	| 0110		| 0		| 00000050	| 00000001	| ffffffff		| ffffffff		| ffffffff			| 0
24	| 02050663	| 01	| 0110		| 0		| 0000002c	| 00000000	| 00000000		| 00000000		| 00000000			| 0
68	| 00000113	| 10	| 0010		| 1		| 00000000	| 00000000	| 00000000		| 00000000		| 00000000			| 1
72	| 00002423	| 00	| 0010		| 1		| 00000008	| 00000008	| 00000008		| 00000008		| 00000008			| 0

=== RESULTS ===
LUI  FAIL: x1 = 0x00000000 (expected 0x12345000)
BLT  FAIL: x4 = 0 (expected 99)
JAL  FAIL: x6 = 0 (expected 42)
===============
76	| 00002023	| 00	| 0010		| 1		| 00000000	| 00000000	| 00000000		| 00000000		| 00000000			| 0
80	| f8000ce3	| 01	| 0110		| 0		| ffffff98	| 00000000	| 00000000		| 00000000		| 00000000			| 0
4294967272	| xxxxxxxx	| 00	| 0010		| 0		| 00000000	| xxxxxxxx	| xxxxxxxx		| xxxxxxxx		| xxxxxxxx			| 0
4294967276	| xxxxxxxx	| 00	| 0010		| 0		| 00000000	| xxxxxxxx	| xxxxxxxx		| xxxxxxxx		| xxxxxxxx			| 0
4294967280	| xxxxxxxx	| 00	| 0010		| 0		| 00000000	| xxxxxxxx	| xxxxxxxx		| xxxxxxxx		| xxxxxxxx			| 0
4294967284	| xxxxxxxx	| 00	| 0010		| 0		| 00000000	| xxxxxxxx	| xxxxxxxx		| xxxxxxxx		| xxxxxxxx			| 0
4294967288	| xxxxxxxx	| 00	| 0010		| 0		| 00000000	| xxxxxxxx	| xxxxxxxx		| xxxxxxxx		| xxxxxxxx			| 0
4294967292	| xxxxxxxx	| 00	| 0010		| 0		| 00000000	| xxxxxxxx	| xxxxxxxx		| xxxxxxxx		| xxxxxxxx			| 0
0	| 00000513	| 10	| 0010		| 1		| 00000000	| 00000000	| 00000000		| 00000000		| 00000000			| 1
4	| 00500113	| 10	| 0010		| 1		| 00000005	| 00000005	| 00000005		| 00000005		| 00000005			| 1
8	| 00202223	| 00	| 0010		| 1		| 00000004	| 00000004	| 00000004		| 00000004		| 00000004			| 0
12	| 00002083	| 00	| 0010		| 1		| 00000000	| 00000000	| 00000000		| 00000000		| 00000000			| 1
16	| 00100193	| 10	| 0010		| 1		| 00000001	| 00000001	| 00000001		| 00000001		| 00000001			| 1
20	| 04308863	| 01	| 0110		| 0		| 00000050	| 00000001	| ffffffff		| ffffffff		| ffffffff			| 0
24	| 02050663	| 01	| 0110		| 0		| 0000002c	| 00000000	| 00000000		| 00000000		| 00000000			| 0
68	| 00000113	| 10	| 0010		| 1		| 00000000	| 00000000	| 00000000		| 00000000		| 00000000			| 1
72	| 00002423	| 00	| 0010		| 1		| 00000008	| 00000008	| 00000008		| 00000008		| 00000008			| 0
76	| 00002023	| 00	| 0010		| 1		| 00000000	| 00000000	| 00000000		| 00000000		| 00000000			| 0
80	| f8000ce3	| 01	| 0110		| 0		| ffffff98	| 00000000	| 00000000		| 00000000		| 00000000			| 0
4294967272	| xxxxxxxx	| 00	| 0010		| 0		| 00000000	| xxxxxxxx	| xxxxxxxx		| xxxxxxxx		| xxxxxxxx			| 0
4294967276	| xxxxxxxx	| 00	| 0010		| 0		| 00000000	| xxxxxxxx	| xxxxxxxx		| xxxxxxxx		| xxxxxxxx			| 0
4294967280	| xxxxxxxx	| 00	| 0010		| 0		| 00000000	| xxxxxxxx	| xxxxxxxx		| xxxxxxxx		| xxxxxxxx			| 0
4294967284	| xxxxxxxx	| 00	| 0010		| 0		| 00000000	| xxxxxxxx	| xxxxxxxx		| xxxxxxxx		| xxxxxxxx			| 0
4294967288	| xxxxxxxx	| 00	| 0010		| 0		| 00000000	| xxxxxxxx	| xxxxxxxx		| xxxxxxxx		| xxxxxxxx			| 0
4294967292	| xxxxxxxx	| 00	| 0010		| 0		| 00000000	| xxxxxxxx	| xxxxxxxx		| xxxxxxxx		| xxxxxxxx			| 0
0	| 00000513	| 10	| 0010		| 1		| 00000000	| 00000000	| 00000000		| 00000000		| 00000000			| 1
4	| 00500113	| 10	| 0010		| 1		| 00000005	| 00000005	| 00000005		| 00000005		| 00000005			| 1
8	| 00202223	| 00	| 0010		| 1		| 00000004	| 00000004	| 00000004		| 00000004		| 00000004			| 0
12	| 00002083	| 00	| 0010		| 1		| 00000000	| 00000000	| 00000000		| 00000000		| 00000000			| 1
16	| 00100193	| 10	| 0010		| 1		| 00000001	| 00000001	| 00000001		| 00000001		| 00000001			| 1
20	| 04308863	| 01	| 0110		| 0		| 00000050	| 00000001	| ffffffff		| ffffffff		| ffffffff			| 0
24	| 02050663	| 01	| 0110		| 0		| 0000002c	| 00000000	| 00000000		| 00000000		| 00000000			| 0
68	| 00000113	| 10	| 0010		| 1		| 00000000	| 00000000	| 00000000		| 00000000		| 00000000			| 1
72	| 00002423	| 00	| 0010		| 1		| 00000008	| 00000008	| 00000008		| 00000008		| 00000008			| 0
76	| 00002023	| 00	| 0010		| 1		| 00000000	| 00000000	| 00000000		| 00000000		| 00000000			| 0
80	| f8000ce3	| 01	| 0110		| 0		| ffffff98	| 00000000	| 00000000		| 00000000		| 00000000			| 0
4294967272	| xxxxxxxx	| 00	| 0010		| 0		| 00000000	| xxxxxxxx	| xxxxxxxx		| xxxxxxxx		| xxxxxxxx			| 0
4294967276	| xxxxxxxx	| 00	| 0010		| 0		| 00000000	| xxxxxxxx	| xxxxxxxx		| xxxxxxxx		| xxxxxxxx			| 0
4294967280	| xxxxxxxx	| 00	| 0010		| 0		| 00000000	| xxxxxxxx	| xxxxxxxx		| xxxxxxxx		| xxxxxxxx			| 0
4294967284	| xxxxxxxx	| 00	| 0010		| 0		| 00000000	| xxxxxxxx	| xxxxxxxx		| xxxxxxxx		| xxxxxxxx			| 0
4294967288	| xxxxxxxx	| 00	| 0010		| 0		| 00000000	| xxxxxxxx	| xxxxxxxx		| xxxxxxxx		| xxxxxxxx			| 0
$finish called at time : 520 ns : File "C:/Users/tau/Documents/CA-Labs-T1/TopProcessor/lab11.srcs/sim_1/new/task2_tb.v" Line 48
INFO: [USF-XSim-96] XSim completed. Design snapshot 'tb_task2_behav' loaded.
INFO: [USF-XSim-97] XSim simulation ran for 1000ns
launch_simulation: Time (s): cpu = 00:00:03 ; elapsed = 00:00:06 . Memory (MB): peak = 1015.414 ; gain = 0.000
set_property SOURCE_SET sources_1 [get_filesets sim_1]
close [ open C:/Users/tau/Documents/CA-Labs-T1/TopProcessor/lab11.srcs/sim_1/new/instructions_task1.mem w ]
add_files -fileset sim_1 C:/Users/tau/Documents/CA-Labs-T1/TopProcessor/lab11.srcs/sim_1/new/instructions_task1.mem
close_sim
INFO: [Simtcl 6-16] Simulation closed
launch_simulation
Command: launch_simulation 
INFO: [Vivado 12-5682] Launching behavioral simulation in 'C:/Users/tau/Documents/CA-Labs-T1/TopProcessor/lab11.sim/sim_1/behav/xsim'
INFO: [SIM-utils-51] Simulation object is 'sim_1'
INFO: [SIM-utils-54] Inspecting design source files for 'tb_task2' in fileset 'sim_1'...
INFO: [SIM-utils-43] Exported 'C:/Users/tau/Documents/CA-Labs-T1/TopProcessor/lab11.sim/sim_1/behav/xsim/instructions.mem'
INFO: [SIM-utils-43] Exported 'C:/Users/tau/Documents/CA-Labs-T1/TopProcessor/lab11.sim/sim_1/behav/xsim/instructions_task1.mem'
INFO: [SIM-utils-43] Exported 'C:/Users/tau/Documents/CA-Labs-T1/TopProcessor/lab11.sim/sim_1/behav/xsim/instructions.mem'
INFO: [SIM-utils-43] Exported 'C:/Users/tau/Documents/CA-Labs-T1/TopProcessor/lab11.sim/sim_1/behav/xsim/instructions_task1.mem'
INFO: [USF-XSim-97] Finding global include files...
INFO: [USF-XSim-98] Fetching design files from 'sim_1'...
INFO: [USF-XSim-2] XSim::Compile design
INFO: [USF-XSim-61] Executing 'COMPILE and ANALYZE' step in 'C:/Users/tau/Documents/CA-Labs-T1/TopProcessor/lab11.sim/sim_1/behav/xsim'
"xvlog --incr --relax -prj tb_task2_vlog.prj"
INFO: [VRFC 10-2263] Analyzing Verilog file "C:/Users/tau/Documents/CA-Labs-T1/TopProcessor/lab11.srcs/sources_1/new/2_MUX.v" into library xil_defaultlib
INFO: [VRFC 10-311] analyzing module branch_MUX
INFO: [VRFC 10-2263] Analyzing Verilog file "C:/Users/tau/Documents/CA-Labs-T1/TopProcessor/lab11.srcs/sources_1/new/ALU.v" into library xil_defaultlib
INFO: [VRFC 10-311] analyzing module ALU
INFO: [VRFC 10-2263] Analyzing Verilog file "C:/Users/tau/Documents/CA-Labs-T1/TopProcessor/lab11.srcs/sources_1/new/ALUControl.v" into library xil_defaultlib
INFO: [VRFC 10-311] analyzing module ALUControl
INFO: [VRFC 10-2263] Analyzing Verilog file "C:/Users/tau/Documents/CA-Labs-T1/TopProcessor/lab11.srcs/sources_1/new/BranchAdd.v" into library xil_defaultlib
INFO: [VRFC 10-311] analyzing module BranchAdd
INFO: [VRFC 10-2263] Analyzing Verilog file "C:/Users/tau/Documents/CA-Labs-T1/TopProcessor/lab11.srcs/sources_1/new/DataMemory.v" into library xil_defaultlib
INFO: [VRFC 10-311] analyzing module DataMemory
INFO: [VRFC 10-2263] Analyzing Verilog file "C:/Users/tau/Documents/CA-Labs-T1/TopProcessor/lab11.srcs/sources_1/new/InstructionMemory.v" into library xil_defaultlib
INFO: [VRFC 10-311] analyzing module instructionMemory
INFO: [VRFC 10-2263] Analyzing Verilog file "C:/Users/tau/Documents/CA-Labs-T1/TopProcessor/lab11.srcs/sources_1/new/MainControl.v" into library xil_defaultlib
INFO: [VRFC 10-311] analyzing module MainControl
INFO: [VRFC 10-2263] Analyzing Verilog file "C:/Users/tau/Documents/CA-Labs-T1/TopProcessor/lab11.srcs/sources_1/new/PC.v" into library xil_defaultlib
INFO: [VRFC 10-311] analyzing module PC
INFO: [VRFC 10-2263] Analyzing Verilog file "C:/Users/tau/Documents/CA-Labs-T1/TopProcessor/lab11.srcs/sources_1/new/PCAdder.v" into library xil_defaultlib
INFO: [VRFC 10-311] analyzing module PCAdder
INFO: [VRFC 10-2263] Analyzing Verilog file "C:/Users/tau/Documents/CA-Labs-T1/TopProcessor/lab11.srcs/sources_1/new/Register.v" into library xil_defaultlib
INFO: [VRFC 10-311] analyzing module Register
INFO: [VRFC 10-2263] Analyzing Verilog file "C:/Users/tau/Documents/CA-Labs-T1/TopProcessor/lab11.srcs/sources_1/new/TopProcessor.v" into library xil_defaultlib
INFO: [VRFC 10-311] analyzing module topProcessor
INFO: [VRFC 10-2263] Analyzing Verilog file "C:/Users/tau/Documents/CA-Labs-T1/TopProcessor/lab11.srcs/sources_1/new/immGen.v" into library xil_defaultlib
INFO: [VRFC 10-311] analyzing module immGen
INFO: [VRFC 10-2263] Analyzing Verilog file "C:/Users/tau/Documents/CA-Labs-T1/TopProcessor/lab11.srcs/sources_1/new/sevensegment.v" into library xil_defaultlib
INFO: [VRFC 10-311] analyzing module SevenSegment
INFO: [VRFC 10-2263] Analyzing Verilog file "C:/Users/tau/Documents/CA-Labs-T1/TopProcessor/lab11.srcs/sim_1/new/task2_tb.v" into library xil_defaultlib
INFO: [VRFC 10-311] analyzing module tb_task2
INFO: [USF-XSim-69] 'compile' step finished in '2' seconds
INFO: [USF-XSim-3] XSim::Elaborate design
INFO: [USF-XSim-61] Executing 'ELABORATE' step in 'C:/Users/tau/Documents/CA-Labs-T1/TopProcessor/lab11.sim/sim_1/behav/xsim'
"xelab -wto f8d01134f7dc4a89acf0d8e4e2a22205 --incr --debug typical --relax --mt 2 -L xil_defaultlib -L unisims_ver -L unimacro_ver -L secureip --snapshot tb_task2_behav xil_defaultlib.tb_task2 xil_defaultlib.glbl -log elaborate.log"
Vivado Simulator 2020.1
Copyright 1986-1999, 2001-2020 Xilinx, Inc. All Rights Reserved.
Running: C:/Xilinx/Vivado/2020.1/bin/unwrapped/win64.o/xelab.exe -wto f8d01134f7dc4a89acf0d8e4e2a22205 --incr --debug typical --relax --mt 2 -L xil_defaultlib -L unisims_ver -L unimacro_ver -L secureip --snapshot tb_task2_behav xil_defaultlib.tb_task2 xil_defaultlib.glbl -log elaborate.log 
Using 2 slave threads.
Starting static elaboration
Pass Through NonSizing Optimizer
Completed static elaboration
Starting simulation data flow analysis
Completed simulation data flow analysis
Time Resolution for simulation is 1ps
Compiling module xil_defaultlib.ALU
Compiling module xil_defaultlib.Register
Compiling module xil_defaultlib.DataMemory
Compiling module xil_defaultlib.MainControl
Compiling module xil_defaultlib.ALUControl
Compiling module xil_defaultlib.instructionMemory
Compiling module xil_defaultlib.branch_MUX
Compiling module xil_defaultlib.PC
Compiling module xil_defaultlib.PCAdder
Compiling module xil_defaultlib.BranchAdd
Compiling module xil_defaultlib.immGen
Compiling module xil_defaultlib.SevenSegment
Compiling module xil_defaultlib.topProcessor
Compiling module xil_defaultlib.tb_task2
Compiling module xil_defaultlib.glbl
Built simulation snapshot tb_task2_behav
INFO: [USF-XSim-69] 'elaborate' step finished in '2' seconds
INFO: [USF-XSim-4] XSim::Simulate design
INFO: [USF-XSim-61] Executing 'SIMULATE' step in 'C:/Users/tau/Documents/CA-Labs-T1/TopProcessor/lab11.sim/sim_1/behav/xsim'
INFO: [USF-XSim-98] *** Running xsim
   with args "tb_task2_behav -key {Behavioral:sim_1:Functional:tb_task2} -tclbatch {tb_task2.tcl} -log {simulate.log}"
INFO: [USF-XSim-8] Loading simulator feature
Vivado Simulator 2020.1
Time resolution is 1 ps
source tb_task2.tcl
# set curr_wave [current_wave_config]
# if { [string length $curr_wave] == 0 } {
#   if { [llength [get_objects]] > 0} {
#     add_wave /
#     set_property needs_save false [current_wave_config]
#   } else {
#      send_msg_id Add_Wave-1 WARNING "No top level signals found. Simulator will start without a wave window. If you want to open a wave window go to 'File->New Waveform Configuration' or type 'create_wave_config' in the TCL console."
#   }
# }
# run 1000ns
0	| 123450b7	| 11	| 1000		| 1		| 12345000	| 12345000	| 12345000		| 12345000		| 12345000			| 1
=== TASK 2 DEBUG ===
PC	| inst		| ALUOp	| ALUctrl	| ALUSrc	| imm		| ALU_B		| ALUResult	| writeData	| writeData_final	| RegWrite
-----------------------------------------------------------------------
4	| 00300113	| 10	| 0010		| 1		| 00000003	| 00000003	| 00000003		| 00000003		| 00000003			| 1
8	| 00700193	| 10	| 0010		| 1		| 00000007	| 00000007	| 00000007		| 00000007		| 00000007			| 1
12	| 0031c463	| 01	| 0110		| 0		| 00000008	| 00000007	| 00000000		| 00000000		| 00000000			| 0
20	| 06300213	| 10	| 0010		| 1		| 00000063	| 00000063	| 00000063		| 00000063		| 00000063			| 1
24	| 008002ef	| 00	| 0010		| 0		| 00000008	| 00000000	| 00000000		| 00000000		| 0000001c			| 1
32	| 02a00313	| 10	| 0010		| 1		| 0000002a	| 0000002a	| 0000002a		| 0000002a		| 0000002a			| 1
36	| xxxxxxxx	| 00	| 0010		| 0		| 00000000	| xxxxxxxx	| xxxxxxxx		| xxxxxxxx		| xxxxxxxx			| 0
40	| xxxxxxxx	| 00	| 0010		| 0		| 00000000	| xxxxxxxx	| xxxxxxxx		| xxxxxxxx		| xxxxxxxx			| 0

=== RESULTS ===
LUI  PASS: x1 = 0x12345000 (expected 0x12345000)
BLT  PASS: x4 = 99 (expected 99)
JAL  PASS: x6 = 42 (expected 42)
===============
44	| xxxxxxxx	| 00	| 0010		| 0		| 00000000	| xxxxxxxx	| xxxxxxxx		| xxxxxxxx		| xxxxxxxx			| 0
48	| xxxxxxxx	| 00	| 0010		| 0		| 00000000	| xxxxxxxx	| xxxxxxxx		| xxxxxxxx		| xxxxxxxx			| 0
52	| xxxxxxxx	| 00	| 0010		| 0		| 00000000	| xxxxxxxx	| xxxxxxxx		| xxxxxxxx		| xxxxxxxx			| 0
56	| xxxxxxxx	| 00	| 0010		| 0		| 00000000	| xxxxxxxx	| xxxxxxxx		| xxxxxxxx		| xxxxxxxx			| 0
60	| xxxxxxxx	| 00	| 0010		| 0		| 00000000	| xxxxxxxx	| xxxxxxxx		| xxxxxxxx		| xxxxxxxx			| 0
64	| xxxxxxxx	| 00	| 0010		| 0		| 00000000	| xxxxxxxx	| xxxxxxxx		| xxxxxxxx		| xxxxxxxx			| 0
68	| xxxxxxxx	| 00	| 0010		| 0		| 00000000	| xxxxxxxx	| xxxxxxxx		| xxxxxxxx		| xxxxxxxx			| 0
72	| xxxxxxxx	| 00	| 0010		| 0		| 00000000	| xxxxxxxx	| xxxxxxxx		| xxxxxxxx		| xxxxxxxx			| 0
76	| xxxxxxxx	| 00	| 0010		| 0		| 00000000	| xxxxxxxx	| xxxxxxxx		| xxxxxxxx		| xxxxxxxx			| 0
80	| xxxxxxxx	| 00	| 0010		| 0		| 00000000	| xxxxxxxx	| xxxxxxxx		| xxxxxxxx		| xxxxxxxx			| 0
84	| xxxxxxxx	| 00	| 0010		| 0		| 00000000	| xxxxxxxx	| xxxxxxxx		| xxxxxxxx		| xxxxxxxx			| 0
88	| xxxxxxxx	| 00	| 0010		| 0		| 00000000	| xxxxxxxx	| xxxxxxxx		| xxxxxxxx		| xxxxxxxx			| 0
92	| xxxxxxxx	| 00	| 0010		| 0		| 00000000	| xxxxxxxx	| xxxxxxxx		| xxxxxxxx		| xxxxxxxx			| 0
96	| xxxxxxxx	| 00	| 0010		| 0		| 00000000	| xxxxxxxx	| xxxxxxxx		| xxxxxxxx		| xxxxxxxx			| 0
100	| xxxxxxxx	| 00	| 0010		| 0		| 00000000	| xxxxxxxx	| xxxxxxxx		| xxxxxxxx		| xxxxxxxx			| 0
104	| xxxxxxxx	| 00	| 0010		| 0		| 00000000	| xxxxxxxx	| xxxxxxxx		| xxxxxxxx		| xxxxxxxx			| 0
108	| xxxxxxxx	| 00	| 0010		| 0		| 00000000	| xxxxxxxx	| xxxxxxxx		| xxxxxxxx		| xxxxxxxx			| 0
112	| xxxxxxxx	| 00	| 0010		| 0		| 00000000	| xxxxxxxx	| xxxxxxxx		| xxxxxxxx		| xxxxxxxx			| 0
116	| xxxxxxxx	| 00	| 0010		| 0		| 00000000	| xxxxxxxx	| xxxxxxxx		| xxxxxxxx		| xxxxxxxx			| 0
120	| xxxxxxxx	| 00	| 0010		| 0		| 00000000	| xxxxxxxx	| xxxxxxxx		| xxxxxxxx		| xxxxxxxx			| 0
124	| xxxxxxxx	| 00	| 0010		| 0		| 00000000	| xxxxxxxx	| xxxxxxxx		| xxxxxxxx		| xxxxxxxx			| 0
128	| xxxxxxxx	| 00	| 0010		| 0		| 00000000	| xxxxxxxx	| xxxxxxxx		| xxxxxxxx		| xxxxxxxx			| 0
132	| xxxxxxxx	| 00	| 0010		| 0		| 00000000	| xxxxxxxx	| xxxxxxxx		| xxxxxxxx		| xxxxxxxx			| 0
136	| xxxxxxxx	| 00	| 0010		| 0		| 00000000	| xxxxxxxx	| xxxxxxxx		| xxxxxxxx		| xxxxxxxx			| 0
140	| xxxxxxxx	| 00	| 0010		| 0		| 00000000	| xxxxxxxx	| xxxxxxxx		| xxxxxxxx		| xxxxxxxx			| 0
144	| xxxxxxxx	| 00	| 0010		| 0		| 00000000	| xxxxxxxx	| xxxxxxxx		| xxxxxxxx		| xxxxxxxx			| 0
148	| xxxxxxxx	| 00	| 0010		| 0		| 00000000	| xxxxxxxx	| xxxxxxxx		| xxxxxxxx		| xxxxxxxx			| 0
152	| xxxxxxxx	| 00	| 0010		| 0		| 00000000	| xxxxxxxx	| xxxxxxxx		| xxxxxxxx		| xxxxxxxx			| 0
156	| xxxxxxxx	| 00	| 0010		| 0		| 00000000	| xxxxxxxx	| xxxxxxxx		| xxxxxxxx		| xxxxxxxx			| 0
160	| xxxxxxxx	| 00	| 0010		| 0		| 00000000	| xxxxxxxx	| xxxxxxxx		| xxxxxxxx		| xxxxxxxx			| 0
164	| xxxxxxxx	| 00	| 0010		| 0		| 00000000	| xxxxxxxx	| xxxxxxxx		| xxxxxxxx		| xxxxxxxx			| 0
168	| xxxxxxxx	| 00	| 0010		| 0		| 00000000	| xxxxxxxx	| xxxxxxxx		| xxxxxxxx		| xxxxxxxx			| 0
172	| xxxxxxxx	| 00	| 0010		| 0		| 00000000	| xxxxxxxx	| xxxxxxxx		| xxxxxxxx		| xxxxxxxx			| 0
176	| xxxxxxxx	| 00	| 0010		| 0		| 00000000	| xxxxxxxx	| xxxxxxxx		| xxxxxxxx		| xxxxxxxx			| 0
180	| xxxxxxxx	| 00	| 0010		| 0		| 00000000	| xxxxxxxx	| xxxxxxxx		| xxxxxxxx		| xxxxxxxx			| 0
184	| xxxxxxxx	| 00	| 0010		| 0		| 00000000	| xxxxxxxx	| xxxxxxxx		| xxxxxxxx		| xxxxxxxx			| 0
188	| xxxxxxxx	| 00	| 0010		| 0		| 00000000	| xxxxxxxx	| xxxxxxxx		| xxxxxxxx		| xxxxxxxx			| 0
192	| xxxxxxxx	| 00	| 0010		| 0		| 00000000	| xxxxxxxx	| xxxxxxxx		| xxxxxxxx		| xxxxxxxx			| 0
196	| xxxxxxxx	| 00	| 0010		| 0		| 00000000	| xxxxxxxx	| xxxxxxxx		| xxxxxxxx		| xxxxxxxx			| 0
200	| xxxxxxxx	| 00	| 0010		| 0		| 00000000	| xxxxxxxx	| xxxxxxxx		| xxxxxxxx		| xxxxxxxx			| 0
204	| xxxxxxxx	| 00	| 0010		| 0		| 00000000	| xxxxxxxx	| xxxxxxxx		| xxxxxxxx		| xxxxxxxx			| 0
$finish called at time : 520 ns : File "C:/Users/tau/Documents/CA-Labs-T1/TopProcessor/lab11.srcs/sim_1/new/task2_tb.v" Line 52
INFO: [USF-XSim-96] XSim completed. Design snapshot 'tb_task2_behav' loaded.
INFO: [USF-XSim-97] XSim simulation ran for 1000ns
launch_simulation: Time (s): cpu = 00:00:03 ; elapsed = 00:00:06 . Memory (MB): peak = 1015.414 ; gain = 0.000
close_sim
INFO: [Simtcl 6-16] Simulation closed
launch_simulation
Command: launch_simulation 
INFO: [Vivado 12-5682] Launching behavioral simulation in 'C:/Users/tau/Documents/CA-Labs-T1/TopProcessor/lab11.sim/sim_1/behav/xsim'
INFO: [SIM-utils-51] Simulation object is 'sim_1'
INFO: [SIM-utils-54] Inspecting design source files for 'tb_task2' in fileset 'sim_1'...
INFO: [SIM-utils-43] Exported 'C:/Users/tau/Documents/CA-Labs-T1/TopProcessor/lab11.sim/sim_1/behav/xsim/instructions.mem'
INFO: [SIM-utils-43] Exported 'C:/Users/tau/Documents/CA-Labs-T1/TopProcessor/lab11.sim/sim_1/behav/xsim/instructions_task1.mem'
INFO: [SIM-utils-43] Exported 'C:/Users/tau/Documents/CA-Labs-T1/TopProcessor/lab11.sim/sim_1/behav/xsim/instructions.mem'
INFO: [SIM-utils-43] Exported 'C:/Users/tau/Documents/CA-Labs-T1/TopProcessor/lab11.sim/sim_1/behav/xsim/instructions_task1.mem'
INFO: [USF-XSim-97] Finding global include files...
INFO: [USF-XSim-98] Fetching design files from 'sim_1'...
INFO: [USF-XSim-2] XSim::Compile design
INFO: [USF-XSim-61] Executing 'COMPILE and ANALYZE' step in 'C:/Users/tau/Documents/CA-Labs-T1/TopProcessor/lab11.sim/sim_1/behav/xsim'
"xvlog --incr --relax -prj tb_task2_vlog.prj"
INFO: [VRFC 10-2263] Analyzing Verilog file "C:/Users/tau/Documents/CA-Labs-T1/TopProcessor/lab11.srcs/sources_1/new/2_MUX.v" into library xil_defaultlib
INFO: [VRFC 10-311] analyzing module branch_MUX
INFO: [VRFC 10-2263] Analyzing Verilog file "C:/Users/tau/Documents/CA-Labs-T1/TopProcessor/lab11.srcs/sources_1/new/ALU.v" into library xil_defaultlib
INFO: [VRFC 10-311] analyzing module ALU
INFO: [VRFC 10-2263] Analyzing Verilog file "C:/Users/tau/Documents/CA-Labs-T1/TopProcessor/lab11.srcs/sources_1/new/ALUControl.v" into library xil_defaultlib
INFO: [VRFC 10-311] analyzing module ALUControl
INFO: [VRFC 10-2263] Analyzing Verilog file "C:/Users/tau/Documents/CA-Labs-T1/TopProcessor/lab11.srcs/sources_1/new/BranchAdd.v" into library xil_defaultlib
INFO: [VRFC 10-311] analyzing module BranchAdd
INFO: [VRFC 10-2263] Analyzing Verilog file "C:/Users/tau/Documents/CA-Labs-T1/TopProcessor/lab11.srcs/sources_1/new/DataMemory.v" into library xil_defaultlib
INFO: [VRFC 10-311] analyzing module DataMemory
INFO: [VRFC 10-2263] Analyzing Verilog file "C:/Users/tau/Documents/CA-Labs-T1/TopProcessor/lab11.srcs/sources_1/new/InstructionMemory.v" into library xil_defaultlib
INFO: [VRFC 10-311] analyzing module instructionMemory
INFO: [VRFC 10-2263] Analyzing Verilog file "C:/Users/tau/Documents/CA-Labs-T1/TopProcessor/lab11.srcs/sources_1/new/MainControl.v" into library xil_defaultlib
INFO: [VRFC 10-311] analyzing module MainControl
INFO: [VRFC 10-2263] Analyzing Verilog file "C:/Users/tau/Documents/CA-Labs-T1/TopProcessor/lab11.srcs/sources_1/new/PC.v" into library xil_defaultlib
INFO: [VRFC 10-311] analyzing module PC
INFO: [VRFC 10-2263] Analyzing Verilog file "C:/Users/tau/Documents/CA-Labs-T1/TopProcessor/lab11.srcs/sources_1/new/PCAdder.v" into library xil_defaultlib
INFO: [VRFC 10-311] analyzing module PCAdder
INFO: [VRFC 10-2263] Analyzing Verilog file "C:/Users/tau/Documents/CA-Labs-T1/TopProcessor/lab11.srcs/sources_1/new/Register.v" into library xil_defaultlib
INFO: [VRFC 10-311] analyzing module Register
INFO: [VRFC 10-2263] Analyzing Verilog file "C:/Users/tau/Documents/CA-Labs-T1/TopProcessor/lab11.srcs/sources_1/new/TopProcessor.v" into library xil_defaultlib
INFO: [VRFC 10-311] analyzing module topProcessor
INFO: [VRFC 10-2263] Analyzing Verilog file "C:/Users/tau/Documents/CA-Labs-T1/TopProcessor/lab11.srcs/sources_1/new/immGen.v" into library xil_defaultlib
INFO: [VRFC 10-311] analyzing module immGen
INFO: [VRFC 10-2263] Analyzing Verilog file "C:/Users/tau/Documents/CA-Labs-T1/TopProcessor/lab11.srcs/sources_1/new/sevensegment.v" into library xil_defaultlib
INFO: [VRFC 10-311] analyzing module SevenSegment
INFO: [VRFC 10-2263] Analyzing Verilog file "C:/Users/tau/Documents/CA-Labs-T1/TopProcessor/lab11.srcs/sim_1/new/task2_tb.v" into library xil_defaultlib
INFO: [VRFC 10-311] analyzing module tb_task2
INFO: [USF-XSim-69] 'compile' step finished in '1' seconds
INFO: [USF-XSim-3] XSim::Elaborate design
INFO: [USF-XSim-61] Executing 'ELABORATE' step in 'C:/Users/tau/Documents/CA-Labs-T1/TopProcessor/lab11.sim/sim_1/behav/xsim'
"xelab -wto f8d01134f7dc4a89acf0d8e4e2a22205 --incr --debug typical --relax --mt 2 -L xil_defaultlib -L unisims_ver -L unimacro_ver -L secureip --snapshot tb_task2_behav xil_defaultlib.tb_task2 xil_defaultlib.glbl -log elaborate.log"
Vivado Simulator 2020.1
Copyright 1986-1999, 2001-2020 Xilinx, Inc. All Rights Reserved.
Running: C:/Xilinx/Vivado/2020.1/bin/unwrapped/win64.o/xelab.exe -wto f8d01134f7dc4a89acf0d8e4e2a22205 --incr --debug typical --relax --mt 2 -L xil_defaultlib -L unisims_ver -L unimacro_ver -L secureip --snapshot tb_task2_behav xil_defaultlib.tb_task2 xil_defaultlib.glbl -log elaborate.log 
Using 2 slave threads.
Starting static elaboration
Pass Through NonSizing Optimizer
Completed static elaboration
Starting simulation data flow analysis
Completed simulation data flow analysis
Time Resolution for simulation is 1ps
Compiling module xil_defaultlib.ALU
Compiling module xil_defaultlib.Register
Compiling module xil_defaultlib.DataMemory
Compiling module xil_defaultlib.MainControl
Compiling module xil_defaultlib.ALUControl
Compiling module xil_defaultlib.instructionMemory
Compiling module xil_defaultlib.branch_MUX
Compiling module xil_defaultlib.PC
Compiling module xil_defaultlib.PCAdder
Compiling module xil_defaultlib.BranchAdd
Compiling module xil_defaultlib.immGen
Compiling module xil_defaultlib.SevenSegment
Compiling module xil_defaultlib.topProcessor
Compiling module xil_defaultlib.tb_task2
Compiling module xil_defaultlib.glbl
Built simulation snapshot tb_task2_behav
INFO: [USF-XSim-69] 'elaborate' step finished in '2' seconds
INFO: [USF-XSim-4] XSim::Simulate design
INFO: [USF-XSim-61] Executing 'SIMULATE' step in 'C:/Users/tau/Documents/CA-Labs-T1/TopProcessor/lab11.sim/sim_1/behav/xsim'
INFO: [USF-XSim-98] *** Running xsim
   with args "tb_task2_behav -key {Behavioral:sim_1:Functional:tb_task2} -tclbatch {tb_task2.tcl} -log {simulate.log}"
INFO: [USF-XSim-8] Loading simulator feature
Vivado Simulator 2020.1
Time resolution is 1 ps
source tb_task2.tcl
# set curr_wave [current_wave_config]
# if { [string length $curr_wave] == 0 } {
#   if { [llength [get_objects]] > 0} {
#     add_wave /
#     set_property needs_save false [current_wave_config]
#   } else {
#      send_msg_id Add_Wave-1 WARNING "No top level signals found. Simulator will start without a wave window. If you want to open a wave window go to 'File->New Waveform Configuration' or type 'create_wave_config' in the TCL console."
#   }
# }
# run 1000ns
0	| 123450b7	| 11	| 1000		| 1		| 12345000	| 12345000	| 12345000		| 12345000		| 12345000			| 1
=== TASK 2 DEBUG ===
PC	| inst		| ALUOp	| ALUctrl	| ALUSrc	| imm		| ALU_B		| ALUResult	| writeData	| writeData_final	| RegWrite
-----------------------------------------------------------------------
4	| 00300113	| 10	| 0010		| 1		| 00000003	| 00000003	| 00000003		| 00000003		| 00000003			| 1
8	| 00700193	| 10	| 0010		| 1		| 00000007	| 00000007	| 00000007		| 00000007		| 00000007			| 1
12	| 0031c463	| 01	| 0110		| 0		| 00000008	| 00000007	| 00000000		| 00000000		| 00000000			| 0
20	| 06300213	| 10	| 0010		| 1		| 00000063	| 00000063	| 00000063		| 00000063		| 00000063			| 1
24	| 008002ef	| 00	| 0010		| 0		| 00000008	| 00000000	| 00000000		| 00000000		| 0000001c			| 1
32	| 02a00313	| 10	| 0010		| 1		| 0000002a	| 0000002a	| 0000002a		| 0000002a		| 0000002a			| 1
36	| xxxxxxxx	| 00	| 0010		| 0		| 00000000	| xxxxxxxx	| xxxxxxxx		| xxxxxxxx		| xxxxxxxx			| 0
40	| xxxxxxxx	| 00	| 0010		| 0		| 00000000	| xxxxxxxx	| xxxxxxxx		| xxxxxxxx		| xxxxxxxx			| 0

=== RESULTS ===
LUI  PASS: x1 = 0x12345000 (expected 0x12345000)
BLT  PASS: x4 = 99 (expected 99)
JAL  PASS: x6 = 42 (expected 42)
===============
44	| xxxxxxxx	| 00	| 0010		| 0		| 00000000	| xxxxxxxx	| xxxxxxxx		| xxxxxxxx		| xxxxxxxx			| 0
48	| xxxxxxxx	| 00	| 0010		| 0		| 00000000	| xxxxxxxx	| xxxxxxxx		| xxxxxxxx		| xxxxxxxx			| 0
52	| xxxxxxxx	| 00	| 0010		| 0		| 00000000	| xxxxxxxx	| xxxxxxxx		| xxxxxxxx		| xxxxxxxx			| 0
56	| xxxxxxxx	| 00	| 0010		| 0		| 00000000	| xxxxxxxx	| xxxxxxxx		| xxxxxxxx		| xxxxxxxx			| 0
60	| xxxxxxxx	| 00	| 0010		| 0		| 00000000	| xxxxxxxx	| xxxxxxxx		| xxxxxxxx		| xxxxxxxx			| 0
64	| xxxxxxxx	| 00	| 0010		| 0		| 00000000	| xxxxxxxx	| xxxxxxxx		| xxxxxxxx		| xxxxxxxx			| 0
68	| xxxxxxxx	| 00	| 0010		| 0		| 00000000	| xxxxxxxx	| xxxxxxxx		| xxxxxxxx		| xxxxxxxx			| 0
72	| xxxxxxxx	| 00	| 0010		| 0		| 00000000	| xxxxxxxx	| xxxxxxxx		| xxxxxxxx		| xxxxxxxx			| 0
76	| xxxxxxxx	| 00	| 0010		| 0		| 00000000	| xxxxxxxx	| xxxxxxxx		| xxxxxxxx		| xxxxxxxx			| 0
80	| xxxxxxxx	| 00	| 0010		| 0		| 00000000	| xxxxxxxx	| xxxxxxxx		| xxxxxxxx		| xxxxxxxx			| 0
84	| xxxxxxxx	| 00	| 0010		| 0		| 00000000	| xxxxxxxx	| xxxxxxxx		| xxxxxxxx		| xxxxxxxx			| 0
88	| xxxxxxxx	| 00	| 0010		| 0		| 00000000	| xxxxxxxx	| xxxxxxxx		| xxxxxxxx		| xxxxxxxx			| 0
92	| xxxxxxxx	| 00	| 0010		| 0		| 00000000	| xxxxxxxx	| xxxxxxxx		| xxxxxxxx		| xxxxxxxx			| 0
96	| xxxxxxxx	| 00	| 0010		| 0		| 00000000	| xxxxxxxx	| xxxxxxxx		| xxxxxxxx		| xxxxxxxx			| 0
100	| xxxxxxxx	| 00	| 0010		| 0		| 00000000	| xxxxxxxx	| xxxxxxxx		| xxxxxxxx		| xxxxxxxx			| 0
104	| xxxxxxxx	| 00	| 0010		| 0		| 00000000	| xxxxxxxx	| xxxxxxxx		| xxxxxxxx		| xxxxxxxx			| 0
108	| xxxxxxxx	| 00	| 0010		| 0		| 00000000	| xxxxxxxx	| xxxxxxxx		| xxxxxxxx		| xxxxxxxx			| 0
112	| xxxxxxxx	| 00	| 0010		| 0		| 00000000	| xxxxxxxx	| xxxxxxxx		| xxxxxxxx		| xxxxxxxx			| 0
116	| xxxxxxxx	| 00	| 0010		| 0		| 00000000	| xxxxxxxx	| xxxxxxxx		| xxxxxxxx		| xxxxxxxx			| 0
120	| xxxxxxxx	| 00	| 0010		| 0		| 00000000	| xxxxxxxx	| xxxxxxxx		| xxxxxxxx		| xxxxxxxx			| 0
124	| xxxxxxxx	| 00	| 0010		| 0		| 00000000	| xxxxxxxx	| xxxxxxxx		| xxxxxxxx		| xxxxxxxx			| 0
128	| xxxxxxxx	| 00	| 0010		| 0		| 00000000	| xxxxxxxx	| xxxxxxxx		| xxxxxxxx		| xxxxxxxx			| 0
132	| xxxxxxxx	| 00	| 0010		| 0		| 00000000	| xxxxxxxx	| xxxxxxxx		| xxxxxxxx		| xxxxxxxx			| 0
136	| xxxxxxxx	| 00	| 0010		| 0		| 00000000	| xxxxxxxx	| xxxxxxxx		| xxxxxxxx		| xxxxxxxx			| 0
140	| xxxxxxxx	| 00	| 0010		| 0		| 00000000	| xxxxxxxx	| xxxxxxxx		| xxxxxxxx		| xxxxxxxx			| 0
144	| xxxxxxxx	| 00	| 0010		| 0		| 00000000	| xxxxxxxx	| xxxxxxxx		| xxxxxxxx		| xxxxxxxx			| 0
148	| xxxxxxxx	| 00	| 0010		| 0		| 00000000	| xxxxxxxx	| xxxxxxxx		| xxxxxxxx		| xxxxxxxx			| 0
152	| xxxxxxxx	| 00	| 0010		| 0		| 00000000	| xxxxxxxx	| xxxxxxxx		| xxxxxxxx		| xxxxxxxx			| 0
156	| xxxxxxxx	| 00	| 0010		| 0		| 00000000	| xxxxxxxx	| xxxxxxxx		| xxxxxxxx		| xxxxxxxx			| 0
160	| xxxxxxxx	| 00	| 0010		| 0		| 00000000	| xxxxxxxx	| xxxxxxxx		| xxxxxxxx		| xxxxxxxx			| 0
164	| xxxxxxxx	| 00	| 0010		| 0		| 00000000	| xxxxxxxx	| xxxxxxxx		| xxxxxxxx		| xxxxxxxx			| 0
168	| xxxxxxxx	| 00	| 0010		| 0		| 00000000	| xxxxxxxx	| xxxxxxxx		| xxxxxxxx		| xxxxxxxx			| 0
172	| xxxxxxxx	| 00	| 0010		| 0		| 00000000	| xxxxxxxx	| xxxxxxxx		| xxxxxxxx		| xxxxxxxx			| 0
176	| xxxxxxxx	| 00	| 0010		| 0		| 00000000	| xxxxxxxx	| xxxxxxxx		| xxxxxxxx		| xxxxxxxx			| 0
180	| xxxxxxxx	| 00	| 0010		| 0		| 00000000	| xxxxxxxx	| xxxxxxxx		| xxxxxxxx		| xxxxxxxx			| 0
184	| xxxxxxxx	| 00	| 0010		| 0		| 00000000	| xxxxxxxx	| xxxxxxxx		| xxxxxxxx		| xxxxxxxx			| 0
188	| xxxxxxxx	| 00	| 0010		| 0		| 00000000	| xxxxxxxx	| xxxxxxxx		| xxxxxxxx		| xxxxxxxx			| 0
192	| xxxxxxxx	| 00	| 0010		| 0		| 00000000	| xxxxxxxx	| xxxxxxxx		| xxxxxxxx		| xxxxxxxx			| 0
196	| xxxxxxxx	| 00	| 0010		| 0		| 00000000	| xxxxxxxx	| xxxxxxxx		| xxxxxxxx		| xxxxxxxx			| 0
200	| xxxxxxxx	| 00	| 0010		| 0		| 00000000	| xxxxxxxx	| xxxxxxxx		| xxxxxxxx		| xxxxxxxx			| 0
204	| xxxxxxxx	| 00	| 0010		| 0		| 00000000	| xxxxxxxx	| xxxxxxxx		| xxxxxxxx		| xxxxxxxx			| 0
$finish called at time : 520 ns : File "C:/Users/tau/Documents/CA-Labs-T1/TopProcessor/lab11.srcs/sim_1/new/task2_tb.v" Line 52
INFO: [USF-XSim-96] XSim completed. Design snapshot 'tb_task2_behav' loaded.
INFO: [USF-XSim-97] XSim simulation ran for 1000ns
launch_simulation: Time (s): cpu = 00:00:03 ; elapsed = 00:00:06 . Memory (MB): peak = 1015.414 ; gain = 0.000
set_property top tb_countdown [get_filesets sim_1]
set_property top_lib xil_defaultlib [get_filesets sim_1]
update_compile_order -fileset sim_1
launch_simulation
Command: launch_simulation 
boost::filesystem::remove: The process cannot access the file because it is being used by another process: "C:/Users/tau/Documents/CA-Labs-T1/TopProcessor/lab11.sim/sim_1/behav/xsim/simulate.log"
close_sim
INFO: [Simtcl 6-16] Simulation closed
launch_simulation
Command: launch_simulation 
INFO: [Vivado 12-5682] Launching behavioral simulation in 'C:/Users/tau/Documents/CA-Labs-T1/TopProcessor/lab11.sim/sim_1/behav/xsim'
INFO: [SIM-utils-51] Simulation object is 'sim_1'
INFO: [SIM-utils-54] Inspecting design source files for 'tb_countdown' in fileset 'sim_1'...
INFO: [SIM-utils-43] Exported 'C:/Users/tau/Documents/CA-Labs-T1/TopProcessor/lab11.sim/sim_1/behav/xsim/instructions.mem'
INFO: [SIM-utils-43] Exported 'C:/Users/tau/Documents/CA-Labs-T1/TopProcessor/lab11.sim/sim_1/behav/xsim/instructions_task1.mem'
INFO: [SIM-utils-43] Exported 'C:/Users/tau/Documents/CA-Labs-T1/TopProcessor/lab11.sim/sim_1/behav/xsim/instructions.mem'
INFO: [SIM-utils-43] Exported 'C:/Users/tau/Documents/CA-Labs-T1/TopProcessor/lab11.sim/sim_1/behav/xsim/instructions_task1.mem'
INFO: [USF-XSim-97] Finding global include files...
INFO: [USF-XSim-98] Fetching design files from 'sim_1'...
INFO: [USF-XSim-2] XSim::Compile design
INFO: [USF-XSim-61] Executing 'COMPILE and ANALYZE' step in 'C:/Users/tau/Documents/CA-Labs-T1/TopProcessor/lab11.sim/sim_1/behav/xsim'
"xvlog --incr --relax -prj tb_countdown_vlog.prj"
INFO: [VRFC 10-2263] Analyzing Verilog file "C:/Users/tau/Documents/CA-Labs-T1/TopProcessor/lab11.srcs/sim_1/new/pc_tb.v" into library xil_defaultlib
INFO: [VRFC 10-311] analyzing module tb_countdown
INFO: [USF-XSim-69] 'compile' step finished in '1' seconds
INFO: [USF-XSim-3] XSim::Elaborate design
INFO: [USF-XSim-61] Executing 'ELABORATE' step in 'C:/Users/tau/Documents/CA-Labs-T1/TopProcessor/lab11.sim/sim_1/behav/xsim'
"xelab -wto f8d01134f7dc4a89acf0d8e4e2a22205 --incr --debug typical --relax --mt 2 -L xil_defaultlib -L unisims_ver -L unimacro_ver -L secureip --snapshot tb_countdown_behav xil_defaultlib.tb_countdown xil_defaultlib.glbl -log elaborate.log"
Vivado Simulator 2020.1
Copyright 1986-1999, 2001-2020 Xilinx, Inc. All Rights Reserved.
Running: C:/Xilinx/Vivado/2020.1/bin/unwrapped/win64.o/xelab.exe -wto f8d01134f7dc4a89acf0d8e4e2a22205 --incr --debug typical --relax --mt 2 -L xil_defaultlib -L unisims_ver -L unimacro_ver -L secureip --snapshot tb_countdown_behav xil_defaultlib.tb_countdown xil_defaultlib.glbl -log elaborate.log 
Using 2 slave threads.
Starting static elaboration
Pass Through NonSizing Optimizer
Completed static elaboration
Starting simulation data flow analysis
Completed simulation data flow analysis
Time Resolution for simulation is 1ps
Compiling module xil_defaultlib.ALU
Compiling module xil_defaultlib.Register
Compiling module xil_defaultlib.DataMemory
Compiling module xil_defaultlib.MainControl
Compiling module xil_defaultlib.ALUControl
Compiling module xil_defaultlib.instructionMemory
Compiling module xil_defaultlib.branch_MUX
Compiling module xil_defaultlib.PC
Compiling module xil_defaultlib.PCAdder
Compiling module xil_defaultlib.BranchAdd
Compiling module xil_defaultlib.immGen
Compiling module xil_defaultlib.SevenSegment
Compiling module xil_defaultlib.topProcessor
Compiling module xil_defaultlib.tb_countdown
Compiling module xil_defaultlib.glbl
Built simulation snapshot tb_countdown_behav

****** Webtalk v2020.1 (64-bit)
  **** SW Build 2902540 on Wed May 27 19:54:49 MDT 2020
  **** IP Build 2902112 on Wed May 27 22:43:36 MDT 2020
    ** Copyright 1986-2020 Xilinx, Inc. All Rights Reserved.

source C:/Users/tau/Documents/CA-Labs-T1/TopProcessor/lab11.sim/sim_1/behav/xsim/xsim.dir/tb_countdown_behav/webtalk/xsim_webtalk.tcl -notrace
INFO: [Common 17-206] Exiting Webtalk at Tue Apr 28 15:50:07 2026...
run_program: Time (s): cpu = 00:00:00 ; elapsed = 00:00:05 . Memory (MB): peak = 1015.414 ; gain = 0.000
INFO: [USF-XSim-69] 'elaborate' step finished in '5' seconds
INFO: [USF-XSim-4] XSim::Simulate design
INFO: [USF-XSim-61] Executing 'SIMULATE' step in 'C:/Users/tau/Documents/CA-Labs-T1/TopProcessor/lab11.sim/sim_1/behav/xsim'
INFO: [USF-XSim-98] *** Running xsim
   with args "tb_countdown_behav -key {Behavioral:sim_1:Functional:tb_countdown} -tclbatch {tb_countdown.tcl} -log {simulate.log}"
INFO: [USF-XSim-8] Loading simulator feature
Vivado Simulator 2020.1
Time resolution is 1 ps
source tb_countdown.tcl
# set curr_wave [current_wave_config]
# if { [string length $curr_wave] == 0 } {
#   if { [llength [get_objects]] > 0} {
#     add_wave /
#     set_property needs_save false [current_wave_config]
#   } else {
#      send_msg_id Add_Wave-1 WARNING "No top level signals found. Simulator will start without a wave window. If you want to open a wave window go to 'File->New Waveform Configuration' or type 'create_wave_config' in the TCL console."
#   }
# }
# run 1000ns
Time=20000 | PC=0 | inst=00000513 | state(x10)=0 | x2=0 | x1=0 | LEDs=0000000000000000 | ALUResult=00000000 | MemWrite=0 | address=00000000 | write_data=00000000
Time=30000 | PC=4 | inst=00500113 | state(x10)=0 | x2=0 | x1=0 | LEDs=0000000000000101 | ALUResult=00000005 | MemWrite=0 | address=00000005 | write_data=00000000
Time=40000 | PC=8 | inst=00202223 | state(x10)=0 | x2=5 | x1=0 | LEDs=0000000000000100 | ALUResult=00000004 | MemWrite=1 | address=00000004 | write_data=00000005
Time=50000 | PC=12 | inst=00002083 | state(x10)=0 | x2=5 | x1=0 | LEDs=0000000000000000 | ALUResult=00000000 | MemWrite=0 | address=00000000 | write_data=00000000
Time=60000 | PC=16 | inst=00100193 | state(x10)=0 | x2=5 | x1=0 | LEDs=0000000000000001 | ALUResult=00000001 | MemWrite=0 | address=00000001 | write_data=00000000
Time=70000 | PC=20 | inst=02308663 | state(x10)=0 | x2=5 | x1=0 | LEDs=1111111111111111 | ALUResult=ffffffff | MemWrite=0 | address=ffffffff | write_data=00000001
Time=80000 | PC=24 | inst=00050a63 | state(x10)=0 | x2=5 | x1=0 | LEDs=0000000000000000 | ALUResult=00000000 | MemWrite=0 | address=00000000 | write_data=00000000
Time=90000 | PC=44 | inst=00402103 | state(x10)=0 | x2=5 | x1=0 | LEDs=0000000000000100 | ALUResult=00000004 | MemWrite=0 | address=00000004 | write_data=00000000
Time=100000 | PC=48 | inst=fc010ee3 | state(x10)=0 | x2=5 | x1=0 | LEDs=0000000000000101 | ALUResult=00000005 | MemWrite=0 | address=00000005 | write_data=00000000
Time=110000 | PC=52 | inst=00202423 | state(x10)=0 | x2=5 | x1=0 | LEDs=0000000000001000 | ALUResult=00000008 | MemWrite=1 | address=00000008 | write_data=00000005

=== AFTER INIT ===
state(x10) = 0 (expected 0)
x2 = 5 (expected 5)
memory[4] = 5 (expected 5)
Time=120000 | PC=56 | inst=00100513 | state(x10)=0 | x2=5 | x1=0 | LEDs=0000000000000001 | ALUResult=00000001 | MemWrite=0 | address=00000001 | write_data=00000000
Time=130000 | PC=60 | inst=fc0008e3 | state(x10)=1 | x2=5 | x1=0 | LEDs=0000000000000000 | ALUResult=00000000 | MemWrite=0 | address=00000000 | write_data=00000000
Time=140000 | PC=12 | inst=00002083 | state(x10)=1 | x2=5 | x1=0 | LEDs=0000000000000000 | ALUResult=00000000 | MemWrite=0 | address=00000000 | write_data=00000000
Time=150000 | PC=16 | inst=00100193 | state(x10)=1 | x2=5 | x1=0 | LEDs=0000000000000001 | ALUResult=00000001 | MemWrite=0 | address=00000001 | write_data=00000000
Time=160000 | PC=20 | inst=02308663 | state(x10)=1 | x2=5 | x1=0 | LEDs=1111111111111111 | ALUResult=ffffffff | MemWrite=0 | address=ffffffff | write_data=00000001
Time=170000 | PC=24 | inst=00050a63 | state(x10)=1 | x2=5 | x1=0 | LEDs=0000000000000001 | ALUResult=00000001 | MemWrite=0 | address=00000001 | write_data=00000000
Time=180000 | PC=28 | inst=02010c63 | state(x10)=1 | x2=5 | x1=0 | LEDs=0000000000000101 | ALUResult=00000005 | MemWrite=0 | address=00000005 | write_data=00000000
Time=190000 | PC=32 | inst=00202423 | state(x10)=1 | x2=5 | x1=0 | LEDs=0000000000001000 | ALUResult=00000008 | MemWrite=1 | address=00000008 | write_data=00000005
Time=200000 | PC=36 | inst=fff10113 | state(x10)=1 | x2=5 | x1=0 | LEDs=0000000000000110 | ALUResult=00000006 | MemWrite=0 | address=00000006 | write_data=00000000
Time=210000 | PC=40 | inst=fe000ae3 | state(x10)=1 | x2=6 | x1=0 | LEDs=0000000000000000 | ALUResult=00000000 | MemWrite=0 | address=00000000 | write_data=00000000
Time=220000 | PC=28 | inst=02010c63 | state(x10)=1 | x2=6 | x1=0 | LEDs=0000000000000110 | ALUResult=00000006 | MemWrite=0 | address=00000006 | write_data=00000000
Time=230000 | PC=32 | inst=00202423 | state(x10)=1 | x2=6 | x1=0 | LEDs=0000000000001000 | ALUResult=00000008 | MemWrite=1 | address=00000008 | write_data=00000006
Time=240000 | PC=36 | inst=fff10113 | state(x10)=1 | x2=6 | x1=0 | LEDs=0000000000000111 | ALUResult=00000007 | MemWrite=0 | address=00000007 | write_data=00000000
Time=250000 | PC=40 | inst=fe000ae3 | state(x10)=1 | x2=7 | x1=0 | LEDs=0000000000000000 | ALUResult=00000000 | MemWrite=0 | address=00000000 | write_data=00000000
Time=260000 | PC=28 | inst=02010c63 | state(x10)=1 | x2=7 | x1=0 | LEDs=0000000000000111 | ALUResult=00000007 | MemWrite=0 | address=00000007 | write_data=00000000
Time=270000 | PC=32 | inst=00202423 | state(x10)=1 | x2=7 | x1=0 | LEDs=0000000000001000 | ALUResult=00000008 | MemWrite=1 | address=00000008 | write_data=00000007
Time=280000 | PC=36 | inst=fff10113 | state(x10)=1 | x2=7 | x1=0 | LEDs=0000000000001000 | ALUResult=00000008 | MemWrite=0 | address=00000008 | write_data=00000000
Time=290000 | PC=40 | inst=fe000ae3 | state(x10)=1 | x2=8 | x1=0 | LEDs=0000000000000000 | ALUResult=00000000 | MemWrite=0 | address=00000000 | write_data=00000000
Time=300000 | PC=28 | inst=02010c63 | state(x10)=1 | x2=8 | x1=0 | LEDs=0000000000001000 | ALUResult=00000008 | MemWrite=0 | address=00000008 | write_data=00000000
Time=310000 | PC=32 | inst=00202423 | state(x10)=1 | x2=8 | x1=0 | LEDs=0000000000001000 | ALUResult=00000008 | MemWrite=1 | address=00000008 | write_data=00000008

=== AFTER INPUT STATE ===
state(x10) = 1 (expected 1 = COUNTDOWN)
x2 = 8 (expected 5)
Time=320000 | PC=36 | inst=fff10113 | state(x10)=1 | x2=8 | x1=0 | LEDs=0000000000001001 | ALUResult=00000009 | MemWrite=0 | address=00000009 | write_data=00000000
Time=330000 | PC=40 | inst=fe000ae3 | state(x10)=1 | x2=9 | x1=0 | LEDs=0000000000000000 | ALUResult=00000000 | MemWrite=0 | address=00000000 | write_data=00000000
Time=340000 | PC=28 | inst=02010c63 | state(x10)=1 | x2=9 | x1=0 | LEDs=0000000000001001 | ALUResult=00000009 | MemWrite=0 | address=00000009 | write_data=00000000
Time=350000 | PC=32 | inst=00202423 | state(x10)=1 | x2=9 | x1=0 | LEDs=0000000000001000 | ALUResult=00000008 | MemWrite=1 | address=00000008 | write_data=00000009
Time=360000 | PC=36 | inst=fff10113 | state(x10)=1 | x2=9 | x1=0 | LEDs=0000000000001010 | ALUResult=0000000a | MemWrite=0 | address=0000000a | write_data=00000000
Time=370000 | PC=40 | inst=fe000ae3 | state(x10)=1 | x2=10 | x1=0 | LEDs=0000000000000000 | ALUResult=00000000 | MemWrite=0 | address=00000000 | write_data=00000000
Time=380000 | PC=28 | inst=02010c63 | state(x10)=1 | x2=10 | x1=0 | LEDs=0000000000001010 | ALUResult=0000000a | MemWrite=0 | address=0000000a | write_data=00000000
Time=390000 | PC=32 | inst=00202423 | state(x10)=1 | x2=10 | x1=0 | LEDs=0000000000001000 | ALUResult=00000008 | MemWrite=1 | address=00000008 | write_data=0000000a
Time=400000 | PC=36 | inst=fff10113 | state(x10)=1 | x2=10 | x1=0 | LEDs=0000000000001011 | ALUResult=0000000b | MemWrite=0 | address=0000000b | write_data=00000000
Time=410000 | PC=40 | inst=fe000ae3 | state(x10)=1 | x2=11 | x1=0 | LEDs=0000000000000000 | ALUResult=00000000 | MemWrite=0 | address=00000000 | write_data=00000000
Time=420000 | PC=28 | inst=02010c63 | state(x10)=1 | x2=11 | x1=0 | LEDs=0000000000001011 | ALUResult=0000000b | MemWrite=0 | address=0000000b | write_data=00000000
Time=430000 | PC=32 | inst=00202423 | state(x10)=1 | x2=11 | x1=0 | LEDs=0000000000001000 | ALUResult=00000008 | MemWrite=1 | address=00000008 | write_data=0000000b
Time=440000 | PC=36 | inst=fff10113 | state(x10)=1 | x2=11 | x1=0 | LEDs=0000000000001100 | ALUResult=0000000c | MemWrite=0 | address=0000000c | write_data=00000000
Time=450000 | PC=40 | inst=fe000ae3 | state(x10)=1 | x2=12 | x1=0 | LEDs=0000000000000000 | ALUResult=00000000 | MemWrite=0 | address=00000000 | write_data=00000000
Time=460000 | PC=28 | inst=02010c63 | state(x10)=1 | x2=12 | x1=0 | LEDs=0000000000001100 | ALUResult=0000000c | MemWrite=0 | address=0000000c | write_data=00000000
Time=470000 | PC=32 | inst=00202423 | state(x10)=1 | x2=12 | x1=0 | LEDs=0000000000001000 | ALUResult=00000008 | MemWrite=1 | address=00000008 | write_data=0000000c
Time=480000 | PC=36 | inst=fff10113 | state(x10)=1 | x2=12 | x1=0 | LEDs=0000000000001101 | ALUResult=0000000d | MemWrite=0 | address=0000000d | write_data=00000000
Time=490000 | PC=40 | inst=fe000ae3 | state(x10)=1 | x2=13 | x1=0 | LEDs=0000000000000000 | ALUResult=00000000 | MemWrite=0 | address=00000000 | write_data=00000000
Time=500000 | PC=28 | inst=02010c63 | state(x10)=1 | x2=13 | x1=0 | LEDs=0000000000001101 | ALUResult=0000000d | MemWrite=0 | address=0000000d | write_data=00000000
Time=510000 | PC=32 | inst=00202423 | state(x10)=1 | x2=13 | x1=0 | LEDs=0000000000001000 | ALUResult=00000008 | MemWrite=1 | address=00000008 | write_data=0000000d
Time=520000 | PC=36 | inst=fff10113 | state(x10)=1 | x2=13 | x1=0 | LEDs=0000000000001110 | ALUResult=0000000e | MemWrite=0 | address=0000000e | write_data=00000000
Time=530000 | PC=40 | inst=fe000ae3 | state(x10)=1 | x2=14 | x1=0 | LEDs=0000000000000000 | ALUResult=00000000 | MemWrite=0 | address=00000000 | write_data=00000000
Time=540000 | PC=28 | inst=02010c63 | state(x10)=1 | x2=14 | x1=0 | LEDs=0000000000001110 | ALUResult=0000000e | MemWrite=0 | address=0000000e | write_data=00000000
Time=550000 | PC=32 | inst=00202423 | state(x10)=1 | x2=14 | x1=0 | LEDs=0000000000001000 | ALUResult=00000008 | MemWrite=1 | address=00000008 | write_data=0000000e
Time=560000 | PC=36 | inst=fff10113 | state(x10)=1 | x2=14 | x1=0 | LEDs=0000000000001111 | ALUResult=0000000f | MemWrite=0 | address=0000000f | write_data=00000000
Time=570000 | PC=40 | inst=fe000ae3 | state(x10)=1 | x2=15 | x1=0 | LEDs=0000000000000000 | ALUResult=00000000 | MemWrite=0 | address=00000000 | write_data=00000000
Time=580000 | PC=28 | inst=02010c63 | state(x10)=1 | x2=15 | x1=0 | LEDs=0000000000001111 | ALUResult=0000000f | MemWrite=0 | address=0000000f | write_data=00000000
Time=590000 | PC=32 | inst=00202423 | state(x10)=1 | x2=15 | x1=0 | LEDs=0000000000001000 | ALUResult=00000008 | MemWrite=1 | address=00000008 | write_data=0000000f
Time=600000 | PC=36 | inst=fff10113 | state(x10)=1 | x2=15 | x1=0 | LEDs=0000000000010000 | ALUResult=00000010 | MemWrite=0 | address=00000010 | write_data=00000000
Time=610000 | PC=40 | inst=fe000ae3 | state(x10)=1 | x2=16 | x1=0 | LEDs=0000000000000000 | ALUResult=00000000 | MemWrite=0 | address=00000000 | write_data=00000000
Time=620000 | PC=28 | inst=02010c63 | state(x10)=1 | x2=16 | x1=0 | LEDs=0000000000010000 | ALUResult=00000010 | MemWrite=0 | address=00000010 | write_data=00000000
Time=630000 | PC=32 | inst=00202423 | state(x10)=1 | x2=16 | x1=0 | LEDs=0000000000001000 | ALUResult=00000008 | MemWrite=1 | address=00000008 | write_data=00000010
Time=640000 | PC=36 | inst=fff10113 | state(x10)=1 | x2=16 | x1=0 | LEDs=0000000000010001 | ALUResult=00000011 | MemWrite=0 | address=00000011 | write_data=00000000
Time=650000 | PC=40 | inst=fe000ae3 | state(x10)=1 | x2=17 | x1=0 | LEDs=0000000000000000 | ALUResult=00000000 | MemWrite=0 | address=00000000 | write_data=00000000
Time=660000 | PC=28 | inst=02010c63 | state(x10)=1 | x2=17 | x1=0 | LEDs=0000000000010001 | ALUResult=00000011 | MemWrite=0 | address=00000011 | write_data=00000000
Time=670000 | PC=32 | inst=00202423 | state(x10)=1 | x2=17 | x1=0 | LEDs=0000000000001000 | ALUResult=00000008 | MemWrite=1 | address=00000008 | write_data=00000011
Time=680000 | PC=36 | inst=fff10113 | state(x10)=1 | x2=17 | x1=0 | LEDs=0000000000010010 | ALUResult=00000012 | MemWrite=0 | address=00000012 | write_data=00000000
Time=690000 | PC=40 | inst=fe000ae3 | state(x10)=1 | x2=18 | x1=0 | LEDs=0000000000000000 | ALUResult=00000000 | MemWrite=0 | address=00000000 | write_data=00000000
Time=700000 | PC=28 | inst=02010c63 | state(x10)=1 | x2=18 | x1=0 | LEDs=0000000000010010 | ALUResult=00000012 | MemWrite=0 | address=00000012 | write_data=00000000
Time=710000 | PC=32 | inst=00202423 | state(x10)=1 | x2=18 | x1=0 | LEDs=0000000000001000 | ALUResult=00000008 | MemWrite=1 | address=00000008 | write_data=00000012
Time=720000 | PC=36 | inst=fff10113 | state(x10)=1 | x2=18 | x1=0 | LEDs=0000000000010011 | ALUResult=00000013 | MemWrite=0 | address=00000013 | write_data=00000000
Time=730000 | PC=40 | inst=fe000ae3 | state(x10)=1 | x2=19 | x1=0 | LEDs=0000000000000000 | ALUResult=00000000 | MemWrite=0 | address=00000000 | write_data=00000000
Time=740000 | PC=28 | inst=02010c63 | state(x10)=1 | x2=19 | x1=0 | LEDs=0000000000010011 | ALUResult=00000013 | MemWrite=0 | address=00000013 | write_data=00000000
Time=750000 | PC=32 | inst=00202423 | state(x10)=1 | x2=19 | x1=0 | LEDs=0000000000001000 | ALUResult=00000008 | MemWrite=1 | address=00000008 | write_data=00000013
Time=760000 | PC=36 | inst=fff10113 | state(x10)=1 | x2=19 | x1=0 | LEDs=0000000000010100 | ALUResult=00000014 | MemWrite=0 | address=00000014 | write_data=00000000
Time=770000 | PC=40 | inst=fe000ae3 | state(x10)=1 | x2=20 | x1=0 | LEDs=0000000000000000 | ALUResult=00000000 | MemWrite=0 | address=00000000 | write_data=00000000
Time=780000 | PC=28 | inst=02010c63 | state(x10)=1 | x2=20 | x1=0 | LEDs=0000000000010100 | ALUResult=00000014 | MemWrite=0 | address=00000014 | write_data=00000000
Time=790000 | PC=32 | inst=00202423 | state(x10)=1 | x2=20 | x1=0 | LEDs=0000000000001000 | ALUResult=00000008 | MemWrite=1 | address=00000008 | write_data=00000014
Time=800000 | PC=36 | inst=fff10113 | state(x10)=1 | x2=20 | x1=0 | LEDs=0000000000010101 | ALUResult=00000015 | MemWrite=0 | address=00000015 | write_data=00000000
Time=810000 | PC=40 | inst=fe000ae3 | state(x10)=1 | x2=21 | x1=0 | LEDs=0000000000000000 | ALUResult=00000000 | MemWrite=0 | address=00000000 | write_data=00000000
Time=820000 | PC=28 | inst=02010c63 | state(x10)=1 | x2=21 | x1=0 | LEDs=0000000000010101 | ALUResult=00000015 | MemWrite=0 | address=00000015 | write_data=00000000
Time=830000 | PC=32 | inst=00202423 | state(x10)=1 | x2=21 | x1=0 | LEDs=0000000000001000 | ALUResult=00000008 | MemWrite=1 | address=00000008 | write_data=00000015
Time=840000 | PC=36 | inst=fff10113 | state(x10)=1 | x2=21 | x1=0 | LEDs=0000000000010110 | ALUResult=00000016 | MemWrite=0 | address=00000016 | write_data=00000000
Time=850000 | PC=40 | inst=fe000ae3 | state(x10)=1 | x2=22 | x1=0 | LEDs=0000000000000000 | ALUResult=00000000 | MemWrite=0 | address=00000000 | write_data=00000000
Time=860000 | PC=28 | inst=02010c63 | state(x10)=1 | x2=22 | x1=0 | LEDs=0000000000010110 | ALUResult=00000016 | MemWrite=0 | address=00000016 | write_data=00000000
Time=870000 | PC=32 | inst=00202423 | state(x10)=1 | x2=22 | x1=0 | LEDs=0000000000001000 | ALUResult=00000008 | MemWrite=1 | address=00000008 | write_data=00000016
Time=880000 | PC=36 | inst=fff10113 | state(x10)=1 | x2=22 | x1=0 | LEDs=0000000000010111 | ALUResult=00000017 | MemWrite=0 | address=00000017 | write_data=00000000
Time=890000 | PC=40 | inst=fe000ae3 | state(x10)=1 | x2=23 | x1=0 | LEDs=0000000000000000 | ALUResult=00000000 | MemWrite=0 | address=00000000 | write_data=00000000
Time=900000 | PC=28 | inst=02010c63 | state(x10)=1 | x2=23 | x1=0 | LEDs=0000000000010111 | ALUResult=00000017 | MemWrite=0 | address=00000017 | write_data=00000000
Time=910000 | PC=32 | inst=00202423 | state(x10)=1 | x2=23 | x1=0 | LEDs=0000000000001000 | ALUResult=00000008 | MemWrite=1 | address=00000008 | write_data=00000017
Time=920000 | PC=36 | inst=fff10113 | state(x10)=1 | x2=23 | x1=0 | LEDs=0000000000011000 | ALUResult=00000018 | MemWrite=0 | address=00000018 | write_data=00000000
Time=930000 | PC=40 | inst=fe000ae3 | state(x10)=1 | x2=24 | x1=0 | LEDs=0000000000000000 | ALUResult=00000000 | MemWrite=0 | address=00000000 | write_data=00000000
Time=940000 | PC=28 | inst=02010c63 | state(x10)=1 | x2=24 | x1=0 | LEDs=0000000000011000 | ALUResult=00000018 | MemWrite=0 | address=00000018 | write_data=00000000
Time=950000 | PC=32 | inst=00202423 | state(x10)=1 | x2=24 | x1=0 | LEDs=0000000000001000 | ALUResult=00000008 | MemWrite=1 | address=00000008 | write_data=00000018
Time=960000 | PC=36 | inst=fff10113 | state(x10)=1 | x2=24 | x1=0 | LEDs=0000000000011001 | ALUResult=00000019 | MemWrite=0 | address=00000019 | write_data=00000000
Time=970000 | PC=40 | inst=fe000ae3 | state(x10)=1 | x2=25 | x1=0 | LEDs=0000000000000000 | ALUResult=00000000 | MemWrite=0 | address=00000000 | write_data=00000000
Time=980000 | PC=28 | inst=02010c63 | state(x10)=1 | x2=25 | x1=0 | LEDs=0000000000011001 | ALUResult=00000019 | MemWrite=0 | address=00000019 | write_data=00000000
Time=990000 | PC=32 | inst=00202423 | state(x10)=1 | x2=25 | x1=0 | LEDs=0000000000001000 | ALUResult=00000008 | MemWrite=1 | address=00000008 | write_data=00000019
Time=1000000 | PC=36 | inst=fff10113 | state(x10)=1 | x2=25 | x1=0 | LEDs=0000000000011010 | ALUResult=0000001a | MemWrite=0 | address=0000001a | write_data=00000000
INFO: [USF-XSim-96] XSim completed. Design snapshot 'tb_countdown_behav' loaded.
INFO: [USF-XSim-97] XSim simulation ran for 1000ns
launch_simulation: Time (s): cpu = 00:00:04 ; elapsed = 00:00:10 . Memory (MB): peak = 1015.414 ; gain = 0.000
close_sim
INFO: [Simtcl 6-16] Simulation closed
close_sim: Time (s): cpu = 00:00:03 ; elapsed = 00:00:05 . Memory (MB): peak = 1015.414 ; gain = 0.000
launch_simulation
Command: launch_simulation 
INFO: [Vivado 12-5682] Launching behavioral simulation in 'C:/Users/tau/Documents/CA-Labs-T1/TopProcessor/lab11.sim/sim_1/behav/xsim'
INFO: [SIM-utils-51] Simulation object is 'sim_1'
INFO: [SIM-utils-54] Inspecting design source files for 'tb_countdown' in fileset 'sim_1'...
INFO: [SIM-utils-43] Exported 'C:/Users/tau/Documents/CA-Labs-T1/TopProcessor/lab11.sim/sim_1/behav/xsim/instructions.mem'
INFO: [SIM-utils-43] Exported 'C:/Users/tau/Documents/CA-Labs-T1/TopProcessor/lab11.sim/sim_1/behav/xsim/instructions_task1.mem'
INFO: [SIM-utils-43] Exported 'C:/Users/tau/Documents/CA-Labs-T1/TopProcessor/lab11.sim/sim_1/behav/xsim/instructions.mem'
INFO: [SIM-utils-43] Exported 'C:/Users/tau/Documents/CA-Labs-T1/TopProcessor/lab11.sim/sim_1/behav/xsim/instructions_task1.mem'
INFO: [USF-XSim-97] Finding global include files...
INFO: [USF-XSim-98] Fetching design files from 'sim_1'...
INFO: [USF-XSim-2] XSim::Compile design
INFO: [USF-XSim-61] Executing 'COMPILE and ANALYZE' step in 'C:/Users/tau/Documents/CA-Labs-T1/TopProcessor/lab11.sim/sim_1/behav/xsim'
"xvlog --incr --relax -prj tb_countdown_vlog.prj"
INFO: [VRFC 10-2263] Analyzing Verilog file "C:/Users/tau/Documents/CA-Labs-T1/TopProcessor/lab11.srcs/sources_1/new/2_MUX.v" into library xil_defaultlib
INFO: [VRFC 10-311] analyzing module branch_MUX
INFO: [VRFC 10-2263] Analyzing Verilog file "C:/Users/tau/Documents/CA-Labs-T1/TopProcessor/lab11.srcs/sources_1/new/ALU.v" into library xil_defaultlib
INFO: [VRFC 10-311] analyzing module ALU
INFO: [VRFC 10-2263] Analyzing Verilog file "C:/Users/tau/Documents/CA-Labs-T1/TopProcessor/lab11.srcs/sources_1/new/ALUControl.v" into library xil_defaultlib
INFO: [VRFC 10-311] analyzing module ALUControl
INFO: [VRFC 10-2263] Analyzing Verilog file "C:/Users/tau/Documents/CA-Labs-T1/TopProcessor/lab11.srcs/sources_1/new/BranchAdd.v" into library xil_defaultlib
INFO: [VRFC 10-311] analyzing module BranchAdd
INFO: [VRFC 10-2263] Analyzing Verilog file "C:/Users/tau/Documents/CA-Labs-T1/TopProcessor/lab11.srcs/sources_1/new/DataMemory.v" into library xil_defaultlib
INFO: [VRFC 10-311] analyzing module DataMemory
INFO: [VRFC 10-2263] Analyzing Verilog file "C:/Users/tau/Documents/CA-Labs-T1/TopProcessor/lab11.srcs/sources_1/new/InstructionMemory.v" into library xil_defaultlib
INFO: [VRFC 10-311] analyzing module instructionMemory
INFO: [VRFC 10-2263] Analyzing Verilog file "C:/Users/tau/Documents/CA-Labs-T1/TopProcessor/lab11.srcs/sources_1/new/MainControl.v" into library xil_defaultlib
INFO: [VRFC 10-311] analyzing module MainControl
INFO: [VRFC 10-2263] Analyzing Verilog file "C:/Users/tau/Documents/CA-Labs-T1/TopProcessor/lab11.srcs/sources_1/new/PC.v" into library xil_defaultlib
INFO: [VRFC 10-311] analyzing module PC
INFO: [VRFC 10-2263] Analyzing Verilog file "C:/Users/tau/Documents/CA-Labs-T1/TopProcessor/lab11.srcs/sources_1/new/PCAdder.v" into library xil_defaultlib
INFO: [VRFC 10-311] analyzing module PCAdder
INFO: [VRFC 10-2263] Analyzing Verilog file "C:/Users/tau/Documents/CA-Labs-T1/TopProcessor/lab11.srcs/sources_1/new/Register.v" into library xil_defaultlib
INFO: [VRFC 10-311] analyzing module Register
INFO: [VRFC 10-2263] Analyzing Verilog file "C:/Users/tau/Documents/CA-Labs-T1/TopProcessor/lab11.srcs/sources_1/new/TopProcessor.v" into library xil_defaultlib
INFO: [VRFC 10-311] analyzing module topProcessor
INFO: [VRFC 10-2263] Analyzing Verilog file "C:/Users/tau/Documents/CA-Labs-T1/TopProcessor/lab11.srcs/sources_1/new/immGen.v" into library xil_defaultlib
INFO: [VRFC 10-311] analyzing module immGen
INFO: [VRFC 10-2263] Analyzing Verilog file "C:/Users/tau/Documents/CA-Labs-T1/TopProcessor/lab11.srcs/sources_1/new/sevensegment.v" into library xil_defaultlib
INFO: [VRFC 10-311] analyzing module SevenSegment
INFO: [VRFC 10-2263] Analyzing Verilog file "C:/Users/tau/Documents/CA-Labs-T1/TopProcessor/lab11.srcs/sim_1/new/pc_tb.v" into library xil_defaultlib
INFO: [VRFC 10-311] analyzing module tb_countdown
INFO: [USF-XSim-69] 'compile' step finished in '1' seconds
INFO: [USF-XSim-3] XSim::Elaborate design
INFO: [USF-XSim-61] Executing 'ELABORATE' step in 'C:/Users/tau/Documents/CA-Labs-T1/TopProcessor/lab11.sim/sim_1/behav/xsim'
"xelab -wto f8d01134f7dc4a89acf0d8e4e2a22205 --incr --debug typical --relax --mt 2 -L xil_defaultlib -L unisims_ver -L unimacro_ver -L secureip --snapshot tb_countdown_behav xil_defaultlib.tb_countdown xil_defaultlib.glbl -log elaborate.log"
Vivado Simulator 2020.1
Copyright 1986-1999, 2001-2020 Xilinx, Inc. All Rights Reserved.
Running: C:/Xilinx/Vivado/2020.1/bin/unwrapped/win64.o/xelab.exe -wto f8d01134f7dc4a89acf0d8e4e2a22205 --incr --debug typical --relax --mt 2 -L xil_defaultlib -L unisims_ver -L unimacro_ver -L secureip --snapshot tb_countdown_behav xil_defaultlib.tb_countdown xil_defaultlib.glbl -log elaborate.log 
Using 2 slave threads.
Starting static elaboration
Pass Through NonSizing Optimizer
Completed static elaboration
Starting simulation data flow analysis
Completed simulation data flow analysis
Time Resolution for simulation is 1ps
Compiling module xil_defaultlib.ALU
Compiling module xil_defaultlib.Register
Compiling module xil_defaultlib.DataMemory
Compiling module xil_defaultlib.MainControl
Compiling module xil_defaultlib.ALUControl
Compiling module xil_defaultlib.instructionMemory
Compiling module xil_defaultlib.branch_MUX
Compiling module xil_defaultlib.PC
Compiling module xil_defaultlib.PCAdder
Compiling module xil_defaultlib.BranchAdd
Compiling module xil_defaultlib.immGen
Compiling module xil_defaultlib.SevenSegment
Compiling module xil_defaultlib.topProcessor
Compiling module xil_defaultlib.tb_countdown
Compiling module xil_defaultlib.glbl
Built simulation snapshot tb_countdown_behav
INFO: [USF-XSim-69] 'elaborate' step finished in '2' seconds
INFO: [USF-XSim-4] XSim::Simulate design
INFO: [USF-XSim-61] Executing 'SIMULATE' step in 'C:/Users/tau/Documents/CA-Labs-T1/TopProcessor/lab11.sim/sim_1/behav/xsim'
INFO: [USF-XSim-98] *** Running xsim
   with args "tb_countdown_behav -key {Behavioral:sim_1:Functional:tb_countdown} -tclbatch {tb_countdown.tcl} -log {simulate.log}"
INFO: [USF-XSim-8] Loading simulator feature
Vivado Simulator 2020.1
Time resolution is 1 ps
source tb_countdown.tcl
# set curr_wave [current_wave_config]
# if { [string length $curr_wave] == 0 } {
#   if { [llength [get_objects]] > 0} {
#     add_wave /
#     set_property needs_save false [current_wave_config]
#   } else {
#      send_msg_id Add_Wave-1 WARNING "No top level signals found. Simulator will start without a wave window. If you want to open a wave window go to 'File->New Waveform Configuration' or type 'create_wave_config' in the TCL console."
#   }
# }
# run 1000ns
Time=20000 | PC=0 | inst=00000513 | state(x10)=0 | x2=0 | x1=0 | LEDs=0000000000000000 | ALUResult=00000000 | MemWrite=0 | address=00000000 | write_data=00000000
Time=30000 | PC=4 | inst=00500113 | state(x10)=0 | x2=0 | x1=0 | LEDs=0000000000000101 | ALUResult=00000005 | MemWrite=0 | address=00000005 | write_data=00000000
Time=40000 | PC=8 | inst=00202223 | state(x10)=0 | x2=5 | x1=0 | LEDs=0000000000000100 | ALUResult=00000004 | MemWrite=1 | address=00000004 | write_data=00000005
Time=50000 | PC=12 | inst=00002083 | state(x10)=0 | x2=5 | x1=0 | LEDs=0000000000000000 | ALUResult=00000000 | MemWrite=0 | address=00000000 | write_data=00000000
Time=60000 | PC=16 | inst=00100193 | state(x10)=0 | x2=5 | x1=0 | LEDs=0000000000000001 | ALUResult=00000001 | MemWrite=0 | address=00000001 | write_data=00000000
Time=70000 | PC=20 | inst=02308663 | state(x10)=0 | x2=5 | x1=0 | LEDs=1111111111111111 | ALUResult=ffffffff | MemWrite=0 | address=ffffffff | write_data=00000001
Time=80000 | PC=24 | inst=00050a63 | state(x10)=0 | x2=5 | x1=0 | LEDs=0000000000000000 | ALUResult=00000000 | MemWrite=0 | address=00000000 | write_data=00000000
Time=90000 | PC=44 | inst=00402103 | state(x10)=0 | x2=5 | x1=0 | LEDs=0000000000000100 | ALUResult=00000004 | MemWrite=0 | address=00000004 | write_data=00000000
Time=100000 | PC=48 | inst=fc010ee3 | state(x10)=0 | x2=5 | x1=0 | LEDs=0000000000000101 | ALUResult=00000005 | MemWrite=0 | address=00000005 | write_data=00000000
Time=110000 | PC=52 | inst=00202423 | state(x10)=0 | x2=5 | x1=0 | LEDs=0000000000001000 | ALUResult=00000008 | MemWrite=1 | address=00000008 | write_data=00000005

=== AFTER INIT ===
state(x10) = 0 (expected 0)
x2 = 5 (expected 5)
memory[4] = 5 (expected 5)
Time=120000 | PC=56 | inst=00100513 | state(x10)=0 | x2=5 | x1=0 | LEDs=0000000000000001 | ALUResult=00000001 | MemWrite=0 | address=00000001 | write_data=00000000
Time=130000 | PC=60 | inst=fc0008e3 | state(x10)=1 | x2=5 | x1=0 | LEDs=0000000000000000 | ALUResult=00000000 | MemWrite=0 | address=00000000 | write_data=00000000
Time=140000 | PC=12 | inst=00002083 | state(x10)=1 | x2=5 | x1=0 | LEDs=0000000000000000 | ALUResult=00000000 | MemWrite=0 | address=00000000 | write_data=00000000
Time=150000 | PC=16 | inst=00100193 | state(x10)=1 | x2=5 | x1=0 | LEDs=0000000000000001 | ALUResult=00000001 | MemWrite=0 | address=00000001 | write_data=00000000
Time=160000 | PC=20 | inst=02308663 | state(x10)=1 | x2=5 | x1=0 | LEDs=1111111111111111 | ALUResult=ffffffff | MemWrite=0 | address=ffffffff | write_data=00000001
Time=170000 | PC=24 | inst=00050a63 | state(x10)=1 | x2=5 | x1=0 | LEDs=0000000000000001 | ALUResult=00000001 | MemWrite=0 | address=00000001 | write_data=00000000
Time=180000 | PC=28 | inst=02010c63 | state(x10)=1 | x2=5 | x1=0 | LEDs=0000000000000101 | ALUResult=00000005 | MemWrite=0 | address=00000005 | write_data=00000000
Time=190000 | PC=32 | inst=00202423 | state(x10)=1 | x2=5 | x1=0 | LEDs=0000000000001000 | ALUResult=00000008 | MemWrite=1 | address=00000008 | write_data=00000005
Time=200000 | PC=36 | inst=fff10113 | state(x10)=1 | x2=5 | x1=0 | LEDs=0000000000000110 | ALUResult=00000006 | MemWrite=0 | address=00000006 | write_data=00000000
Time=210000 | PC=40 | inst=fe000ae3 | state(x10)=1 | x2=6 | x1=0 | LEDs=0000000000000000 | ALUResult=00000000 | MemWrite=0 | address=00000000 | write_data=00000000
Time=220000 | PC=28 | inst=02010c63 | state(x10)=1 | x2=6 | x1=0 | LEDs=0000000000000110 | ALUResult=00000006 | MemWrite=0 | address=00000006 | write_data=00000000
Time=230000 | PC=32 | inst=00202423 | state(x10)=1 | x2=6 | x1=0 | LEDs=0000000000001000 | ALUResult=00000008 | MemWrite=1 | address=00000008 | write_data=00000006
Time=240000 | PC=36 | inst=fff10113 | state(x10)=1 | x2=6 | x1=0 | LEDs=0000000000000111 | ALUResult=00000007 | MemWrite=0 | address=00000007 | write_data=00000000
Time=250000 | PC=40 | inst=fe000ae3 | state(x10)=1 | x2=7 | x1=0 | LEDs=0000000000000000 | ALUResult=00000000 | MemWrite=0 | address=00000000 | write_data=00000000
Time=260000 | PC=28 | inst=02010c63 | state(x10)=1 | x2=7 | x1=0 | LEDs=0000000000000111 | ALUResult=00000007 | MemWrite=0 | address=00000007 | write_data=00000000
Time=270000 | PC=32 | inst=00202423 | state(x10)=1 | x2=7 | x1=0 | LEDs=0000000000001000 | ALUResult=00000008 | MemWrite=1 | address=00000008 | write_data=00000007
Time=280000 | PC=36 | inst=fff10113 | state(x10)=1 | x2=7 | x1=0 | LEDs=0000000000001000 | ALUResult=00000008 | MemWrite=0 | address=00000008 | write_data=00000000
Time=290000 | PC=40 | inst=fe000ae3 | state(x10)=1 | x2=8 | x1=0 | LEDs=0000000000000000 | ALUResult=00000000 | MemWrite=0 | address=00000000 | write_data=00000000
Time=300000 | PC=28 | inst=02010c63 | state(x10)=1 | x2=8 | x1=0 | LEDs=0000000000001000 | ALUResult=00000008 | MemWrite=0 | address=00000008 | write_data=00000000
Time=310000 | PC=32 | inst=00202423 | state(x10)=1 | x2=8 | x1=0 | LEDs=0000000000001000 | ALUResult=00000008 | MemWrite=1 | address=00000008 | write_data=00000008

=== AFTER INPUT STATE ===
state(x10) = 1 (expected 1 = COUNTDOWN)
x2 = 8 (expected 5)
Time=320000 | PC=36 | inst=fff10113 | state(x10)=1 | x2=8 | x1=0 | LEDs=0000000000001001 | ALUResult=00000009 | MemWrite=0 | address=00000009 | write_data=00000000
Time=330000 | PC=40 | inst=fe000ae3 | state(x10)=1 | x2=9 | x1=0 | LEDs=0000000000000000 | ALUResult=00000000 | MemWrite=0 | address=00000000 | write_data=00000000
Time=340000 | PC=28 | inst=02010c63 | state(x10)=1 | x2=9 | x1=0 | LEDs=0000000000001001 | ALUResult=00000009 | MemWrite=0 | address=00000009 | write_data=00000000
Time=350000 | PC=32 | inst=00202423 | state(x10)=1 | x2=9 | x1=0 | LEDs=0000000000001000 | ALUResult=00000008 | MemWrite=1 | address=00000008 | write_data=00000009
Time=360000 | PC=36 | inst=fff10113 | state(x10)=1 | x2=9 | x1=0 | LEDs=0000000000001010 | ALUResult=0000000a | MemWrite=0 | address=0000000a | write_data=00000000
Time=370000 | PC=40 | inst=fe000ae3 | state(x10)=1 | x2=10 | x1=0 | LEDs=0000000000000000 | ALUResult=00000000 | MemWrite=0 | address=00000000 | write_data=00000000
Time=380000 | PC=28 | inst=02010c63 | state(x10)=1 | x2=10 | x1=0 | LEDs=0000000000001010 | ALUResult=0000000a | MemWrite=0 | address=0000000a | write_data=00000000
Time=390000 | PC=32 | inst=00202423 | state(x10)=1 | x2=10 | x1=0 | LEDs=0000000000001000 | ALUResult=00000008 | MemWrite=1 | address=00000008 | write_data=0000000a
Time=400000 | PC=36 | inst=fff10113 | state(x10)=1 | x2=10 | x1=0 | LEDs=0000000000001011 | ALUResult=0000000b | MemWrite=0 | address=0000000b | write_data=00000000
Time=410000 | PC=40 | inst=fe000ae3 | state(x10)=1 | x2=11 | x1=0 | LEDs=0000000000000000 | ALUResult=00000000 | MemWrite=0 | address=00000000 | write_data=00000000
Time=420000 | PC=28 | inst=02010c63 | state(x10)=1 | x2=11 | x1=0 | LEDs=0000000000001011 | ALUResult=0000000b | MemWrite=0 | address=0000000b | write_data=00000000
Time=430000 | PC=32 | inst=00202423 | state(x10)=1 | x2=11 | x1=0 | LEDs=0000000000001000 | ALUResult=00000008 | MemWrite=1 | address=00000008 | write_data=0000000b
Time=440000 | PC=36 | inst=fff10113 | state(x10)=1 | x2=11 | x1=0 | LEDs=0000000000001100 | ALUResult=0000000c | MemWrite=0 | address=0000000c | write_data=00000000
Time=450000 | PC=40 | inst=fe000ae3 | state(x10)=1 | x2=12 | x1=0 | LEDs=0000000000000000 | ALUResult=00000000 | MemWrite=0 | address=00000000 | write_data=00000000
Time=460000 | PC=28 | inst=02010c63 | state(x10)=1 | x2=12 | x1=0 | LEDs=0000000000001100 | ALUResult=0000000c | MemWrite=0 | address=0000000c | write_data=00000000
Time=470000 | PC=32 | inst=00202423 | state(x10)=1 | x2=12 | x1=0 | LEDs=0000000000001000 | ALUResult=00000008 | MemWrite=1 | address=00000008 | write_data=0000000c
Time=480000 | PC=36 | inst=fff10113 | state(x10)=1 | x2=12 | x1=0 | LEDs=0000000000001101 | ALUResult=0000000d | MemWrite=0 | address=0000000d | write_data=00000000
Time=490000 | PC=40 | inst=fe000ae3 | state(x10)=1 | x2=13 | x1=0 | LEDs=0000000000000000 | ALUResult=00000000 | MemWrite=0 | address=00000000 | write_data=00000000
Time=500000 | PC=28 | inst=02010c63 | state(x10)=1 | x2=13 | x1=0 | LEDs=0000000000001101 | ALUResult=0000000d | MemWrite=0 | address=0000000d | write_data=00000000
Time=510000 | PC=32 | inst=00202423 | state(x10)=1 | x2=13 | x1=0 | LEDs=0000000000001000 | ALUResult=00000008 | MemWrite=1 | address=00000008 | write_data=0000000d
Time=520000 | PC=36 | inst=fff10113 | state(x10)=1 | x2=13 | x1=0 | LEDs=0000000000001110 | ALUResult=0000000e | MemWrite=0 | address=0000000e | write_data=00000000
Time=530000 | PC=40 | inst=fe000ae3 | state(x10)=1 | x2=14 | x1=0 | LEDs=0000000000000000 | ALUResult=00000000 | MemWrite=0 | address=00000000 | write_data=00000000
Time=540000 | PC=28 | inst=02010c63 | state(x10)=1 | x2=14 | x1=0 | LEDs=0000000000001110 | ALUResult=0000000e | MemWrite=0 | address=0000000e | write_data=00000000
Time=550000 | PC=32 | inst=00202423 | state(x10)=1 | x2=14 | x1=0 | LEDs=0000000000001000 | ALUResult=00000008 | MemWrite=1 | address=00000008 | write_data=0000000e
Time=560000 | PC=36 | inst=fff10113 | state(x10)=1 | x2=14 | x1=0 | LEDs=0000000000001111 | ALUResult=0000000f | MemWrite=0 | address=0000000f | write_data=00000000
Time=570000 | PC=40 | inst=fe000ae3 | state(x10)=1 | x2=15 | x1=0 | LEDs=0000000000000000 | ALUResult=00000000 | MemWrite=0 | address=00000000 | write_data=00000000
Time=580000 | PC=28 | inst=02010c63 | state(x10)=1 | x2=15 | x1=0 | LEDs=0000000000001111 | ALUResult=0000000f | MemWrite=0 | address=0000000f | write_data=00000000
Time=590000 | PC=32 | inst=00202423 | state(x10)=1 | x2=15 | x1=0 | LEDs=0000000000001000 | ALUResult=00000008 | MemWrite=1 | address=00000008 | write_data=0000000f
Time=600000 | PC=36 | inst=fff10113 | state(x10)=1 | x2=15 | x1=0 | LEDs=0000000000010000 | ALUResult=00000010 | MemWrite=0 | address=00000010 | write_data=00000000
Time=610000 | PC=40 | inst=fe000ae3 | state(x10)=1 | x2=16 | x1=0 | LEDs=0000000000000000 | ALUResult=00000000 | MemWrite=0 | address=00000000 | write_data=00000000
Time=620000 | PC=28 | inst=02010c63 | state(x10)=1 | x2=16 | x1=0 | LEDs=0000000000010000 | ALUResult=00000010 | MemWrite=0 | address=00000010 | write_data=00000000
Time=630000 | PC=32 | inst=00202423 | state(x10)=1 | x2=16 | x1=0 | LEDs=0000000000001000 | ALUResult=00000008 | MemWrite=1 | address=00000008 | write_data=00000010
Time=640000 | PC=36 | inst=fff10113 | state(x10)=1 | x2=16 | x1=0 | LEDs=0000000000010001 | ALUResult=00000011 | MemWrite=0 | address=00000011 | write_data=00000000
Time=650000 | PC=40 | inst=fe000ae3 | state(x10)=1 | x2=17 | x1=0 | LEDs=0000000000000000 | ALUResult=00000000 | MemWrite=0 | address=00000000 | write_data=00000000
Time=660000 | PC=28 | inst=02010c63 | state(x10)=1 | x2=17 | x1=0 | LEDs=0000000000010001 | ALUResult=00000011 | MemWrite=0 | address=00000011 | write_data=00000000
Time=670000 | PC=32 | inst=00202423 | state(x10)=1 | x2=17 | x1=0 | LEDs=0000000000001000 | ALUResult=00000008 | MemWrite=1 | address=00000008 | write_data=00000011
Time=680000 | PC=36 | inst=fff10113 | state(x10)=1 | x2=17 | x1=0 | LEDs=0000000000010010 | ALUResult=00000012 | MemWrite=0 | address=00000012 | write_data=00000000
Time=690000 | PC=40 | inst=fe000ae3 | state(x10)=1 | x2=18 | x1=0 | LEDs=0000000000000000 | ALUResult=00000000 | MemWrite=0 | address=00000000 | write_data=00000000
Time=700000 | PC=28 | inst=02010c63 | state(x10)=1 | x2=18 | x1=0 | LEDs=0000000000010010 | ALUResult=00000012 | MemWrite=0 | address=00000012 | write_data=00000000
Time=710000 | PC=32 | inst=00202423 | state(x10)=1 | x2=18 | x1=0 | LEDs=0000000000001000 | ALUResult=00000008 | MemWrite=1 | address=00000008 | write_data=00000012
Time=720000 | PC=36 | inst=fff10113 | state(x10)=1 | x2=18 | x1=0 | LEDs=0000000000010011 | ALUResult=00000013 | MemWrite=0 | address=00000013 | write_data=00000000
Time=730000 | PC=40 | inst=fe000ae3 | state(x10)=1 | x2=19 | x1=0 | LEDs=0000000000000000 | ALUResult=00000000 | MemWrite=0 | address=00000000 | write_data=00000000
Time=740000 | PC=28 | inst=02010c63 | state(x10)=1 | x2=19 | x1=0 | LEDs=0000000000010011 | ALUResult=00000013 | MemWrite=0 | address=00000013 | write_data=00000000
Time=750000 | PC=32 | inst=00202423 | state(x10)=1 | x2=19 | x1=0 | LEDs=0000000000001000 | ALUResult=00000008 | MemWrite=1 | address=00000008 | write_data=00000013
Time=760000 | PC=36 | inst=fff10113 | state(x10)=1 | x2=19 | x1=0 | LEDs=0000000000010100 | ALUResult=00000014 | MemWrite=0 | address=00000014 | write_data=00000000
Time=770000 | PC=40 | inst=fe000ae3 | state(x10)=1 | x2=20 | x1=0 | LEDs=0000000000000000 | ALUResult=00000000 | MemWrite=0 | address=00000000 | write_data=00000000
Time=780000 | PC=28 | inst=02010c63 | state(x10)=1 | x2=20 | x1=0 | LEDs=0000000000010100 | ALUResult=00000014 | MemWrite=0 | address=00000014 | write_data=00000000
Time=790000 | PC=32 | inst=00202423 | state(x10)=1 | x2=20 | x1=0 | LEDs=0000000000001000 | ALUResult=00000008 | MemWrite=1 | address=00000008 | write_data=00000014
Time=800000 | PC=36 | inst=fff10113 | state(x10)=1 | x2=20 | x1=0 | LEDs=0000000000010101 | ALUResult=00000015 | MemWrite=0 | address=00000015 | write_data=00000000
Time=810000 | PC=40 | inst=fe000ae3 | state(x10)=1 | x2=21 | x1=0 | LEDs=0000000000000000 | ALUResult=00000000 | MemWrite=0 | address=00000000 | write_data=00000000
Time=820000 | PC=28 | inst=02010c63 | state(x10)=1 | x2=21 | x1=0 | LEDs=0000000000010101 | ALUResult=00000015 | MemWrite=0 | address=00000015 | write_data=00000000
Time=830000 | PC=32 | inst=00202423 | state(x10)=1 | x2=21 | x1=0 | LEDs=0000000000001000 | ALUResult=00000008 | MemWrite=1 | address=00000008 | write_data=00000015
Time=840000 | PC=36 | inst=fff10113 | state(x10)=1 | x2=21 | x1=0 | LEDs=0000000000010110 | ALUResult=00000016 | MemWrite=0 | address=00000016 | write_data=00000000
Time=850000 | PC=40 | inst=fe000ae3 | state(x10)=1 | x2=22 | x1=0 | LEDs=0000000000000000 | ALUResult=00000000 | MemWrite=0 | address=00000000 | write_data=00000000
Time=860000 | PC=28 | inst=02010c63 | state(x10)=1 | x2=22 | x1=0 | LEDs=0000000000010110 | ALUResult=00000016 | MemWrite=0 | address=00000016 | write_data=00000000
Time=870000 | PC=32 | inst=00202423 | state(x10)=1 | x2=22 | x1=0 | LEDs=0000000000001000 | ALUResult=00000008 | MemWrite=1 | address=00000008 | write_data=00000016
Time=880000 | PC=36 | inst=fff10113 | state(x10)=1 | x2=22 | x1=0 | LEDs=0000000000010111 | ALUResult=00000017 | MemWrite=0 | address=00000017 | write_data=00000000
Time=890000 | PC=40 | inst=fe000ae3 | state(x10)=1 | x2=23 | x1=0 | LEDs=0000000000000000 | ALUResult=00000000 | MemWrite=0 | address=00000000 | write_data=00000000
Time=900000 | PC=28 | inst=02010c63 | state(x10)=1 | x2=23 | x1=0 | LEDs=0000000000010111 | ALUResult=00000017 | MemWrite=0 | address=00000017 | write_data=00000000
Time=910000 | PC=32 | inst=00202423 | state(x10)=1 | x2=23 | x1=0 | LEDs=0000000000001000 | ALUResult=00000008 | MemWrite=1 | address=00000008 | write_data=00000017
Time=920000 | PC=36 | inst=fff10113 | state(x10)=1 | x2=23 | x1=0 | LEDs=0000000000011000 | ALUResult=00000018 | MemWrite=0 | address=00000018 | write_data=00000000
Time=930000 | PC=40 | inst=fe000ae3 | state(x10)=1 | x2=24 | x1=0 | LEDs=0000000000000000 | ALUResult=00000000 | MemWrite=0 | address=00000000 | write_data=00000000
Time=940000 | PC=28 | inst=02010c63 | state(x10)=1 | x2=24 | x1=0 | LEDs=0000000000011000 | ALUResult=00000018 | MemWrite=0 | address=00000018 | write_data=00000000
Time=950000 | PC=32 | inst=00202423 | state(x10)=1 | x2=24 | x1=0 | LEDs=0000000000001000 | ALUResult=00000008 | MemWrite=1 | address=00000008 | write_data=00000018
Time=960000 | PC=36 | inst=fff10113 | state(x10)=1 | x2=24 | x1=0 | LEDs=0000000000011001 | ALUResult=00000019 | MemWrite=0 | address=00000019 | write_data=00000000
Time=970000 | PC=40 | inst=fe000ae3 | state(x10)=1 | x2=25 | x1=0 | LEDs=0000000000000000 | ALUResult=00000000 | MemWrite=0 | address=00000000 | write_data=00000000
Time=980000 | PC=28 | inst=02010c63 | state(x10)=1 | x2=25 | x1=0 | LEDs=0000000000011001 | ALUResult=00000019 | MemWrite=0 | address=00000019 | write_data=00000000
Time=990000 | PC=32 | inst=00202423 | state(x10)=1 | x2=25 | x1=0 | LEDs=0000000000001000 | ALUResult=00000008 | MemWrite=1 | address=00000008 | write_data=00000019
Time=1000000 | PC=36 | inst=fff10113 | state(x10)=1 | x2=25 | x1=0 | LEDs=0000000000011010 | ALUResult=0000001a | MemWrite=0 | address=0000001a | write_data=00000000
INFO: [USF-XSim-96] XSim completed. Design snapshot 'tb_countdown_behav' loaded.
INFO: [USF-XSim-97] XSim simulation ran for 1000ns
launch_simulation: Time (s): cpu = 00:00:03 ; elapsed = 00:00:06 . Memory (MB): peak = 1015.414 ; gain = 0.000
close_sim
INFO: [Simtcl 6-16] Simulation closed
launch_simulation
Command: launch_simulation 
INFO: [Vivado 12-5682] Launching behavioral simulation in 'C:/Users/tau/Documents/CA-Labs-T1/TopProcessor/lab11.sim/sim_1/behav/xsim'
INFO: [SIM-utils-51] Simulation object is 'sim_1'
INFO: [SIM-utils-54] Inspecting design source files for 'tb_countdown' in fileset 'sim_1'...
INFO: [SIM-utils-43] Exported 'C:/Users/tau/Documents/CA-Labs-T1/TopProcessor/lab11.sim/sim_1/behav/xsim/instructions.mem'
INFO: [SIM-utils-43] Exported 'C:/Users/tau/Documents/CA-Labs-T1/TopProcessor/lab11.sim/sim_1/behav/xsim/instructions_task1.mem'
INFO: [SIM-utils-43] Exported 'C:/Users/tau/Documents/CA-Labs-T1/TopProcessor/lab11.sim/sim_1/behav/xsim/instructions.mem'
INFO: [SIM-utils-43] Exported 'C:/Users/tau/Documents/CA-Labs-T1/TopProcessor/lab11.sim/sim_1/behav/xsim/instructions_task1.mem'
INFO: [USF-XSim-97] Finding global include files...
INFO: [USF-XSim-98] Fetching design files from 'sim_1'...
INFO: [USF-XSim-2] XSim::Compile design
INFO: [USF-XSim-61] Executing 'COMPILE and ANALYZE' step in 'C:/Users/tau/Documents/CA-Labs-T1/TopProcessor/lab11.sim/sim_1/behav/xsim'
"xvlog --incr --relax -prj tb_countdown_vlog.prj"
INFO: [USF-XSim-69] 'compile' step finished in '1' seconds
INFO: [USF-XSim-3] XSim::Elaborate design
INFO: [USF-XSim-61] Executing 'ELABORATE' step in 'C:/Users/tau/Documents/CA-Labs-T1/TopProcessor/lab11.sim/sim_1/behav/xsim'
"xelab -wto f8d01134f7dc4a89acf0d8e4e2a22205 --incr --debug typical --relax --mt 2 -L xil_defaultlib -L unisims_ver -L unimacro_ver -L secureip --snapshot tb_countdown_behav xil_defaultlib.tb_countdown xil_defaultlib.glbl -log elaborate.log"
Vivado Simulator 2020.1
Copyright 1986-1999, 2001-2020 Xilinx, Inc. All Rights Reserved.
Running: C:/Xilinx/Vivado/2020.1/bin/unwrapped/win64.o/xelab.exe -wto f8d01134f7dc4a89acf0d8e4e2a22205 --incr --debug typical --relax --mt 2 -L xil_defaultlib -L unisims_ver -L unimacro_ver -L secureip --snapshot tb_countdown_behav xil_defaultlib.tb_countdown xil_defaultlib.glbl -log elaborate.log 
Using 2 slave threads.
Starting static elaboration
Pass Through NonSizing Optimizer
Completed static elaboration
INFO: [XSIM 43-4323] No Change in HDL. Linking previously generated obj files to create kernel
INFO: [USF-XSim-69] 'elaborate' step finished in '1' seconds
INFO: [USF-XSim-4] XSim::Simulate design
INFO: [USF-XSim-61] Executing 'SIMULATE' step in 'C:/Users/tau/Documents/CA-Labs-T1/TopProcessor/lab11.sim/sim_1/behav/xsim'
INFO: [USF-XSim-98] *** Running xsim
   with args "tb_countdown_behav -key {Behavioral:sim_1:Functional:tb_countdown} -tclbatch {tb_countdown.tcl} -log {simulate.log}"
INFO: [USF-XSim-8] Loading simulator feature
Vivado Simulator 2020.1
Time resolution is 1 ps
source tb_countdown.tcl
# set curr_wave [current_wave_config]
# if { [string length $curr_wave] == 0 } {
#   if { [llength [get_objects]] > 0} {
#     add_wave /
#     set_property needs_save false [current_wave_config]
#   } else {
#      send_msg_id Add_Wave-1 WARNING "No top level signals found. Simulator will start without a wave window. If you want to open a wave window go to 'File->New Waveform Configuration' or type 'create_wave_config' in the TCL console."
#   }
# }
# run 1000ns
Time=20000 | PC=0 | inst=00000513 | state(x10)=0 | x2=0 | x1=0 | LEDs=0000000000000000 | ALUResult=00000000 | MemWrite=0 | address=00000000 | write_data=00000000
Time=30000 | PC=4 | inst=00500113 | state(x10)=0 | x2=0 | x1=0 | LEDs=0000000000000101 | ALUResult=00000005 | MemWrite=0 | address=00000005 | write_data=00000000
Time=40000 | PC=8 | inst=00202223 | state(x10)=0 | x2=5 | x1=0 | LEDs=0000000000000100 | ALUResult=00000004 | MemWrite=1 | address=00000004 | write_data=00000005
Time=50000 | PC=12 | inst=00002083 | state(x10)=0 | x2=5 | x1=0 | LEDs=0000000000000000 | ALUResult=00000000 | MemWrite=0 | address=00000000 | write_data=00000000
Time=60000 | PC=16 | inst=00100193 | state(x10)=0 | x2=5 | x1=0 | LEDs=0000000000000001 | ALUResult=00000001 | MemWrite=0 | address=00000001 | write_data=00000000
Time=70000 | PC=20 | inst=02308663 | state(x10)=0 | x2=5 | x1=0 | LEDs=1111111111111111 | ALUResult=ffffffff | MemWrite=0 | address=ffffffff | write_data=00000001
Time=80000 | PC=24 | inst=00050a63 | state(x10)=0 | x2=5 | x1=0 | LEDs=0000000000000000 | ALUResult=00000000 | MemWrite=0 | address=00000000 | write_data=00000000
Time=90000 | PC=44 | inst=00402103 | state(x10)=0 | x2=5 | x1=0 | LEDs=0000000000000100 | ALUResult=00000004 | MemWrite=0 | address=00000004 | write_data=00000000
Time=100000 | PC=48 | inst=fc010ee3 | state(x10)=0 | x2=5 | x1=0 | LEDs=0000000000000101 | ALUResult=00000005 | MemWrite=0 | address=00000005 | write_data=00000000
Time=110000 | PC=52 | inst=00202423 | state(x10)=0 | x2=5 | x1=0 | LEDs=0000000000001000 | ALUResult=00000008 | MemWrite=1 | address=00000008 | write_data=00000005

=== AFTER INIT ===
state(x10) = 0 (expected 0)
x2 = 5 (expected 5)
memory[4] = 5 (expected 5)
Time=120000 | PC=56 | inst=00100513 | state(x10)=0 | x2=5 | x1=0 | LEDs=0000000000000001 | ALUResult=00000001 | MemWrite=0 | address=00000001 | write_data=00000000
Time=130000 | PC=60 | inst=fc0008e3 | state(x10)=1 | x2=5 | x1=0 | LEDs=0000000000000000 | ALUResult=00000000 | MemWrite=0 | address=00000000 | write_data=00000000
Time=140000 | PC=12 | inst=00002083 | state(x10)=1 | x2=5 | x1=0 | LEDs=0000000000000000 | ALUResult=00000000 | MemWrite=0 | address=00000000 | write_data=00000000
Time=150000 | PC=16 | inst=00100193 | state(x10)=1 | x2=5 | x1=0 | LEDs=0000000000000001 | ALUResult=00000001 | MemWrite=0 | address=00000001 | write_data=00000000
Time=160000 | PC=20 | inst=02308663 | state(x10)=1 | x2=5 | x1=0 | LEDs=1111111111111111 | ALUResult=ffffffff | MemWrite=0 | address=ffffffff | write_data=00000001
Time=170000 | PC=24 | inst=00050a63 | state(x10)=1 | x2=5 | x1=0 | LEDs=0000000000000001 | ALUResult=00000001 | MemWrite=0 | address=00000001 | write_data=00000000
Time=180000 | PC=28 | inst=02010c63 | state(x10)=1 | x2=5 | x1=0 | LEDs=0000000000000101 | ALUResult=00000005 | MemWrite=0 | address=00000005 | write_data=00000000
Time=190000 | PC=32 | inst=00202423 | state(x10)=1 | x2=5 | x1=0 | LEDs=0000000000001000 | ALUResult=00000008 | MemWrite=1 | address=00000008 | write_data=00000005
Time=200000 | PC=36 | inst=fff10113 | state(x10)=1 | x2=5 | x1=0 | LEDs=0000000000000110 | ALUResult=00000006 | MemWrite=0 | address=00000006 | write_data=00000000
Time=210000 | PC=40 | inst=fe000ae3 | state(x10)=1 | x2=6 | x1=0 | LEDs=0000000000000000 | ALUResult=00000000 | MemWrite=0 | address=00000000 | write_data=00000000
Time=220000 | PC=28 | inst=02010c63 | state(x10)=1 | x2=6 | x1=0 | LEDs=0000000000000110 | ALUResult=00000006 | MemWrite=0 | address=00000006 | write_data=00000000
Time=230000 | PC=32 | inst=00202423 | state(x10)=1 | x2=6 | x1=0 | LEDs=0000000000001000 | ALUResult=00000008 | MemWrite=1 | address=00000008 | write_data=00000006
Time=240000 | PC=36 | inst=fff10113 | state(x10)=1 | x2=6 | x1=0 | LEDs=0000000000000111 | ALUResult=00000007 | MemWrite=0 | address=00000007 | write_data=00000000
Time=250000 | PC=40 | inst=fe000ae3 | state(x10)=1 | x2=7 | x1=0 | LEDs=0000000000000000 | ALUResult=00000000 | MemWrite=0 | address=00000000 | write_data=00000000
Time=260000 | PC=28 | inst=02010c63 | state(x10)=1 | x2=7 | x1=0 | LEDs=0000000000000111 | ALUResult=00000007 | MemWrite=0 | address=00000007 | write_data=00000000
Time=270000 | PC=32 | inst=00202423 | state(x10)=1 | x2=7 | x1=0 | LEDs=0000000000001000 | ALUResult=00000008 | MemWrite=1 | address=00000008 | write_data=00000007
Time=280000 | PC=36 | inst=fff10113 | state(x10)=1 | x2=7 | x1=0 | LEDs=0000000000001000 | ALUResult=00000008 | MemWrite=0 | address=00000008 | write_data=00000000
Time=290000 | PC=40 | inst=fe000ae3 | state(x10)=1 | x2=8 | x1=0 | LEDs=0000000000000000 | ALUResult=00000000 | MemWrite=0 | address=00000000 | write_data=00000000
Time=300000 | PC=28 | inst=02010c63 | state(x10)=1 | x2=8 | x1=0 | LEDs=0000000000001000 | ALUResult=00000008 | MemWrite=0 | address=00000008 | write_data=00000000
Time=310000 | PC=32 | inst=00202423 | state(x10)=1 | x2=8 | x1=0 | LEDs=0000000000001000 | ALUResult=00000008 | MemWrite=1 | address=00000008 | write_data=00000008

=== AFTER INPUT STATE ===
state(x10) = 1 (expected 1 = COUNTDOWN)
x2 = 8 (expected 5)
Time=320000 | PC=36 | inst=fff10113 | state(x10)=1 | x2=8 | x1=0 | LEDs=0000000000001001 | ALUResult=00000009 | MemWrite=0 | address=00000009 | write_data=00000000
Time=330000 | PC=40 | inst=fe000ae3 | state(x10)=1 | x2=9 | x1=0 | LEDs=0000000000000000 | ALUResult=00000000 | MemWrite=0 | address=00000000 | write_data=00000000
Time=340000 | PC=28 | inst=02010c63 | state(x10)=1 | x2=9 | x1=0 | LEDs=0000000000001001 | ALUResult=00000009 | MemWrite=0 | address=00000009 | write_data=00000000
Time=350000 | PC=32 | inst=00202423 | state(x10)=1 | x2=9 | x1=0 | LEDs=0000000000001000 | ALUResult=00000008 | MemWrite=1 | address=00000008 | write_data=00000009
Time=360000 | PC=36 | inst=fff10113 | state(x10)=1 | x2=9 | x1=0 | LEDs=0000000000001010 | ALUResult=0000000a | MemWrite=0 | address=0000000a | write_data=00000000
Time=370000 | PC=40 | inst=fe000ae3 | state(x10)=1 | x2=10 | x1=0 | LEDs=0000000000000000 | ALUResult=00000000 | MemWrite=0 | address=00000000 | write_data=00000000
Time=380000 | PC=28 | inst=02010c63 | state(x10)=1 | x2=10 | x1=0 | LEDs=0000000000001010 | ALUResult=0000000a | MemWrite=0 | address=0000000a | write_data=00000000
Time=390000 | PC=32 | inst=00202423 | state(x10)=1 | x2=10 | x1=0 | LEDs=0000000000001000 | ALUResult=00000008 | MemWrite=1 | address=00000008 | write_data=0000000a
Time=400000 | PC=36 | inst=fff10113 | state(x10)=1 | x2=10 | x1=0 | LEDs=0000000000001011 | ALUResult=0000000b | MemWrite=0 | address=0000000b | write_data=00000000
Time=410000 | PC=40 | inst=fe000ae3 | state(x10)=1 | x2=11 | x1=0 | LEDs=0000000000000000 | ALUResult=00000000 | MemWrite=0 | address=00000000 | write_data=00000000
Time=420000 | PC=28 | inst=02010c63 | state(x10)=1 | x2=11 | x1=0 | LEDs=0000000000001011 | ALUResult=0000000b | MemWrite=0 | address=0000000b | write_data=00000000
Time=430000 | PC=32 | inst=00202423 | state(x10)=1 | x2=11 | x1=0 | LEDs=0000000000001000 | ALUResult=00000008 | MemWrite=1 | address=00000008 | write_data=0000000b
Time=440000 | PC=36 | inst=fff10113 | state(x10)=1 | x2=11 | x1=0 | LEDs=0000000000001100 | ALUResult=0000000c | MemWrite=0 | address=0000000c | write_data=00000000
Time=450000 | PC=40 | inst=fe000ae3 | state(x10)=1 | x2=12 | x1=0 | LEDs=0000000000000000 | ALUResult=00000000 | MemWrite=0 | address=00000000 | write_data=00000000
Time=460000 | PC=28 | inst=02010c63 | state(x10)=1 | x2=12 | x1=0 | LEDs=0000000000001100 | ALUResult=0000000c | MemWrite=0 | address=0000000c | write_data=00000000
Time=470000 | PC=32 | inst=00202423 | state(x10)=1 | x2=12 | x1=0 | LEDs=0000000000001000 | ALUResult=00000008 | MemWrite=1 | address=00000008 | write_data=0000000c
Time=480000 | PC=36 | inst=fff10113 | state(x10)=1 | x2=12 | x1=0 | LEDs=0000000000001101 | ALUResult=0000000d | MemWrite=0 | address=0000000d | write_data=00000000
Time=490000 | PC=40 | inst=fe000ae3 | state(x10)=1 | x2=13 | x1=0 | LEDs=0000000000000000 | ALUResult=00000000 | MemWrite=0 | address=00000000 | write_data=00000000
Time=500000 | PC=28 | inst=02010c63 | state(x10)=1 | x2=13 | x1=0 | LEDs=0000000000001101 | ALUResult=0000000d | MemWrite=0 | address=0000000d | write_data=00000000
Time=510000 | PC=32 | inst=00202423 | state(x10)=1 | x2=13 | x1=0 | LEDs=0000000000001000 | ALUResult=00000008 | MemWrite=1 | address=00000008 | write_data=0000000d
Time=520000 | PC=36 | inst=fff10113 | state(x10)=1 | x2=13 | x1=0 | LEDs=0000000000001110 | ALUResult=0000000e | MemWrite=0 | address=0000000e | write_data=00000000
Time=530000 | PC=40 | inst=fe000ae3 | state(x10)=1 | x2=14 | x1=0 | LEDs=0000000000000000 | ALUResult=00000000 | MemWrite=0 | address=00000000 | write_data=00000000
Time=540000 | PC=28 | inst=02010c63 | state(x10)=1 | x2=14 | x1=0 | LEDs=0000000000001110 | ALUResult=0000000e | MemWrite=0 | address=0000000e | write_data=00000000
Time=550000 | PC=32 | inst=00202423 | state(x10)=1 | x2=14 | x1=0 | LEDs=0000000000001000 | ALUResult=00000008 | MemWrite=1 | address=00000008 | write_data=0000000e
Time=560000 | PC=36 | inst=fff10113 | state(x10)=1 | x2=14 | x1=0 | LEDs=0000000000001111 | ALUResult=0000000f | MemWrite=0 | address=0000000f | write_data=00000000
Time=570000 | PC=40 | inst=fe000ae3 | state(x10)=1 | x2=15 | x1=0 | LEDs=0000000000000000 | ALUResult=00000000 | MemWrite=0 | address=00000000 | write_data=00000000
Time=580000 | PC=28 | inst=02010c63 | state(x10)=1 | x2=15 | x1=0 | LEDs=0000000000001111 | ALUResult=0000000f | MemWrite=0 | address=0000000f | write_data=00000000
Time=590000 | PC=32 | inst=00202423 | state(x10)=1 | x2=15 | x1=0 | LEDs=0000000000001000 | ALUResult=00000008 | MemWrite=1 | address=00000008 | write_data=0000000f
Time=600000 | PC=36 | inst=fff10113 | state(x10)=1 | x2=15 | x1=0 | LEDs=0000000000010000 | ALUResult=00000010 | MemWrite=0 | address=00000010 | write_data=00000000
Time=610000 | PC=40 | inst=fe000ae3 | state(x10)=1 | x2=16 | x1=0 | LEDs=0000000000000000 | ALUResult=00000000 | MemWrite=0 | address=00000000 | write_data=00000000
Time=620000 | PC=28 | inst=02010c63 | state(x10)=1 | x2=16 | x1=0 | LEDs=0000000000010000 | ALUResult=00000010 | MemWrite=0 | address=00000010 | write_data=00000000
Time=630000 | PC=32 | inst=00202423 | state(x10)=1 | x2=16 | x1=0 | LEDs=0000000000001000 | ALUResult=00000008 | MemWrite=1 | address=00000008 | write_data=00000010
Time=640000 | PC=36 | inst=fff10113 | state(x10)=1 | x2=16 | x1=0 | LEDs=0000000000010001 | ALUResult=00000011 | MemWrite=0 | address=00000011 | write_data=00000000
Time=650000 | PC=40 | inst=fe000ae3 | state(x10)=1 | x2=17 | x1=0 | LEDs=0000000000000000 | ALUResult=00000000 | MemWrite=0 | address=00000000 | write_data=00000000
Time=660000 | PC=28 | inst=02010c63 | state(x10)=1 | x2=17 | x1=0 | LEDs=0000000000010001 | ALUResult=00000011 | MemWrite=0 | address=00000011 | write_data=00000000
Time=670000 | PC=32 | inst=00202423 | state(x10)=1 | x2=17 | x1=0 | LEDs=0000000000001000 | ALUResult=00000008 | MemWrite=1 | address=00000008 | write_data=00000011
Time=680000 | PC=36 | inst=fff10113 | state(x10)=1 | x2=17 | x1=0 | LEDs=0000000000010010 | ALUResult=00000012 | MemWrite=0 | address=00000012 | write_data=00000000
Time=690000 | PC=40 | inst=fe000ae3 | state(x10)=1 | x2=18 | x1=0 | LEDs=0000000000000000 | ALUResult=00000000 | MemWrite=0 | address=00000000 | write_data=00000000
Time=700000 | PC=28 | inst=02010c63 | state(x10)=1 | x2=18 | x1=0 | LEDs=0000000000010010 | ALUResult=00000012 | MemWrite=0 | address=00000012 | write_data=00000000
Time=710000 | PC=32 | inst=00202423 | state(x10)=1 | x2=18 | x1=0 | LEDs=0000000000001000 | ALUResult=00000008 | MemWrite=1 | address=00000008 | write_data=00000012
Time=720000 | PC=36 | inst=fff10113 | state(x10)=1 | x2=18 | x1=0 | LEDs=0000000000010011 | ALUResult=00000013 | MemWrite=0 | address=00000013 | write_data=00000000
Time=730000 | PC=40 | inst=fe000ae3 | state(x10)=1 | x2=19 | x1=0 | LEDs=0000000000000000 | ALUResult=00000000 | MemWrite=0 | address=00000000 | write_data=00000000
Time=740000 | PC=28 | inst=02010c63 | state(x10)=1 | x2=19 | x1=0 | LEDs=0000000000010011 | ALUResult=00000013 | MemWrite=0 | address=00000013 | write_data=00000000
Time=750000 | PC=32 | inst=00202423 | state(x10)=1 | x2=19 | x1=0 | LEDs=0000000000001000 | ALUResult=00000008 | MemWrite=1 | address=00000008 | write_data=00000013
Time=760000 | PC=36 | inst=fff10113 | state(x10)=1 | x2=19 | x1=0 | LEDs=0000000000010100 | ALUResult=00000014 | MemWrite=0 | address=00000014 | write_data=00000000
Time=770000 | PC=40 | inst=fe000ae3 | state(x10)=1 | x2=20 | x1=0 | LEDs=0000000000000000 | ALUResult=00000000 | MemWrite=0 | address=00000000 | write_data=00000000
Time=780000 | PC=28 | inst=02010c63 | state(x10)=1 | x2=20 | x1=0 | LEDs=0000000000010100 | ALUResult=00000014 | MemWrite=0 | address=00000014 | write_data=00000000
Time=790000 | PC=32 | inst=00202423 | state(x10)=1 | x2=20 | x1=0 | LEDs=0000000000001000 | ALUResult=00000008 | MemWrite=1 | address=00000008 | write_data=00000014
Time=800000 | PC=36 | inst=fff10113 | state(x10)=1 | x2=20 | x1=0 | LEDs=0000000000010101 | ALUResult=00000015 | MemWrite=0 | address=00000015 | write_data=00000000
Time=810000 | PC=40 | inst=fe000ae3 | state(x10)=1 | x2=21 | x1=0 | LEDs=0000000000000000 | ALUResult=00000000 | MemWrite=0 | address=00000000 | write_data=00000000
Time=820000 | PC=28 | inst=02010c63 | state(x10)=1 | x2=21 | x1=0 | LEDs=0000000000010101 | ALUResult=00000015 | MemWrite=0 | address=00000015 | write_data=00000000
Time=830000 | PC=32 | inst=00202423 | state(x10)=1 | x2=21 | x1=0 | LEDs=0000000000001000 | ALUResult=00000008 | MemWrite=1 | address=00000008 | write_data=00000015
Time=840000 | PC=36 | inst=fff10113 | state(x10)=1 | x2=21 | x1=0 | LEDs=0000000000010110 | ALUResult=00000016 | MemWrite=0 | address=00000016 | write_data=00000000
Time=850000 | PC=40 | inst=fe000ae3 | state(x10)=1 | x2=22 | x1=0 | LEDs=0000000000000000 | ALUResult=00000000 | MemWrite=0 | address=00000000 | write_data=00000000
Time=860000 | PC=28 | inst=02010c63 | state(x10)=1 | x2=22 | x1=0 | LEDs=0000000000010110 | ALUResult=00000016 | MemWrite=0 | address=00000016 | write_data=00000000
Time=870000 | PC=32 | inst=00202423 | state(x10)=1 | x2=22 | x1=0 | LEDs=0000000000001000 | ALUResult=00000008 | MemWrite=1 | address=00000008 | write_data=00000016
Time=880000 | PC=36 | inst=fff10113 | state(x10)=1 | x2=22 | x1=0 | LEDs=0000000000010111 | ALUResult=00000017 | MemWrite=0 | address=00000017 | write_data=00000000
Time=890000 | PC=40 | inst=fe000ae3 | state(x10)=1 | x2=23 | x1=0 | LEDs=0000000000000000 | ALUResult=00000000 | MemWrite=0 | address=00000000 | write_data=00000000
Time=900000 | PC=28 | inst=02010c63 | state(x10)=1 | x2=23 | x1=0 | LEDs=0000000000010111 | ALUResult=00000017 | MemWrite=0 | address=00000017 | write_data=00000000
Time=910000 | PC=32 | inst=00202423 | state(x10)=1 | x2=23 | x1=0 | LEDs=0000000000001000 | ALUResult=00000008 | MemWrite=1 | address=00000008 | write_data=00000017
Time=920000 | PC=36 | inst=fff10113 | state(x10)=1 | x2=23 | x1=0 | LEDs=0000000000011000 | ALUResult=00000018 | MemWrite=0 | address=00000018 | write_data=00000000
Time=930000 | PC=40 | inst=fe000ae3 | state(x10)=1 | x2=24 | x1=0 | LEDs=0000000000000000 | ALUResult=00000000 | MemWrite=0 | address=00000000 | write_data=00000000
Time=940000 | PC=28 | inst=02010c63 | state(x10)=1 | x2=24 | x1=0 | LEDs=0000000000011000 | ALUResult=00000018 | MemWrite=0 | address=00000018 | write_data=00000000
Time=950000 | PC=32 | inst=00202423 | state(x10)=1 | x2=24 | x1=0 | LEDs=0000000000001000 | ALUResult=00000008 | MemWrite=1 | address=00000008 | write_data=00000018
Time=960000 | PC=36 | inst=fff10113 | state(x10)=1 | x2=24 | x1=0 | LEDs=0000000000011001 | ALUResult=00000019 | MemWrite=0 | address=00000019 | write_data=00000000
Time=970000 | PC=40 | inst=fe000ae3 | state(x10)=1 | x2=25 | x1=0 | LEDs=0000000000000000 | ALUResult=00000000 | MemWrite=0 | address=00000000 | write_data=00000000
Time=980000 | PC=28 | inst=02010c63 | state(x10)=1 | x2=25 | x1=0 | LEDs=0000000000011001 | ALUResult=00000019 | MemWrite=0 | address=00000019 | write_data=00000000
Time=990000 | PC=32 | inst=00202423 | state(x10)=1 | x2=25 | x1=0 | LEDs=0000000000001000 | ALUResult=00000008 | MemWrite=1 | address=00000008 | write_data=00000019
Time=1000000 | PC=36 | inst=fff10113 | state(x10)=1 | x2=25 | x1=0 | LEDs=0000000000011010 | ALUResult=0000001a | MemWrite=0 | address=0000001a | write_data=00000000
INFO: [USF-XSim-96] XSim completed. Design snapshot 'tb_countdown_behav' loaded.
INFO: [USF-XSim-97] XSim simulation ran for 1000ns
launch_simulation: Time (s): cpu = 00:00:03 ; elapsed = 00:00:05 . Memory (MB): peak = 1016.734 ; gain = 0.000
close_sim
INFO: [Simtcl 6-16] Simulation closed
launch_simulation
Command: launch_simulation 
INFO: [Vivado 12-5682] Launching behavioral simulation in 'C:/Users/tau/Documents/CA-Labs-T1/TopProcessor/lab11.sim/sim_1/behav/xsim'
INFO: [SIM-utils-51] Simulation object is 'sim_1'
INFO: [SIM-utils-54] Inspecting design source files for 'tb_countdown' in fileset 'sim_1'...
INFO: [SIM-utils-43] Exported 'C:/Users/tau/Documents/CA-Labs-T1/TopProcessor/lab11.sim/sim_1/behav/xsim/instructions.mem'
INFO: [SIM-utils-43] Exported 'C:/Users/tau/Documents/CA-Labs-T1/TopProcessor/lab11.sim/sim_1/behav/xsim/instructions_task1.mem'
INFO: [SIM-utils-43] Exported 'C:/Users/tau/Documents/CA-Labs-T1/TopProcessor/lab11.sim/sim_1/behav/xsim/instructions.mem'
INFO: [SIM-utils-43] Exported 'C:/Users/tau/Documents/CA-Labs-T1/TopProcessor/lab11.sim/sim_1/behav/xsim/instructions_task1.mem'
INFO: [USF-XSim-97] Finding global include files...
INFO: [USF-XSim-98] Fetching design files from 'sim_1'...
INFO: [USF-XSim-2] XSim::Compile design
INFO: [USF-XSim-61] Executing 'COMPILE and ANALYZE' step in 'C:/Users/tau/Documents/CA-Labs-T1/TopProcessor/lab11.sim/sim_1/behav/xsim'
"xvlog --incr --relax -prj tb_countdown_vlog.prj"
INFO: [VRFC 10-2263] Analyzing Verilog file "C:/Users/tau/Documents/CA-Labs-T1/TopProcessor/lab11.srcs/sources_1/new/2_MUX.v" into library xil_defaultlib
INFO: [VRFC 10-311] analyzing module branch_MUX
INFO: [VRFC 10-2263] Analyzing Verilog file "C:/Users/tau/Documents/CA-Labs-T1/TopProcessor/lab11.srcs/sources_1/new/ALU.v" into library xil_defaultlib
INFO: [VRFC 10-311] analyzing module ALU
INFO: [VRFC 10-2263] Analyzing Verilog file "C:/Users/tau/Documents/CA-Labs-T1/TopProcessor/lab11.srcs/sources_1/new/ALUControl.v" into library xil_defaultlib
INFO: [VRFC 10-311] analyzing module ALUControl
INFO: [VRFC 10-2263] Analyzing Verilog file "C:/Users/tau/Documents/CA-Labs-T1/TopProcessor/lab11.srcs/sources_1/new/BranchAdd.v" into library xil_defaultlib
INFO: [VRFC 10-311] analyzing module BranchAdd
INFO: [VRFC 10-2263] Analyzing Verilog file "C:/Users/tau/Documents/CA-Labs-T1/TopProcessor/lab11.srcs/sources_1/new/DataMemory.v" into library xil_defaultlib
INFO: [VRFC 10-311] analyzing module DataMemory
INFO: [VRFC 10-2263] Analyzing Verilog file "C:/Users/tau/Documents/CA-Labs-T1/TopProcessor/lab11.srcs/sources_1/new/InstructionMemory.v" into library xil_defaultlib
INFO: [VRFC 10-311] analyzing module instructionMemory
INFO: [VRFC 10-2263] Analyzing Verilog file "C:/Users/tau/Documents/CA-Labs-T1/TopProcessor/lab11.srcs/sources_1/new/MainControl.v" into library xil_defaultlib
INFO: [VRFC 10-311] analyzing module MainControl
INFO: [VRFC 10-2263] Analyzing Verilog file "C:/Users/tau/Documents/CA-Labs-T1/TopProcessor/lab11.srcs/sources_1/new/PC.v" into library xil_defaultlib
INFO: [VRFC 10-311] analyzing module PC
INFO: [VRFC 10-2263] Analyzing Verilog file "C:/Users/tau/Documents/CA-Labs-T1/TopProcessor/lab11.srcs/sources_1/new/PCAdder.v" into library xil_defaultlib
INFO: [VRFC 10-311] analyzing module PCAdder
INFO: [VRFC 10-2263] Analyzing Verilog file "C:/Users/tau/Documents/CA-Labs-T1/TopProcessor/lab11.srcs/sources_1/new/Register.v" into library xil_defaultlib
INFO: [VRFC 10-311] analyzing module Register
INFO: [VRFC 10-2263] Analyzing Verilog file "C:/Users/tau/Documents/CA-Labs-T1/TopProcessor/lab11.srcs/sources_1/new/TopProcessor.v" into library xil_defaultlib
INFO: [VRFC 10-311] analyzing module topProcessor
INFO: [VRFC 10-2263] Analyzing Verilog file "C:/Users/tau/Documents/CA-Labs-T1/TopProcessor/lab11.srcs/sources_1/new/immGen.v" into library xil_defaultlib
INFO: [VRFC 10-311] analyzing module immGen
INFO: [VRFC 10-2263] Analyzing Verilog file "C:/Users/tau/Documents/CA-Labs-T1/TopProcessor/lab11.srcs/sources_1/new/sevensegment.v" into library xil_defaultlib
INFO: [VRFC 10-311] analyzing module SevenSegment
INFO: [VRFC 10-2263] Analyzing Verilog file "C:/Users/tau/Documents/CA-Labs-T1/TopProcessor/lab11.srcs/sim_1/new/pc_tb.v" into library xil_defaultlib
INFO: [VRFC 10-311] analyzing module tb_countdown
INFO: [USF-XSim-69] 'compile' step finished in '2' seconds
INFO: [USF-XSim-3] XSim::Elaborate design
INFO: [USF-XSim-61] Executing 'ELABORATE' step in 'C:/Users/tau/Documents/CA-Labs-T1/TopProcessor/lab11.sim/sim_1/behav/xsim'
"xelab -wto f8d01134f7dc4a89acf0d8e4e2a22205 --incr --debug typical --relax --mt 2 -L xil_defaultlib -L unisims_ver -L unimacro_ver -L secureip --snapshot tb_countdown_behav xil_defaultlib.tb_countdown xil_defaultlib.glbl -log elaborate.log"
Vivado Simulator 2020.1
Copyright 1986-1999, 2001-2020 Xilinx, Inc. All Rights Reserved.
Running: C:/Xilinx/Vivado/2020.1/bin/unwrapped/win64.o/xelab.exe -wto f8d01134f7dc4a89acf0d8e4e2a22205 --incr --debug typical --relax --mt 2 -L xil_defaultlib -L unisims_ver -L unimacro_ver -L secureip --snapshot tb_countdown_behav xil_defaultlib.tb_countdown xil_defaultlib.glbl -log elaborate.log 
Using 2 slave threads.
Starting static elaboration
Pass Through NonSizing Optimizer
Completed static elaboration
Starting simulation data flow analysis
Completed simulation data flow analysis
Time Resolution for simulation is 1ps
Compiling module xil_defaultlib.ALU
Compiling module xil_defaultlib.Register
Compiling module xil_defaultlib.DataMemory
Compiling module xil_defaultlib.MainControl
Compiling module xil_defaultlib.ALUControl
Compiling module xil_defaultlib.instructionMemory
Compiling module xil_defaultlib.branch_MUX
Compiling module xil_defaultlib.PC
Compiling module xil_defaultlib.PCAdder
Compiling module xil_defaultlib.BranchAdd
Compiling module xil_defaultlib.immGen
Compiling module xil_defaultlib.SevenSegment
Compiling module xil_defaultlib.topProcessor
Compiling module xil_defaultlib.tb_countdown
Compiling module xil_defaultlib.glbl
Built simulation snapshot tb_countdown_behav
INFO: [USF-XSim-69] 'elaborate' step finished in '2' seconds
INFO: [USF-XSim-4] XSim::Simulate design
INFO: [USF-XSim-61] Executing 'SIMULATE' step in 'C:/Users/tau/Documents/CA-Labs-T1/TopProcessor/lab11.sim/sim_1/behav/xsim'
INFO: [USF-XSim-98] *** Running xsim
   with args "tb_countdown_behav -key {Behavioral:sim_1:Functional:tb_countdown} -tclbatch {tb_countdown.tcl} -log {simulate.log}"
INFO: [USF-XSim-8] Loading simulator feature
Vivado Simulator 2020.1
Time resolution is 1 ps
source tb_countdown.tcl
# set curr_wave [current_wave_config]
# if { [string length $curr_wave] == 0 } {
#   if { [llength [get_objects]] > 0} {
#     add_wave /
#     set_property needs_save false [current_wave_config]
#   } else {
#      send_msg_id Add_Wave-1 WARNING "No top level signals found. Simulator will start without a wave window. If you want to open a wave window go to 'File->New Waveform Configuration' or type 'create_wave_config' in the TCL console."
#   }
# }
# run 1000ns
Time=20000 | PC=0 | inst=00000513 | state(x10)=0 | x2=0 | x1=0 | LEDs=0000000000000000 | ALUResult=00000000 | MemWrite=0 | address=00000000 | write_data=00000000
Time=30000 | PC=4 | inst=00500113 | state(x10)=0 | x2=0 | x1=0 | LEDs=0000000000000101 | ALUResult=00000005 | MemWrite=0 | address=00000005 | write_data=00000000
Time=40000 | PC=8 | inst=00202223 | state(x10)=0 | x2=5 | x1=0 | LEDs=0000000000000100 | ALUResult=00000004 | MemWrite=1 | address=00000004 | write_data=00000005
Time=50000 | PC=12 | inst=00002083 | state(x10)=0 | x2=5 | x1=0 | LEDs=0000000000000000 | ALUResult=00000000 | MemWrite=0 | address=00000000 | write_data=00000000
Time=60000 | PC=16 | inst=00100193 | state(x10)=0 | x2=5 | x1=0 | LEDs=0000000000000001 | ALUResult=00000001 | MemWrite=0 | address=00000001 | write_data=00000000
Time=70000 | PC=20 | inst=02308663 | state(x10)=0 | x2=5 | x1=0 | LEDs=1111111111111111 | ALUResult=ffffffff | MemWrite=0 | address=ffffffff | write_data=00000001
Time=80000 | PC=24 | inst=00050a63 | state(x10)=0 | x2=5 | x1=0 | LEDs=0000000000000000 | ALUResult=00000000 | MemWrite=0 | address=00000000 | write_data=00000000
Time=90000 | PC=44 | inst=00402103 | state(x10)=0 | x2=5 | x1=0 | LEDs=0000000000000100 | ALUResult=00000004 | MemWrite=0 | address=00000004 | write_data=00000000
Time=100000 | PC=48 | inst=fc010ee3 | state(x10)=0 | x2=5 | x1=0 | LEDs=0000000000000101 | ALUResult=00000005 | MemWrite=0 | address=00000005 | write_data=00000000
Time=110000 | PC=52 | inst=00202423 | state(x10)=0 | x2=5 | x1=0 | LEDs=0000000000001000 | ALUResult=00000008 | MemWrite=1 | address=00000008 | write_data=00000005

=== AFTER INIT ===
state(x10) = 0 (expected 0)
x2 = 5 (expected 5)
memory[4] = 5 (expected 5)
Time=120000 | PC=56 | inst=00100513 | state(x10)=0 | x2=5 | x1=0 | LEDs=0000000000000001 | ALUResult=00000001 | MemWrite=0 | address=00000001 | write_data=00000000
Time=130000 | PC=60 | inst=fc0008e3 | state(x10)=1 | x2=5 | x1=0 | LEDs=0000000000000000 | ALUResult=00000000 | MemWrite=0 | address=00000000 | write_data=00000000
Time=140000 | PC=12 | inst=00002083 | state(x10)=1 | x2=5 | x1=0 | LEDs=0000000000000000 | ALUResult=00000000 | MemWrite=0 | address=00000000 | write_data=00000000
Time=150000 | PC=16 | inst=00100193 | state(x10)=1 | x2=5 | x1=0 | LEDs=0000000000000001 | ALUResult=00000001 | MemWrite=0 | address=00000001 | write_data=00000000
Time=160000 | PC=20 | inst=02308663 | state(x10)=1 | x2=5 | x1=0 | LEDs=1111111111111111 | ALUResult=ffffffff | MemWrite=0 | address=ffffffff | write_data=00000001
Time=170000 | PC=24 | inst=00050a63 | state(x10)=1 | x2=5 | x1=0 | LEDs=0000000000000001 | ALUResult=00000001 | MemWrite=0 | address=00000001 | write_data=00000000
Time=180000 | PC=28 | inst=02010c63 | state(x10)=1 | x2=5 | x1=0 | LEDs=0000000000000101 | ALUResult=00000005 | MemWrite=0 | address=00000005 | write_data=00000000
Time=190000 | PC=32 | inst=00202423 | state(x10)=1 | x2=5 | x1=0 | LEDs=0000000000001000 | ALUResult=00000008 | MemWrite=1 | address=00000008 | write_data=00000005
Time=200000 | PC=36 | inst=fff10113 | state(x10)=1 | x2=5 | x1=0 | LEDs=0000000000000110 | ALUResult=00000006 | MemWrite=0 | address=00000006 | write_data=00000000
Time=210000 | PC=40 | inst=fe000ae3 | state(x10)=1 | x2=6 | x1=0 | LEDs=0000000000000000 | ALUResult=00000000 | MemWrite=0 | address=00000000 | write_data=00000000
Time=220000 | PC=28 | inst=02010c63 | state(x10)=1 | x2=6 | x1=0 | LEDs=0000000000000110 | ALUResult=00000006 | MemWrite=0 | address=00000006 | write_data=00000000
Time=230000 | PC=32 | inst=00202423 | state(x10)=1 | x2=6 | x1=0 | LEDs=0000000000001000 | ALUResult=00000008 | MemWrite=1 | address=00000008 | write_data=00000006
Time=240000 | PC=36 | inst=fff10113 | state(x10)=1 | x2=6 | x1=0 | LEDs=0000000000000111 | ALUResult=00000007 | MemWrite=0 | address=00000007 | write_data=00000000
Time=250000 | PC=40 | inst=fe000ae3 | state(x10)=1 | x2=7 | x1=0 | LEDs=0000000000000000 | ALUResult=00000000 | MemWrite=0 | address=00000000 | write_data=00000000
Time=260000 | PC=28 | inst=02010c63 | state(x10)=1 | x2=7 | x1=0 | LEDs=0000000000000111 | ALUResult=00000007 | MemWrite=0 | address=00000007 | write_data=00000000
Time=270000 | PC=32 | inst=00202423 | state(x10)=1 | x2=7 | x1=0 | LEDs=0000000000001000 | ALUResult=00000008 | MemWrite=1 | address=00000008 | write_data=00000007
Time=280000 | PC=36 | inst=fff10113 | state(x10)=1 | x2=7 | x1=0 | LEDs=0000000000001000 | ALUResult=00000008 | MemWrite=0 | address=00000008 | write_data=00000000
Time=290000 | PC=40 | inst=fe000ae3 | state(x10)=1 | x2=8 | x1=0 | LEDs=0000000000000000 | ALUResult=00000000 | MemWrite=0 | address=00000000 | write_data=00000000
Time=300000 | PC=28 | inst=02010c63 | state(x10)=1 | x2=8 | x1=0 | LEDs=0000000000001000 | ALUResult=00000008 | MemWrite=0 | address=00000008 | write_data=00000000
Time=310000 | PC=32 | inst=00202423 | state(x10)=1 | x2=8 | x1=0 | LEDs=0000000000001000 | ALUResult=00000008 | MemWrite=1 | address=00000008 | write_data=00000008

=== AFTER INPUT STATE ===
state(x10) = 1 (expected 1 = COUNTDOWN)
x2 = 8 (expected 5)
Time=320000 | PC=36 | inst=fff10113 | state(x10)=1 | x2=8 | x1=0 | LEDs=0000000000001001 | ALUResult=00000009 | MemWrite=0 | address=00000009 | write_data=00000000
Time=330000 | PC=40 | inst=fe000ae3 | state(x10)=1 | x2=9 | x1=0 | LEDs=0000000000000000 | ALUResult=00000000 | MemWrite=0 | address=00000000 | write_data=00000000
Time=340000 | PC=28 | inst=02010c63 | state(x10)=1 | x2=9 | x1=0 | LEDs=0000000000001001 | ALUResult=00000009 | MemWrite=0 | address=00000009 | write_data=00000000
Time=350000 | PC=32 | inst=00202423 | state(x10)=1 | x2=9 | x1=0 | LEDs=0000000000001000 | ALUResult=00000008 | MemWrite=1 | address=00000008 | write_data=00000009
Time=360000 | PC=36 | inst=fff10113 | state(x10)=1 | x2=9 | x1=0 | LEDs=0000000000001010 | ALUResult=0000000a | MemWrite=0 | address=0000000a | write_data=00000000
Time=370000 | PC=40 | inst=fe000ae3 | state(x10)=1 | x2=10 | x1=0 | LEDs=0000000000000000 | ALUResult=00000000 | MemWrite=0 | address=00000000 | write_data=00000000
Time=380000 | PC=28 | inst=02010c63 | state(x10)=1 | x2=10 | x1=0 | LEDs=0000000000001010 | ALUResult=0000000a | MemWrite=0 | address=0000000a | write_data=00000000
Time=390000 | PC=32 | inst=00202423 | state(x10)=1 | x2=10 | x1=0 | LEDs=0000000000001000 | ALUResult=00000008 | MemWrite=1 | address=00000008 | write_data=0000000a
Time=400000 | PC=36 | inst=fff10113 | state(x10)=1 | x2=10 | x1=0 | LEDs=0000000000001011 | ALUResult=0000000b | MemWrite=0 | address=0000000b | write_data=00000000
Time=410000 | PC=40 | inst=fe000ae3 | state(x10)=1 | x2=11 | x1=0 | LEDs=0000000000000000 | ALUResult=00000000 | MemWrite=0 | address=00000000 | write_data=00000000
Time=420000 | PC=28 | inst=02010c63 | state(x10)=1 | x2=11 | x1=0 | LEDs=0000000000001011 | ALUResult=0000000b | MemWrite=0 | address=0000000b | write_data=00000000
Time=430000 | PC=32 | inst=00202423 | state(x10)=1 | x2=11 | x1=0 | LEDs=0000000000001000 | ALUResult=00000008 | MemWrite=1 | address=00000008 | write_data=0000000b
Time=440000 | PC=36 | inst=fff10113 | state(x10)=1 | x2=11 | x1=0 | LEDs=0000000000001100 | ALUResult=0000000c | MemWrite=0 | address=0000000c | write_data=00000000
Time=450000 | PC=40 | inst=fe000ae3 | state(x10)=1 | x2=12 | x1=0 | LEDs=0000000000000000 | ALUResult=00000000 | MemWrite=0 | address=00000000 | write_data=00000000
Time=460000 | PC=28 | inst=02010c63 | state(x10)=1 | x2=12 | x1=0 | LEDs=0000000000001100 | ALUResult=0000000c | MemWrite=0 | address=0000000c | write_data=00000000
Time=470000 | PC=32 | inst=00202423 | state(x10)=1 | x2=12 | x1=0 | LEDs=0000000000001000 | ALUResult=00000008 | MemWrite=1 | address=00000008 | write_data=0000000c
Time=480000 | PC=36 | inst=fff10113 | state(x10)=1 | x2=12 | x1=0 | LEDs=0000000000001101 | ALUResult=0000000d | MemWrite=0 | address=0000000d | write_data=00000000
Time=490000 | PC=40 | inst=fe000ae3 | state(x10)=1 | x2=13 | x1=0 | LEDs=0000000000000000 | ALUResult=00000000 | MemWrite=0 | address=00000000 | write_data=00000000
Time=500000 | PC=28 | inst=02010c63 | state(x10)=1 | x2=13 | x1=0 | LEDs=0000000000001101 | ALUResult=0000000d | MemWrite=0 | address=0000000d | write_data=00000000
Time=510000 | PC=32 | inst=00202423 | state(x10)=1 | x2=13 | x1=0 | LEDs=0000000000001000 | ALUResult=00000008 | MemWrite=1 | address=00000008 | write_data=0000000d
Time=520000 | PC=36 | inst=fff10113 | state(x10)=1 | x2=13 | x1=0 | LEDs=0000000000001110 | ALUResult=0000000e | MemWrite=0 | address=0000000e | write_data=00000000
Time=530000 | PC=40 | inst=fe000ae3 | state(x10)=1 | x2=14 | x1=0 | LEDs=0000000000000000 | ALUResult=00000000 | MemWrite=0 | address=00000000 | write_data=00000000
Time=540000 | PC=28 | inst=02010c63 | state(x10)=1 | x2=14 | x1=0 | LEDs=0000000000001110 | ALUResult=0000000e | MemWrite=0 | address=0000000e | write_data=00000000
Time=550000 | PC=32 | inst=00202423 | state(x10)=1 | x2=14 | x1=0 | LEDs=0000000000001000 | ALUResult=00000008 | MemWrite=1 | address=00000008 | write_data=0000000e
Time=560000 | PC=36 | inst=fff10113 | state(x10)=1 | x2=14 | x1=0 | LEDs=0000000000001111 | ALUResult=0000000f | MemWrite=0 | address=0000000f | write_data=00000000
Time=570000 | PC=40 | inst=fe000ae3 | state(x10)=1 | x2=15 | x1=0 | LEDs=0000000000000000 | ALUResult=00000000 | MemWrite=0 | address=00000000 | write_data=00000000
Time=580000 | PC=28 | inst=02010c63 | state(x10)=1 | x2=15 | x1=0 | LEDs=0000000000001111 | ALUResult=0000000f | MemWrite=0 | address=0000000f | write_data=00000000
Time=590000 | PC=32 | inst=00202423 | state(x10)=1 | x2=15 | x1=0 | LEDs=0000000000001000 | ALUResult=00000008 | MemWrite=1 | address=00000008 | write_data=0000000f
Time=600000 | PC=36 | inst=fff10113 | state(x10)=1 | x2=15 | x1=0 | LEDs=0000000000010000 | ALUResult=00000010 | MemWrite=0 | address=00000010 | write_data=00000000
Time=610000 | PC=40 | inst=fe000ae3 | state(x10)=1 | x2=16 | x1=0 | LEDs=0000000000000000 | ALUResult=00000000 | MemWrite=0 | address=00000000 | write_data=00000000
Time=620000 | PC=28 | inst=02010c63 | state(x10)=1 | x2=16 | x1=0 | LEDs=0000000000010000 | ALUResult=00000010 | MemWrite=0 | address=00000010 | write_data=00000000
Time=630000 | PC=32 | inst=00202423 | state(x10)=1 | x2=16 | x1=0 | LEDs=0000000000001000 | ALUResult=00000008 | MemWrite=1 | address=00000008 | write_data=00000010
Time=640000 | PC=36 | inst=fff10113 | state(x10)=1 | x2=16 | x1=0 | LEDs=0000000000010001 | ALUResult=00000011 | MemWrite=0 | address=00000011 | write_data=00000000
Time=650000 | PC=40 | inst=fe000ae3 | state(x10)=1 | x2=17 | x1=0 | LEDs=0000000000000000 | ALUResult=00000000 | MemWrite=0 | address=00000000 | write_data=00000000
Time=660000 | PC=28 | inst=02010c63 | state(x10)=1 | x2=17 | x1=0 | LEDs=0000000000010001 | ALUResult=00000011 | MemWrite=0 | address=00000011 | write_data=00000000
Time=670000 | PC=32 | inst=00202423 | state(x10)=1 | x2=17 | x1=0 | LEDs=0000000000001000 | ALUResult=00000008 | MemWrite=1 | address=00000008 | write_data=00000011
Time=680000 | PC=36 | inst=fff10113 | state(x10)=1 | x2=17 | x1=0 | LEDs=0000000000010010 | ALUResult=00000012 | MemWrite=0 | address=00000012 | write_data=00000000
Time=690000 | PC=40 | inst=fe000ae3 | state(x10)=1 | x2=18 | x1=0 | LEDs=0000000000000000 | ALUResult=00000000 | MemWrite=0 | address=00000000 | write_data=00000000
Time=700000 | PC=28 | inst=02010c63 | state(x10)=1 | x2=18 | x1=0 | LEDs=0000000000010010 | ALUResult=00000012 | MemWrite=0 | address=00000012 | write_data=00000000
Time=710000 | PC=32 | inst=00202423 | state(x10)=1 | x2=18 | x1=0 | LEDs=0000000000001000 | ALUResult=00000008 | MemWrite=1 | address=00000008 | write_data=00000012
Time=720000 | PC=36 | inst=fff10113 | state(x10)=1 | x2=18 | x1=0 | LEDs=0000000000010011 | ALUResult=00000013 | MemWrite=0 | address=00000013 | write_data=00000000
Time=730000 | PC=40 | inst=fe000ae3 | state(x10)=1 | x2=19 | x1=0 | LEDs=0000000000000000 | ALUResult=00000000 | MemWrite=0 | address=00000000 | write_data=00000000
Time=740000 | PC=28 | inst=02010c63 | state(x10)=1 | x2=19 | x1=0 | LEDs=0000000000010011 | ALUResult=00000013 | MemWrite=0 | address=00000013 | write_data=00000000
Time=750000 | PC=32 | inst=00202423 | state(x10)=1 | x2=19 | x1=0 | LEDs=0000000000001000 | ALUResult=00000008 | MemWrite=1 | address=00000008 | write_data=00000013
Time=760000 | PC=36 | inst=fff10113 | state(x10)=1 | x2=19 | x1=0 | LEDs=0000000000010100 | ALUResult=00000014 | MemWrite=0 | address=00000014 | write_data=00000000
Time=770000 | PC=40 | inst=fe000ae3 | state(x10)=1 | x2=20 | x1=0 | LEDs=0000000000000000 | ALUResult=00000000 | MemWrite=0 | address=00000000 | write_data=00000000
Time=780000 | PC=28 | inst=02010c63 | state(x10)=1 | x2=20 | x1=0 | LEDs=0000000000010100 | ALUResult=00000014 | MemWrite=0 | address=00000014 | write_data=00000000
Time=790000 | PC=32 | inst=00202423 | state(x10)=1 | x2=20 | x1=0 | LEDs=0000000000001000 | ALUResult=00000008 | MemWrite=1 | address=00000008 | write_data=00000014
Time=800000 | PC=36 | inst=fff10113 | state(x10)=1 | x2=20 | x1=0 | LEDs=0000000000010101 | ALUResult=00000015 | MemWrite=0 | address=00000015 | write_data=00000000
Time=810000 | PC=40 | inst=fe000ae3 | state(x10)=1 | x2=21 | x1=0 | LEDs=0000000000000000 | ALUResult=00000000 | MemWrite=0 | address=00000000 | write_data=00000000
Time=820000 | PC=28 | inst=02010c63 | state(x10)=1 | x2=21 | x1=0 | LEDs=0000000000010101 | ALUResult=00000015 | MemWrite=0 | address=00000015 | write_data=00000000
Time=830000 | PC=32 | inst=00202423 | state(x10)=1 | x2=21 | x1=0 | LEDs=0000000000001000 | ALUResult=00000008 | MemWrite=1 | address=00000008 | write_data=00000015
Time=840000 | PC=36 | inst=fff10113 | state(x10)=1 | x2=21 | x1=0 | LEDs=0000000000010110 | ALUResult=00000016 | MemWrite=0 | address=00000016 | write_data=00000000
Time=850000 | PC=40 | inst=fe000ae3 | state(x10)=1 | x2=22 | x1=0 | LEDs=0000000000000000 | ALUResult=00000000 | MemWrite=0 | address=00000000 | write_data=00000000
Time=860000 | PC=28 | inst=02010c63 | state(x10)=1 | x2=22 | x1=0 | LEDs=0000000000010110 | ALUResult=00000016 | MemWrite=0 | address=00000016 | write_data=00000000
Time=870000 | PC=32 | inst=00202423 | state(x10)=1 | x2=22 | x1=0 | LEDs=0000000000001000 | ALUResult=00000008 | MemWrite=1 | address=00000008 | write_data=00000016
Time=880000 | PC=36 | inst=fff10113 | state(x10)=1 | x2=22 | x1=0 | LEDs=0000000000010111 | ALUResult=00000017 | MemWrite=0 | address=00000017 | write_data=00000000
Time=890000 | PC=40 | inst=fe000ae3 | state(x10)=1 | x2=23 | x1=0 | LEDs=0000000000000000 | ALUResult=00000000 | MemWrite=0 | address=00000000 | write_data=00000000
Time=900000 | PC=28 | inst=02010c63 | state(x10)=1 | x2=23 | x1=0 | LEDs=0000000000010111 | ALUResult=00000017 | MemWrite=0 | address=00000017 | write_data=00000000
Time=910000 | PC=32 | inst=00202423 | state(x10)=1 | x2=23 | x1=0 | LEDs=0000000000001000 | ALUResult=00000008 | MemWrite=1 | address=00000008 | write_data=00000017
Time=920000 | PC=36 | inst=fff10113 | state(x10)=1 | x2=23 | x1=0 | LEDs=0000000000011000 | ALUResult=00000018 | MemWrite=0 | address=00000018 | write_data=00000000
Time=930000 | PC=40 | inst=fe000ae3 | state(x10)=1 | x2=24 | x1=0 | LEDs=0000000000000000 | ALUResult=00000000 | MemWrite=0 | address=00000000 | write_data=00000000
Time=940000 | PC=28 | inst=02010c63 | state(x10)=1 | x2=24 | x1=0 | LEDs=0000000000011000 | ALUResult=00000018 | MemWrite=0 | address=00000018 | write_data=00000000
Time=950000 | PC=32 | inst=00202423 | state(x10)=1 | x2=24 | x1=0 | LEDs=0000000000001000 | ALUResult=00000008 | MemWrite=1 | address=00000008 | write_data=00000018
Time=960000 | PC=36 | inst=fff10113 | state(x10)=1 | x2=24 | x1=0 | LEDs=0000000000011001 | ALUResult=00000019 | MemWrite=0 | address=00000019 | write_data=00000000
Time=970000 | PC=40 | inst=fe000ae3 | state(x10)=1 | x2=25 | x1=0 | LEDs=0000000000000000 | ALUResult=00000000 | MemWrite=0 | address=00000000 | write_data=00000000
Time=980000 | PC=28 | inst=02010c63 | state(x10)=1 | x2=25 | x1=0 | LEDs=0000000000011001 | ALUResult=00000019 | MemWrite=0 | address=00000019 | write_data=00000000
Time=990000 | PC=32 | inst=00202423 | state(x10)=1 | x2=25 | x1=0 | LEDs=0000000000001000 | ALUResult=00000008 | MemWrite=1 | address=00000008 | write_data=00000019
Time=1000000 | PC=36 | inst=fff10113 | state(x10)=1 | x2=25 | x1=0 | LEDs=0000000000011010 | ALUResult=0000001a | MemWrite=0 | address=0000001a | write_data=00000000
INFO: [USF-XSim-96] XSim completed. Design snapshot 'tb_countdown_behav' loaded.
INFO: [USF-XSim-97] XSim simulation ran for 1000ns
launch_simulation: Time (s): cpu = 00:00:03 ; elapsed = 00:00:06 . Memory (MB): peak = 1017.465 ; gain = 0.000
close_sim
INFO: [Simtcl 6-16] Simulation closed
launch_simulation
Command: launch_simulation 
INFO: [Vivado 12-5682] Launching behavioral simulation in 'C:/Users/tau/Documents/CA-Labs-T1/TopProcessor/lab11.sim/sim_1/behav/xsim'
INFO: [SIM-utils-51] Simulation object is 'sim_1'
INFO: [SIM-utils-54] Inspecting design source files for 'tb_countdown' in fileset 'sim_1'...
INFO: [SIM-utils-43] Exported 'C:/Users/tau/Documents/CA-Labs-T1/TopProcessor/lab11.sim/sim_1/behav/xsim/instructions.mem'
INFO: [SIM-utils-43] Exported 'C:/Users/tau/Documents/CA-Labs-T1/TopProcessor/lab11.sim/sim_1/behav/xsim/instructions_task1.mem'
INFO: [SIM-utils-43] Exported 'C:/Users/tau/Documents/CA-Labs-T1/TopProcessor/lab11.sim/sim_1/behav/xsim/instructions.mem'
INFO: [SIM-utils-43] Exported 'C:/Users/tau/Documents/CA-Labs-T1/TopProcessor/lab11.sim/sim_1/behav/xsim/instructions_task1.mem'
INFO: [USF-XSim-97] Finding global include files...
INFO: [USF-XSim-98] Fetching design files from 'sim_1'...
INFO: [USF-XSim-2] XSim::Compile design
INFO: [USF-XSim-61] Executing 'COMPILE and ANALYZE' step in 'C:/Users/tau/Documents/CA-Labs-T1/TopProcessor/lab11.sim/sim_1/behav/xsim'
"xvlog --incr --relax -prj tb_countdown_vlog.prj"
INFO: [VRFC 10-2263] Analyzing Verilog file "C:/Users/tau/Documents/CA-Labs-T1/TopProcessor/lab11.srcs/sources_1/new/2_MUX.v" into library xil_defaultlib
INFO: [VRFC 10-311] analyzing module branch_MUX
INFO: [VRFC 10-2263] Analyzing Verilog file "C:/Users/tau/Documents/CA-Labs-T1/TopProcessor/lab11.srcs/sources_1/new/ALU.v" into library xil_defaultlib
INFO: [VRFC 10-311] analyzing module ALU
INFO: [VRFC 10-2263] Analyzing Verilog file "C:/Users/tau/Documents/CA-Labs-T1/TopProcessor/lab11.srcs/sources_1/new/ALUControl.v" into library xil_defaultlib
INFO: [VRFC 10-311] analyzing module ALUControl
INFO: [VRFC 10-2263] Analyzing Verilog file "C:/Users/tau/Documents/CA-Labs-T1/TopProcessor/lab11.srcs/sources_1/new/BranchAdd.v" into library xil_defaultlib
INFO: [VRFC 10-311] analyzing module BranchAdd
INFO: [VRFC 10-2263] Analyzing Verilog file "C:/Users/tau/Documents/CA-Labs-T1/TopProcessor/lab11.srcs/sources_1/new/DataMemory.v" into library xil_defaultlib
INFO: [VRFC 10-311] analyzing module DataMemory
INFO: [VRFC 10-2263] Analyzing Verilog file "C:/Users/tau/Documents/CA-Labs-T1/TopProcessor/lab11.srcs/sources_1/new/InstructionMemory.v" into library xil_defaultlib
INFO: [VRFC 10-311] analyzing module instructionMemory
INFO: [VRFC 10-2263] Analyzing Verilog file "C:/Users/tau/Documents/CA-Labs-T1/TopProcessor/lab11.srcs/sources_1/new/MainControl.v" into library xil_defaultlib
INFO: [VRFC 10-311] analyzing module MainControl
INFO: [VRFC 10-2263] Analyzing Verilog file "C:/Users/tau/Documents/CA-Labs-T1/TopProcessor/lab11.srcs/sources_1/new/PC.v" into library xil_defaultlib
INFO: [VRFC 10-311] analyzing module PC
INFO: [VRFC 10-2263] Analyzing Verilog file "C:/Users/tau/Documents/CA-Labs-T1/TopProcessor/lab11.srcs/sources_1/new/PCAdder.v" into library xil_defaultlib
INFO: [VRFC 10-311] analyzing module PCAdder
INFO: [VRFC 10-2263] Analyzing Verilog file "C:/Users/tau/Documents/CA-Labs-T1/TopProcessor/lab11.srcs/sources_1/new/Register.v" into library xil_defaultlib
INFO: [VRFC 10-311] analyzing module Register
INFO: [VRFC 10-2263] Analyzing Verilog file "C:/Users/tau/Documents/CA-Labs-T1/TopProcessor/lab11.srcs/sources_1/new/TopProcessor.v" into library xil_defaultlib
INFO: [VRFC 10-311] analyzing module topProcessor
INFO: [VRFC 10-2263] Analyzing Verilog file "C:/Users/tau/Documents/CA-Labs-T1/TopProcessor/lab11.srcs/sources_1/new/immGen.v" into library xil_defaultlib
INFO: [VRFC 10-311] analyzing module immGen
INFO: [VRFC 10-2263] Analyzing Verilog file "C:/Users/tau/Documents/CA-Labs-T1/TopProcessor/lab11.srcs/sources_1/new/sevensegment.v" into library xil_defaultlib
INFO: [VRFC 10-311] analyzing module SevenSegment
INFO: [VRFC 10-2263] Analyzing Verilog file "C:/Users/tau/Documents/CA-Labs-T1/TopProcessor/lab11.srcs/sim_1/new/pc_tb.v" into library xil_defaultlib
INFO: [VRFC 10-311] analyzing module tb_countdown
INFO: [USF-XSim-69] 'compile' step finished in '1' seconds
INFO: [USF-XSim-3] XSim::Elaborate design
INFO: [USF-XSim-61] Executing 'ELABORATE' step in 'C:/Users/tau/Documents/CA-Labs-T1/TopProcessor/lab11.sim/sim_1/behav/xsim'
"xelab -wto f8d01134f7dc4a89acf0d8e4e2a22205 --incr --debug typical --relax --mt 2 -L xil_defaultlib -L unisims_ver -L unimacro_ver -L secureip --snapshot tb_countdown_behav xil_defaultlib.tb_countdown xil_defaultlib.glbl -log elaborate.log"
Vivado Simulator 2020.1
Copyright 1986-1999, 2001-2020 Xilinx, Inc. All Rights Reserved.
Running: C:/Xilinx/Vivado/2020.1/bin/unwrapped/win64.o/xelab.exe -wto f8d01134f7dc4a89acf0d8e4e2a22205 --incr --debug typical --relax --mt 2 -L xil_defaultlib -L unisims_ver -L unimacro_ver -L secureip --snapshot tb_countdown_behav xil_defaultlib.tb_countdown xil_defaultlib.glbl -log elaborate.log 
Using 2 slave threads.
Starting static elaboration
Pass Through NonSizing Optimizer
Completed static elaboration
Starting simulation data flow analysis
Completed simulation data flow analysis
Time Resolution for simulation is 1ps
Compiling module xil_defaultlib.ALU
Compiling module xil_defaultlib.Register
Compiling module xil_defaultlib.DataMemory
Compiling module xil_defaultlib.MainControl
Compiling module xil_defaultlib.ALUControl
Compiling module xil_defaultlib.instructionMemory
Compiling module xil_defaultlib.branch_MUX
Compiling module xil_defaultlib.PC
Compiling module xil_defaultlib.PCAdder
Compiling module xil_defaultlib.BranchAdd
Compiling module xil_defaultlib.immGen
Compiling module xil_defaultlib.SevenSegment
Compiling module xil_defaultlib.topProcessor
Compiling module xil_defaultlib.tb_countdown
Compiling module xil_defaultlib.glbl
Built simulation snapshot tb_countdown_behav
INFO: [USF-XSim-69] 'elaborate' step finished in '3' seconds
INFO: [USF-XSim-4] XSim::Simulate design
INFO: [USF-XSim-61] Executing 'SIMULATE' step in 'C:/Users/tau/Documents/CA-Labs-T1/TopProcessor/lab11.sim/sim_1/behav/xsim'
INFO: [USF-XSim-98] *** Running xsim
   with args "tb_countdown_behav -key {Behavioral:sim_1:Functional:tb_countdown} -tclbatch {tb_countdown.tcl} -log {simulate.log}"
INFO: [USF-XSim-8] Loading simulator feature
Vivado Simulator 2020.1
Time resolution is 1 ps
source tb_countdown.tcl
# set curr_wave [current_wave_config]
# if { [string length $curr_wave] == 0 } {
#   if { [llength [get_objects]] > 0} {
#     add_wave /
#     set_property needs_save false [current_wave_config]
#   } else {
#      send_msg_id Add_Wave-1 WARNING "No top level signals found. Simulator will start without a wave window. If you want to open a wave window go to 'File->New Waveform Configuration' or type 'create_wave_config' in the TCL console."
#   }
# }
# run 1000ns
Time=25000 | PC=0 | inst=00000513 | state(x10)=0 | x2=0 | x1=0 | LEDs=0000000000000000 | ALUResult=00000000 | MemWrite=0 | address=00000000 | write_data=00000000
Time=35000 | PC=4 | inst=00500113 | state(x10)=0 | x2=0 | x1=0 | LEDs=0000000000000101 | ALUResult=00000005 | MemWrite=0 | address=00000005 | write_data=00000000
Time=45000 | PC=8 | inst=00202223 | state(x10)=0 | x2=5 | x1=0 | LEDs=0000000000000100 | ALUResult=00000004 | MemWrite=1 | address=00000004 | write_data=00000005
Time=55000 | PC=12 | inst=00002083 | state(x10)=0 | x2=5 | x1=0 | LEDs=0000000000000000 | ALUResult=00000000 | MemWrite=0 | address=00000000 | write_data=00000000
Time=65000 | PC=16 | inst=00100193 | state(x10)=0 | x2=5 | x1=0 | LEDs=0000000000000001 | ALUResult=00000001 | MemWrite=0 | address=00000001 | write_data=00000000
Time=75000 | PC=20 | inst=02308663 | state(x10)=0 | x2=5 | x1=0 | LEDs=1111111111111111 | ALUResult=ffffffff | MemWrite=0 | address=ffffffff | write_data=00000001
BRANCH | PC=20 | inst=02308663 | funct3=000 | rs1=x1 | rs2=x3 | imm=44 | ALUResult=ffffffff | zero=0 | BLT_taken=0 | PCSrc=0 | next_PC=24
Time=85000 | PC=24 | inst=00050a63 | state(x10)=0 | x2=5 | x1=0 | LEDs=0000000000000000 | ALUResult=00000000 | MemWrite=0 | address=00000000 | write_data=00000000
BRANCH | PC=24 | inst=00050a63 | funct3=000 | rs1=x10 | rs2=x0 | imm=20 | ALUResult=00000000 | zero=1 | BLT_taken=0 | PCSrc=1 | next_PC=44
Time=95000 | PC=44 | inst=00402103 | state(x10)=0 | x2=5 | x1=0 | LEDs=0000000000000100 | ALUResult=00000004 | MemWrite=0 | address=00000004 | write_data=00000000
Time=105000 | PC=48 | inst=fc010ee3 | state(x10)=0 | x2=5 | x1=0 | LEDs=0000000000000101 | ALUResult=00000005 | MemWrite=0 | address=00000005 | write_data=00000000
BRANCH | PC=48 | inst=fc010ee3 | funct3=000 | rs1=x2 | rs2=x0 | imm=-36 | ALUResult=00000005 | zero=0 | BLT_taken=0 | PCSrc=0 | next_PC=52
Time=115000 | PC=52 | inst=00202423 | state(x10)=0 | x2=5 | x1=0 | LEDs=0000000000001000 | ALUResult=00000008 | MemWrite=1 | address=00000008 | write_data=00000005

=== AFTER INIT ===
state(x10) = 0 (expected 0)
x2 = 5 (expected 5)
memory[4] = 5 (expected 5)
Time=125000 | PC=56 | inst=00100513 | state(x10)=0 | x2=5 | x1=0 | LEDs=0000000000000001 | ALUResult=00000001 | MemWrite=0 | address=00000001 | write_data=00000000
Time=135000 | PC=60 | inst=fc0008e3 | state(x10)=1 | x2=5 | x1=0 | LEDs=0000000000000000 | ALUResult=00000000 | MemWrite=0 | address=00000000 | write_data=00000000
BRANCH | PC=60 | inst=fc0008e3 | funct3=000 | rs1=x0 | rs2=x0 | imm=-48 | ALUResult=00000000 | zero=1 | BLT_taken=0 | PCSrc=1 | next_PC=12
Time=145000 | PC=12 | inst=00002083 | state(x10)=1 | x2=5 | x1=0 | LEDs=0000000000000000 | ALUResult=00000000 | MemWrite=0 | address=00000000 | write_data=00000000
Time=155000 | PC=16 | inst=00100193 | state(x10)=1 | x2=5 | x1=0 | LEDs=0000000000000001 | ALUResult=00000001 | MemWrite=0 | address=00000001 | write_data=00000000
Time=165000 | PC=20 | inst=02308663 | state(x10)=1 | x2=5 | x1=0 | LEDs=1111111111111111 | ALUResult=ffffffff | MemWrite=0 | address=ffffffff | write_data=00000001
BRANCH | PC=20 | inst=02308663 | funct3=000 | rs1=x1 | rs2=x3 | imm=44 | ALUResult=ffffffff | zero=0 | BLT_taken=0 | PCSrc=0 | next_PC=24
Time=175000 | PC=24 | inst=00050a63 | state(x10)=1 | x2=5 | x1=0 | LEDs=0000000000000001 | ALUResult=00000001 | MemWrite=0 | address=00000001 | write_data=00000000
BRANCH | PC=24 | inst=00050a63 | funct3=000 | rs1=x10 | rs2=x0 | imm=20 | ALUResult=00000001 | zero=0 | BLT_taken=0 | PCSrc=0 | next_PC=28
Time=185000 | PC=28 | inst=02010c63 | state(x10)=1 | x2=5 | x1=0 | LEDs=0000000000000101 | ALUResult=00000005 | MemWrite=0 | address=00000005 | write_data=00000000
BRANCH | PC=28 | inst=02010c63 | funct3=000 | rs1=x2 | rs2=x0 | imm=56 | ALUResult=00000005 | zero=0 | BLT_taken=0 | PCSrc=0 | next_PC=32
Time=195000 | PC=32 | inst=00202423 | state(x10)=1 | x2=5 | x1=0 | LEDs=0000000000001000 | ALUResult=00000008 | MemWrite=1 | address=00000008 | write_data=00000005
Time=205000 | PC=36 | inst=fff10113 | state(x10)=1 | x2=5 | x1=0 | LEDs=0000000000000110 | ALUResult=00000006 | MemWrite=0 | address=00000006 | write_data=00000000
Time=215000 | PC=40 | inst=fe000ae3 | state(x10)=1 | x2=6 | x1=0 | LEDs=0000000000000000 | ALUResult=00000000 | MemWrite=0 | address=00000000 | write_data=00000000
BRANCH | PC=40 | inst=fe000ae3 | funct3=000 | rs1=x0 | rs2=x0 | imm=-12 | ALUResult=00000000 | zero=1 | BLT_taken=0 | PCSrc=1 | next_PC=28
Time=225000 | PC=28 | inst=02010c63 | state(x10)=1 | x2=6 | x1=0 | LEDs=0000000000000110 | ALUResult=00000006 | MemWrite=0 | address=00000006 | write_data=00000000
BRANCH | PC=28 | inst=02010c63 | funct3=000 | rs1=x2 | rs2=x0 | imm=56 | ALUResult=00000006 | zero=0 | BLT_taken=0 | PCSrc=0 | next_PC=32
Time=235000 | PC=32 | inst=00202423 | state(x10)=1 | x2=6 | x1=0 | LEDs=0000000000001000 | ALUResult=00000008 | MemWrite=1 | address=00000008 | write_data=00000006
Time=245000 | PC=36 | inst=fff10113 | state(x10)=1 | x2=6 | x1=0 | LEDs=0000000000000111 | ALUResult=00000007 | MemWrite=0 | address=00000007 | write_data=00000000
Time=255000 | PC=40 | inst=fe000ae3 | state(x10)=1 | x2=7 | x1=0 | LEDs=0000000000000000 | ALUResult=00000000 | MemWrite=0 | address=00000000 | write_data=00000000
BRANCH | PC=40 | inst=fe000ae3 | funct3=000 | rs1=x0 | rs2=x0 | imm=-12 | ALUResult=00000000 | zero=1 | BLT_taken=0 | PCSrc=1 | next_PC=28
Time=265000 | PC=28 | inst=02010c63 | state(x10)=1 | x2=7 | x1=0 | LEDs=0000000000000111 | ALUResult=00000007 | MemWrite=0 | address=00000007 | write_data=00000000
BRANCH | PC=28 | inst=02010c63 | funct3=000 | rs1=x2 | rs2=x0 | imm=56 | ALUResult=00000007 | zero=0 | BLT_taken=0 | PCSrc=0 | next_PC=32
Time=275000 | PC=32 | inst=00202423 | state(x10)=1 | x2=7 | x1=0 | LEDs=0000000000001000 | ALUResult=00000008 | MemWrite=1 | address=00000008 | write_data=00000007
Time=285000 | PC=36 | inst=fff10113 | state(x10)=1 | x2=7 | x1=0 | LEDs=0000000000001000 | ALUResult=00000008 | MemWrite=0 | address=00000008 | write_data=00000000
Time=295000 | PC=40 | inst=fe000ae3 | state(x10)=1 | x2=8 | x1=0 | LEDs=0000000000000000 | ALUResult=00000000 | MemWrite=0 | address=00000000 | write_data=00000000
BRANCH | PC=40 | inst=fe000ae3 | funct3=000 | rs1=x0 | rs2=x0 | imm=-12 | ALUResult=00000000 | zero=1 | BLT_taken=0 | PCSrc=1 | next_PC=28
Time=305000 | PC=28 | inst=02010c63 | state(x10)=1 | x2=8 | x1=0 | LEDs=0000000000001000 | ALUResult=00000008 | MemWrite=0 | address=00000008 | write_data=00000000
BRANCH | PC=28 | inst=02010c63 | funct3=000 | rs1=x2 | rs2=x0 | imm=56 | ALUResult=00000008 | zero=0 | BLT_taken=0 | PCSrc=0 | next_PC=32
Time=315000 | PC=32 | inst=00202423 | state(x10)=1 | x2=8 | x1=0 | LEDs=0000000000001000 | ALUResult=00000008 | MemWrite=1 | address=00000008 | write_data=00000008

=== AFTER INPUT STATE ===
state(x10) = 1 (expected 1 = COUNTDOWN)
x2 = 8 (expected 5)
Time=325000 | PC=36 | inst=fff10113 | state(x10)=1 | x2=8 | x1=0 | LEDs=0000000000001001 | ALUResult=00000009 | MemWrite=0 | address=00000009 | write_data=00000000
Time=335000 | PC=40 | inst=fe000ae3 | state(x10)=1 | x2=9 | x1=0 | LEDs=0000000000000000 | ALUResult=00000000 | MemWrite=0 | address=00000000 | write_data=00000000
BRANCH | PC=40 | inst=fe000ae3 | funct3=000 | rs1=x0 | rs2=x0 | imm=-12 | ALUResult=00000000 | zero=1 | BLT_taken=0 | PCSrc=1 | next_PC=28
Time=345000 | PC=28 | inst=02010c63 | state(x10)=1 | x2=9 | x1=0 | LEDs=0000000000001001 | ALUResult=00000009 | MemWrite=0 | address=00000009 | write_data=00000000
BRANCH | PC=28 | inst=02010c63 | funct3=000 | rs1=x2 | rs2=x0 | imm=56 | ALUResult=00000009 | zero=0 | BLT_taken=0 | PCSrc=0 | next_PC=32
Time=355000 | PC=32 | inst=00202423 | state(x10)=1 | x2=9 | x1=0 | LEDs=0000000000001000 | ALUResult=00000008 | MemWrite=1 | address=00000008 | write_data=00000009
Time=365000 | PC=36 | inst=fff10113 | state(x10)=1 | x2=9 | x1=0 | LEDs=0000000000001010 | ALUResult=0000000a | MemWrite=0 | address=0000000a | write_data=00000000
Time=375000 | PC=40 | inst=fe000ae3 | state(x10)=1 | x2=10 | x1=0 | LEDs=0000000000000000 | ALUResult=00000000 | MemWrite=0 | address=00000000 | write_data=00000000
BRANCH | PC=40 | inst=fe000ae3 | funct3=000 | rs1=x0 | rs2=x0 | imm=-12 | ALUResult=00000000 | zero=1 | BLT_taken=0 | PCSrc=1 | next_PC=28
Time=385000 | PC=28 | inst=02010c63 | state(x10)=1 | x2=10 | x1=0 | LEDs=0000000000001010 | ALUResult=0000000a | MemWrite=0 | address=0000000a | write_data=00000000
BRANCH | PC=28 | inst=02010c63 | funct3=000 | rs1=x2 | rs2=x0 | imm=56 | ALUResult=0000000a | zero=0 | BLT_taken=0 | PCSrc=0 | next_PC=32
Time=395000 | PC=32 | inst=00202423 | state(x10)=1 | x2=10 | x1=0 | LEDs=0000000000001000 | ALUResult=00000008 | MemWrite=1 | address=00000008 | write_data=0000000a
Time=405000 | PC=36 | inst=fff10113 | state(x10)=1 | x2=10 | x1=0 | LEDs=0000000000001011 | ALUResult=0000000b | MemWrite=0 | address=0000000b | write_data=00000000
Time=415000 | PC=40 | inst=fe000ae3 | state(x10)=1 | x2=11 | x1=0 | LEDs=0000000000000000 | ALUResult=00000000 | MemWrite=0 | address=00000000 | write_data=00000000
BRANCH | PC=40 | inst=fe000ae3 | funct3=000 | rs1=x0 | rs2=x0 | imm=-12 | ALUResult=00000000 | zero=1 | BLT_taken=0 | PCSrc=1 | next_PC=28
Time=425000 | PC=28 | inst=02010c63 | state(x10)=1 | x2=11 | x1=0 | LEDs=0000000000001011 | ALUResult=0000000b | MemWrite=0 | address=0000000b | write_data=00000000
BRANCH | PC=28 | inst=02010c63 | funct3=000 | rs1=x2 | rs2=x0 | imm=56 | ALUResult=0000000b | zero=0 | BLT_taken=0 | PCSrc=0 | next_PC=32
Time=435000 | PC=32 | inst=00202423 | state(x10)=1 | x2=11 | x1=0 | LEDs=0000000000001000 | ALUResult=00000008 | MemWrite=1 | address=00000008 | write_data=0000000b
Time=445000 | PC=36 | inst=fff10113 | state(x10)=1 | x2=11 | x1=0 | LEDs=0000000000001100 | ALUResult=0000000c | MemWrite=0 | address=0000000c | write_data=00000000
Time=455000 | PC=40 | inst=fe000ae3 | state(x10)=1 | x2=12 | x1=0 | LEDs=0000000000000000 | ALUResult=00000000 | MemWrite=0 | address=00000000 | write_data=00000000
BRANCH | PC=40 | inst=fe000ae3 | funct3=000 | rs1=x0 | rs2=x0 | imm=-12 | ALUResult=00000000 | zero=1 | BLT_taken=0 | PCSrc=1 | next_PC=28
Time=465000 | PC=28 | inst=02010c63 | state(x10)=1 | x2=12 | x1=0 | LEDs=0000000000001100 | ALUResult=0000000c | MemWrite=0 | address=0000000c | write_data=00000000
BRANCH | PC=28 | inst=02010c63 | funct3=000 | rs1=x2 | rs2=x0 | imm=56 | ALUResult=0000000c | zero=0 | BLT_taken=0 | PCSrc=0 | next_PC=32
Time=475000 | PC=32 | inst=00202423 | state(x10)=1 | x2=12 | x1=0 | LEDs=0000000000001000 | ALUResult=00000008 | MemWrite=1 | address=00000008 | write_data=0000000c
Time=485000 | PC=36 | inst=fff10113 | state(x10)=1 | x2=12 | x1=0 | LEDs=0000000000001101 | ALUResult=0000000d | MemWrite=0 | address=0000000d | write_data=00000000
Time=495000 | PC=40 | inst=fe000ae3 | state(x10)=1 | x2=13 | x1=0 | LEDs=0000000000000000 | ALUResult=00000000 | MemWrite=0 | address=00000000 | write_data=00000000
BRANCH | PC=40 | inst=fe000ae3 | funct3=000 | rs1=x0 | rs2=x0 | imm=-12 | ALUResult=00000000 | zero=1 | BLT_taken=0 | PCSrc=1 | next_PC=28
Time=505000 | PC=28 | inst=02010c63 | state(x10)=1 | x2=13 | x1=0 | LEDs=0000000000001101 | ALUResult=0000000d | MemWrite=0 | address=0000000d | write_data=00000000
BRANCH | PC=28 | inst=02010c63 | funct3=000 | rs1=x2 | rs2=x0 | imm=56 | ALUResult=0000000d | zero=0 | BLT_taken=0 | PCSrc=0 | next_PC=32
Time=515000 | PC=32 | inst=00202423 | state(x10)=1 | x2=13 | x1=0 | LEDs=0000000000001000 | ALUResult=00000008 | MemWrite=1 | address=00000008 | write_data=0000000d
Time=525000 | PC=36 | inst=fff10113 | state(x10)=1 | x2=13 | x1=0 | LEDs=0000000000001110 | ALUResult=0000000e | MemWrite=0 | address=0000000e | write_data=00000000
Time=535000 | PC=40 | inst=fe000ae3 | state(x10)=1 | x2=14 | x1=0 | LEDs=0000000000000000 | ALUResult=00000000 | MemWrite=0 | address=00000000 | write_data=00000000
BRANCH | PC=40 | inst=fe000ae3 | funct3=000 | rs1=x0 | rs2=x0 | imm=-12 | ALUResult=00000000 | zero=1 | BLT_taken=0 | PCSrc=1 | next_PC=28
Time=545000 | PC=28 | inst=02010c63 | state(x10)=1 | x2=14 | x1=0 | LEDs=0000000000001110 | ALUResult=0000000e | MemWrite=0 | address=0000000e | write_data=00000000
BRANCH | PC=28 | inst=02010c63 | funct3=000 | rs1=x2 | rs2=x0 | imm=56 | ALUResult=0000000e | zero=0 | BLT_taken=0 | PCSrc=0 | next_PC=32
Time=555000 | PC=32 | inst=00202423 | state(x10)=1 | x2=14 | x1=0 | LEDs=0000000000001000 | ALUResult=00000008 | MemWrite=1 | address=00000008 | write_data=0000000e
Time=565000 | PC=36 | inst=fff10113 | state(x10)=1 | x2=14 | x1=0 | LEDs=0000000000001111 | ALUResult=0000000f | MemWrite=0 | address=0000000f | write_data=00000000
Time=575000 | PC=40 | inst=fe000ae3 | state(x10)=1 | x2=15 | x1=0 | LEDs=0000000000000000 | ALUResult=00000000 | MemWrite=0 | address=00000000 | write_data=00000000
BRANCH | PC=40 | inst=fe000ae3 | funct3=000 | rs1=x0 | rs2=x0 | imm=-12 | ALUResult=00000000 | zero=1 | BLT_taken=0 | PCSrc=1 | next_PC=28
Time=585000 | PC=28 | inst=02010c63 | state(x10)=1 | x2=15 | x1=0 | LEDs=0000000000001111 | ALUResult=0000000f | MemWrite=0 | address=0000000f | write_data=00000000
BRANCH | PC=28 | inst=02010c63 | funct3=000 | rs1=x2 | rs2=x0 | imm=56 | ALUResult=0000000f | zero=0 | BLT_taken=0 | PCSrc=0 | next_PC=32
Time=595000 | PC=32 | inst=00202423 | state(x10)=1 | x2=15 | x1=0 | LEDs=0000000000001000 | ALUResult=00000008 | MemWrite=1 | address=00000008 | write_data=0000000f
Time=605000 | PC=36 | inst=fff10113 | state(x10)=1 | x2=15 | x1=0 | LEDs=0000000000010000 | ALUResult=00000010 | MemWrite=0 | address=00000010 | write_data=00000000
Time=615000 | PC=40 | inst=fe000ae3 | state(x10)=1 | x2=16 | x1=0 | LEDs=0000000000000000 | ALUResult=00000000 | MemWrite=0 | address=00000000 | write_data=00000000
BRANCH | PC=40 | inst=fe000ae3 | funct3=000 | rs1=x0 | rs2=x0 | imm=-12 | ALUResult=00000000 | zero=1 | BLT_taken=0 | PCSrc=1 | next_PC=28
Time=625000 | PC=28 | inst=02010c63 | state(x10)=1 | x2=16 | x1=0 | LEDs=0000000000010000 | ALUResult=00000010 | MemWrite=0 | address=00000010 | write_data=00000000
BRANCH | PC=28 | inst=02010c63 | funct3=000 | rs1=x2 | rs2=x0 | imm=56 | ALUResult=00000010 | zero=0 | BLT_taken=0 | PCSrc=0 | next_PC=32
Time=635000 | PC=32 | inst=00202423 | state(x10)=1 | x2=16 | x1=0 | LEDs=0000000000001000 | ALUResult=00000008 | MemWrite=1 | address=00000008 | write_data=00000010
Time=645000 | PC=36 | inst=fff10113 | state(x10)=1 | x2=16 | x1=0 | LEDs=0000000000010001 | ALUResult=00000011 | MemWrite=0 | address=00000011 | write_data=00000000
Time=655000 | PC=40 | inst=fe000ae3 | state(x10)=1 | x2=17 | x1=0 | LEDs=0000000000000000 | ALUResult=00000000 | MemWrite=0 | address=00000000 | write_data=00000000
BRANCH | PC=40 | inst=fe000ae3 | funct3=000 | rs1=x0 | rs2=x0 | imm=-12 | ALUResult=00000000 | zero=1 | BLT_taken=0 | PCSrc=1 | next_PC=28
Time=665000 | PC=28 | inst=02010c63 | state(x10)=1 | x2=17 | x1=0 | LEDs=0000000000010001 | ALUResult=00000011 | MemWrite=0 | address=00000011 | write_data=00000000
BRANCH | PC=28 | inst=02010c63 | funct3=000 | rs1=x2 | rs2=x0 | imm=56 | ALUResult=00000011 | zero=0 | BLT_taken=0 | PCSrc=0 | next_PC=32
Time=675000 | PC=32 | inst=00202423 | state(x10)=1 | x2=17 | x1=0 | LEDs=0000000000001000 | ALUResult=00000008 | MemWrite=1 | address=00000008 | write_data=00000011
Time=685000 | PC=36 | inst=fff10113 | state(x10)=1 | x2=17 | x1=0 | LEDs=0000000000010010 | ALUResult=00000012 | MemWrite=0 | address=00000012 | write_data=00000000
Time=695000 | PC=40 | inst=fe000ae3 | state(x10)=1 | x2=18 | x1=0 | LEDs=0000000000000000 | ALUResult=00000000 | MemWrite=0 | address=00000000 | write_data=00000000
BRANCH | PC=40 | inst=fe000ae3 | funct3=000 | rs1=x0 | rs2=x0 | imm=-12 | ALUResult=00000000 | zero=1 | BLT_taken=0 | PCSrc=1 | next_PC=28
Time=705000 | PC=28 | inst=02010c63 | state(x10)=1 | x2=18 | x1=0 | LEDs=0000000000010010 | ALUResult=00000012 | MemWrite=0 | address=00000012 | write_data=00000000
BRANCH | PC=28 | inst=02010c63 | funct3=000 | rs1=x2 | rs2=x0 | imm=56 | ALUResult=00000012 | zero=0 | BLT_taken=0 | PCSrc=0 | next_PC=32
Time=715000 | PC=32 | inst=00202423 | state(x10)=1 | x2=18 | x1=0 | LEDs=0000000000001000 | ALUResult=00000008 | MemWrite=1 | address=00000008 | write_data=00000012
Time=725000 | PC=36 | inst=fff10113 | state(x10)=1 | x2=18 | x1=0 | LEDs=0000000000010011 | ALUResult=00000013 | MemWrite=0 | address=00000013 | write_data=00000000
Time=735000 | PC=40 | inst=fe000ae3 | state(x10)=1 | x2=19 | x1=0 | LEDs=0000000000000000 | ALUResult=00000000 | MemWrite=0 | address=00000000 | write_data=00000000
BRANCH | PC=40 | inst=fe000ae3 | funct3=000 | rs1=x0 | rs2=x0 | imm=-12 | ALUResult=00000000 | zero=1 | BLT_taken=0 | PCSrc=1 | next_PC=28
Time=745000 | PC=28 | inst=02010c63 | state(x10)=1 | x2=19 | x1=0 | LEDs=0000000000010011 | ALUResult=00000013 | MemWrite=0 | address=00000013 | write_data=00000000
BRANCH | PC=28 | inst=02010c63 | funct3=000 | rs1=x2 | rs2=x0 | imm=56 | ALUResult=00000013 | zero=0 | BLT_taken=0 | PCSrc=0 | next_PC=32
Time=755000 | PC=32 | inst=00202423 | state(x10)=1 | x2=19 | x1=0 | LEDs=0000000000001000 | ALUResult=00000008 | MemWrite=1 | address=00000008 | write_data=00000013
Time=765000 | PC=36 | inst=fff10113 | state(x10)=1 | x2=19 | x1=0 | LEDs=0000000000010100 | ALUResult=00000014 | MemWrite=0 | address=00000014 | write_data=00000000
Time=775000 | PC=40 | inst=fe000ae3 | state(x10)=1 | x2=20 | x1=0 | LEDs=0000000000000000 | ALUResult=00000000 | MemWrite=0 | address=00000000 | write_data=00000000
BRANCH | PC=40 | inst=fe000ae3 | funct3=000 | rs1=x0 | rs2=x0 | imm=-12 | ALUResult=00000000 | zero=1 | BLT_taken=0 | PCSrc=1 | next_PC=28
Time=785000 | PC=28 | inst=02010c63 | state(x10)=1 | x2=20 | x1=0 | LEDs=0000000000010100 | ALUResult=00000014 | MemWrite=0 | address=00000014 | write_data=00000000
BRANCH | PC=28 | inst=02010c63 | funct3=000 | rs1=x2 | rs2=x0 | imm=56 | ALUResult=00000014 | zero=0 | BLT_taken=0 | PCSrc=0 | next_PC=32
Time=795000 | PC=32 | inst=00202423 | state(x10)=1 | x2=20 | x1=0 | LEDs=0000000000001000 | ALUResult=00000008 | MemWrite=1 | address=00000008 | write_data=00000014
Time=805000 | PC=36 | inst=fff10113 | state(x10)=1 | x2=20 | x1=0 | LEDs=0000000000010101 | ALUResult=00000015 | MemWrite=0 | address=00000015 | write_data=00000000
Time=815000 | PC=40 | inst=fe000ae3 | state(x10)=1 | x2=21 | x1=0 | LEDs=0000000000000000 | ALUResult=00000000 | MemWrite=0 | address=00000000 | write_data=00000000
BRANCH | PC=40 | inst=fe000ae3 | funct3=000 | rs1=x0 | rs2=x0 | imm=-12 | ALUResult=00000000 | zero=1 | BLT_taken=0 | PCSrc=1 | next_PC=28
Time=825000 | PC=28 | inst=02010c63 | state(x10)=1 | x2=21 | x1=0 | LEDs=0000000000010101 | ALUResult=00000015 | MemWrite=0 | address=00000015 | write_data=00000000
BRANCH | PC=28 | inst=02010c63 | funct3=000 | rs1=x2 | rs2=x0 | imm=56 | ALUResult=00000015 | zero=0 | BLT_taken=0 | PCSrc=0 | next_PC=32
Time=835000 | PC=32 | inst=00202423 | state(x10)=1 | x2=21 | x1=0 | LEDs=0000000000001000 | ALUResult=00000008 | MemWrite=1 | address=00000008 | write_data=00000015
Time=845000 | PC=36 | inst=fff10113 | state(x10)=1 | x2=21 | x1=0 | LEDs=0000000000010110 | ALUResult=00000016 | MemWrite=0 | address=00000016 | write_data=00000000
Time=855000 | PC=40 | inst=fe000ae3 | state(x10)=1 | x2=22 | x1=0 | LEDs=0000000000000000 | ALUResult=00000000 | MemWrite=0 | address=00000000 | write_data=00000000
BRANCH | PC=40 | inst=fe000ae3 | funct3=000 | rs1=x0 | rs2=x0 | imm=-12 | ALUResult=00000000 | zero=1 | BLT_taken=0 | PCSrc=1 | next_PC=28
Time=865000 | PC=28 | inst=02010c63 | state(x10)=1 | x2=22 | x1=0 | LEDs=0000000000010110 | ALUResult=00000016 | MemWrite=0 | address=00000016 | write_data=00000000
BRANCH | PC=28 | inst=02010c63 | funct3=000 | rs1=x2 | rs2=x0 | imm=56 | ALUResult=00000016 | zero=0 | BLT_taken=0 | PCSrc=0 | next_PC=32
Time=875000 | PC=32 | inst=00202423 | state(x10)=1 | x2=22 | x1=0 | LEDs=0000000000001000 | ALUResult=00000008 | MemWrite=1 | address=00000008 | write_data=00000016
Time=885000 | PC=36 | inst=fff10113 | state(x10)=1 | x2=22 | x1=0 | LEDs=0000000000010111 | ALUResult=00000017 | MemWrite=0 | address=00000017 | write_data=00000000
Time=895000 | PC=40 | inst=fe000ae3 | state(x10)=1 | x2=23 | x1=0 | LEDs=0000000000000000 | ALUResult=00000000 | MemWrite=0 | address=00000000 | write_data=00000000
BRANCH | PC=40 | inst=fe000ae3 | funct3=000 | rs1=x0 | rs2=x0 | imm=-12 | ALUResult=00000000 | zero=1 | BLT_taken=0 | PCSrc=1 | next_PC=28
Time=905000 | PC=28 | inst=02010c63 | state(x10)=1 | x2=23 | x1=0 | LEDs=0000000000010111 | ALUResult=00000017 | MemWrite=0 | address=00000017 | write_data=00000000
BRANCH | PC=28 | inst=02010c63 | funct3=000 | rs1=x2 | rs2=x0 | imm=56 | ALUResult=00000017 | zero=0 | BLT_taken=0 | PCSrc=0 | next_PC=32
Time=915000 | PC=32 | inst=00202423 | state(x10)=1 | x2=23 | x1=0 | LEDs=0000000000001000 | ALUResult=00000008 | MemWrite=1 | address=00000008 | write_data=00000017
Time=925000 | PC=36 | inst=fff10113 | state(x10)=1 | x2=23 | x1=0 | LEDs=0000000000011000 | ALUResult=00000018 | MemWrite=0 | address=00000018 | write_data=00000000
Time=935000 | PC=40 | inst=fe000ae3 | state(x10)=1 | x2=24 | x1=0 | LEDs=0000000000000000 | ALUResult=00000000 | MemWrite=0 | address=00000000 | write_data=00000000
BRANCH | PC=40 | inst=fe000ae3 | funct3=000 | rs1=x0 | rs2=x0 | imm=-12 | ALUResult=00000000 | zero=1 | BLT_taken=0 | PCSrc=1 | next_PC=28
Time=945000 | PC=28 | inst=02010c63 | state(x10)=1 | x2=24 | x1=0 | LEDs=0000000000011000 | ALUResult=00000018 | MemWrite=0 | address=00000018 | write_data=00000000
BRANCH | PC=28 | inst=02010c63 | funct3=000 | rs1=x2 | rs2=x0 | imm=56 | ALUResult=00000018 | zero=0 | BLT_taken=0 | PCSrc=0 | next_PC=32
Time=955000 | PC=32 | inst=00202423 | state(x10)=1 | x2=24 | x1=0 | LEDs=0000000000001000 | ALUResult=00000008 | MemWrite=1 | address=00000008 | write_data=00000018
Time=965000 | PC=36 | inst=fff10113 | state(x10)=1 | x2=24 | x1=0 | LEDs=0000000000011001 | ALUResult=00000019 | MemWrite=0 | address=00000019 | write_data=00000000
Time=975000 | PC=40 | inst=fe000ae3 | state(x10)=1 | x2=25 | x1=0 | LEDs=0000000000000000 | ALUResult=00000000 | MemWrite=0 | address=00000000 | write_data=00000000
BRANCH | PC=40 | inst=fe000ae3 | funct3=000 | rs1=x0 | rs2=x0 | imm=-12 | ALUResult=00000000 | zero=1 | BLT_taken=0 | PCSrc=1 | next_PC=28
Time=985000 | PC=28 | inst=02010c63 | state(x10)=1 | x2=25 | x1=0 | LEDs=0000000000011001 | ALUResult=00000019 | MemWrite=0 | address=00000019 | write_data=00000000
BRANCH | PC=28 | inst=02010c63 | funct3=000 | rs1=x2 | rs2=x0 | imm=56 | ALUResult=00000019 | zero=0 | BLT_taken=0 | PCSrc=0 | next_PC=32
Time=995000 | PC=32 | inst=00202423 | state(x10)=1 | x2=25 | x1=0 | LEDs=0000000000001000 | ALUResult=00000008 | MemWrite=1 | address=00000008 | write_data=00000019
INFO: [USF-XSim-96] XSim completed. Design snapshot 'tb_countdown_behav' loaded.
INFO: [USF-XSim-97] XSim simulation ran for 1000ns
launch_simulation: Time (s): cpu = 00:00:02 ; elapsed = 00:00:06 . Memory (MB): peak = 1017.465 ; gain = 0.000
current_wave_config {Untitled 9}
Untitled 9
add_wave {{/tb_countdown/uut/data_mem_inst}} 
relaunch_sim
Command: launch_simulation -simset sim_1 -mode behavioral
INFO: [Vivado 12-5682] Launching behavioral simulation in 'C:/Users/tau/Documents/CA-Labs-T1/TopProcessor/lab11.sim/sim_1/behav/xsim'
INFO: [SIM-utils-51] Simulation object is 'sim_1'
INFO: [SIM-utils-54] Inspecting design source files for 'tb_countdown' in fileset 'sim_1'...
INFO: [SIM-utils-43] Exported 'C:/Users/tau/Documents/CA-Labs-T1/TopProcessor/lab11.sim/sim_1/behav/xsim/instructions.mem'
INFO: [SIM-utils-43] Exported 'C:/Users/tau/Documents/CA-Labs-T1/TopProcessor/lab11.sim/sim_1/behav/xsim/instructions_task1.mem'
INFO: [SIM-utils-43] Exported 'C:/Users/tau/Documents/CA-Labs-T1/TopProcessor/lab11.sim/sim_1/behav/xsim/instructions.mem'
INFO: [SIM-utils-43] Exported 'C:/Users/tau/Documents/CA-Labs-T1/TopProcessor/lab11.sim/sim_1/behav/xsim/instructions_task1.mem'
INFO: [USF-XSim-97] Finding global include files...
INFO: [USF-XSim-98] Fetching design files from 'sim_1'...
INFO: [USF-XSim-2] XSim::Compile design
INFO: [USF-XSim-61] Executing 'COMPILE and ANALYZE' step in 'C:/Users/tau/Documents/CA-Labs-T1/TopProcessor/lab11.sim/sim_1/behav/xsim'
"xvlog --incr --relax -prj tb_countdown_vlog.prj"
INFO: [VRFC 10-2263] Analyzing Verilog file "C:/Users/tau/Documents/CA-Labs-T1/TopProcessor/lab11.srcs/sources_1/new/2_MUX.v" into library xil_defaultlib
INFO: [VRFC 10-311] analyzing module branch_MUX
INFO: [VRFC 10-2263] Analyzing Verilog file "C:/Users/tau/Documents/CA-Labs-T1/TopProcessor/lab11.srcs/sources_1/new/ALU.v" into library xil_defaultlib
INFO: [VRFC 10-311] analyzing module ALU
INFO: [VRFC 10-2263] Analyzing Verilog file "C:/Users/tau/Documents/CA-Labs-T1/TopProcessor/lab11.srcs/sources_1/new/ALUControl.v" into library xil_defaultlib
INFO: [VRFC 10-311] analyzing module ALUControl
INFO: [VRFC 10-2263] Analyzing Verilog file "C:/Users/tau/Documents/CA-Labs-T1/TopProcessor/lab11.srcs/sources_1/new/BranchAdd.v" into library xil_defaultlib
INFO: [VRFC 10-311] analyzing module BranchAdd
INFO: [VRFC 10-2263] Analyzing Verilog file "C:/Users/tau/Documents/CA-Labs-T1/TopProcessor/lab11.srcs/sources_1/new/DataMemory.v" into library xil_defaultlib
INFO: [VRFC 10-311] analyzing module DataMemory
INFO: [VRFC 10-2263] Analyzing Verilog file "C:/Users/tau/Documents/CA-Labs-T1/TopProcessor/lab11.srcs/sources_1/new/InstructionMemory.v" into library xil_defaultlib
INFO: [VRFC 10-311] analyzing module instructionMemory
INFO: [VRFC 10-2263] Analyzing Verilog file "C:/Users/tau/Documents/CA-Labs-T1/TopProcessor/lab11.srcs/sources_1/new/MainControl.v" into library xil_defaultlib
INFO: [VRFC 10-311] analyzing module MainControl
INFO: [VRFC 10-2263] Analyzing Verilog file "C:/Users/tau/Documents/CA-Labs-T1/TopProcessor/lab11.srcs/sources_1/new/PC.v" into library xil_defaultlib
INFO: [VRFC 10-311] analyzing module PC
INFO: [VRFC 10-2263] Analyzing Verilog file "C:/Users/tau/Documents/CA-Labs-T1/TopProcessor/lab11.srcs/sources_1/new/PCAdder.v" into library xil_defaultlib
INFO: [VRFC 10-311] analyzing module PCAdder
INFO: [VRFC 10-2263] Analyzing Verilog file "C:/Users/tau/Documents/CA-Labs-T1/TopProcessor/lab11.srcs/sources_1/new/Register.v" into library xil_defaultlib
INFO: [VRFC 10-311] analyzing module Register
INFO: [VRFC 10-2263] Analyzing Verilog file "C:/Users/tau/Documents/CA-Labs-T1/TopProcessor/lab11.srcs/sources_1/new/TopProcessor.v" into library xil_defaultlib
INFO: [VRFC 10-311] analyzing module topProcessor
INFO: [VRFC 10-2263] Analyzing Verilog file "C:/Users/tau/Documents/CA-Labs-T1/TopProcessor/lab11.srcs/sources_1/new/immGen.v" into library xil_defaultlib
INFO: [VRFC 10-311] analyzing module immGen
INFO: [VRFC 10-2263] Analyzing Verilog file "C:/Users/tau/Documents/CA-Labs-T1/TopProcessor/lab11.srcs/sources_1/new/sevensegment.v" into library xil_defaultlib
INFO: [VRFC 10-311] analyzing module SevenSegment
INFO: [VRFC 10-2263] Analyzing Verilog file "C:/Users/tau/Documents/CA-Labs-T1/TopProcessor/lab11.srcs/sim_1/new/pc_tb.v" into library xil_defaultlib
INFO: [VRFC 10-311] analyzing module tb_countdown
INFO: [USF-XSim-69] 'compile' step finished in '1' seconds
Command: launch_simulation -simset sim_1 -mode behavioral
INFO: [Vivado 12-5682] Launching behavioral simulation in 'C:/Users/tau/Documents/CA-Labs-T1/TopProcessor/lab11.sim/sim_1/behav/xsim'
INFO: [USF-XSim-3] XSim::Elaborate design
INFO: [USF-XSim-61] Executing 'ELABORATE' step in 'C:/Users/tau/Documents/CA-Labs-T1/TopProcessor/lab11.sim/sim_1/behav/xsim'
"xelab -wto f8d01134f7dc4a89acf0d8e4e2a22205 --incr --debug typical --relax --mt 2 -L xil_defaultlib -L unisims_ver -L unimacro_ver -L secureip --snapshot tb_countdown_behav xil_defaultlib.tb_countdown xil_defaultlib.glbl -log elaborate.log"
Vivado Simulator 2020.1
Copyright 1986-1999, 2001-2020 Xilinx, Inc. All Rights Reserved.
Running: C:/Xilinx/Vivado/2020.1/bin/unwrapped/win64.o/xelab.exe -wto f8d01134f7dc4a89acf0d8e4e2a22205 --incr --debug typical --relax --mt 2 -L xil_defaultlib -L unisims_ver -L unimacro_ver -L secureip --snapshot tb_countdown_behav xil_defaultlib.tb_countdown xil_defaultlib.glbl -log elaborate.log 
Using 2 slave threads.
Starting static elaboration
Pass Through NonSizing Optimizer
Completed static elaboration
Starting simulation data flow analysis
Completed simulation data flow analysis
Time Resolution for simulation is 1ps
Compiling module xil_defaultlib.ALU
Compiling module xil_defaultlib.Register
Compiling module xil_defaultlib.DataMemory
Compiling module xil_defaultlib.MainControl
Compiling module xil_defaultlib.ALUControl
Compiling module xil_defaultlib.instructionMemory
Compiling module xil_defaultlib.branch_MUX
Compiling module xil_defaultlib.PC
Compiling module xil_defaultlib.PCAdder
Compiling module xil_defaultlib.BranchAdd
Compiling module xil_defaultlib.immGen
Compiling module xil_defaultlib.SevenSegment
Compiling module xil_defaultlib.topProcessor
Compiling module xil_defaultlib.tb_countdown
Compiling module xil_defaultlib.glbl
Built simulation snapshot tb_countdown_behav
INFO: [USF-XSim-69] 'elaborate' step finished in '2' seconds
Vivado Simulator 2020.1
Time resolution is 1 ps
Time=25000 | PC=0 | inst=00000513 | state(x10)=0 | x2=0 | x1=0 | LEDs=0000000000000000 | ALUResult=00000000 | MemWrite=0 | address=00000000 | write_data=00000000
Time=35000 | PC=4 | inst=00500113 | state(x10)=0 | x2=0 | x1=0 | LEDs=0000000000000101 | ALUResult=00000005 | MemWrite=0 | address=00000005 | write_data=00000000
Time=45000 | PC=8 | inst=00202223 | state(x10)=0 | x2=5 | x1=0 | LEDs=0000000000000100 | ALUResult=00000004 | MemWrite=1 | address=00000004 | write_data=00000005
Time=55000 | PC=12 | inst=00002083 | state(x10)=0 | x2=5 | x1=0 | LEDs=0000000000000000 | ALUResult=00000000 | MemWrite=0 | address=00000000 | write_data=00000000
Time=65000 | PC=16 | inst=00100193 | state(x10)=0 | x2=5 | x1=0 | LEDs=0000000000000001 | ALUResult=00000001 | MemWrite=0 | address=00000001 | write_data=00000000
Time=75000 | PC=20 | inst=02308663 | state(x10)=0 | x2=5 | x1=0 | LEDs=1111111111111111 | ALUResult=ffffffff | MemWrite=0 | address=ffffffff | write_data=00000001
BRANCH | PC=20 | inst=02308663 | funct3=000 | rs1=x1 | rs2=x3 | imm=44 | ALUResult=ffffffff | zero=0 | BLT_taken=0 | PCSrc=0 | next_PC=24
Time=85000 | PC=24 | inst=00050a63 | state(x10)=0 | x2=5 | x1=0 | LEDs=0000000000000000 | ALUResult=00000000 | MemWrite=0 | address=00000000 | write_data=00000000
BRANCH | PC=24 | inst=00050a63 | funct3=000 | rs1=x10 | rs2=x0 | imm=20 | ALUResult=00000000 | zero=1 | BLT_taken=0 | PCSrc=1 | next_PC=44
Time=95000 | PC=44 | inst=00402103 | state(x10)=0 | x2=5 | x1=0 | LEDs=0000000000000100 | ALUResult=00000004 | MemWrite=0 | address=00000004 | write_data=00000000
Time=105000 | PC=48 | inst=fc010ee3 | state(x10)=0 | x2=5 | x1=0 | LEDs=0000000000000101 | ALUResult=00000005 | MemWrite=0 | address=00000005 | write_data=00000000
BRANCH | PC=48 | inst=fc010ee3 | funct3=000 | rs1=x2 | rs2=x0 | imm=-36 | ALUResult=00000005 | zero=0 | BLT_taken=0 | PCSrc=0 | next_PC=52
Time=115000 | PC=52 | inst=00202423 | state(x10)=0 | x2=5 | x1=0 | LEDs=0000000000001000 | ALUResult=00000008 | MemWrite=1 | address=00000008 | write_data=00000005

=== AFTER INIT ===
state(x10) = 0 (expected 0)
x2 = 5 (expected 5)
memory[4] = 5 (expected 5)
Time=125000 | PC=56 | inst=00100513 | state(x10)=0 | x2=5 | x1=0 | LEDs=0000000000000001 | ALUResult=00000001 | MemWrite=0 | address=00000001 | write_data=00000000
Time=135000 | PC=60 | inst=fc0008e3 | state(x10)=1 | x2=5 | x1=0 | LEDs=0000000000000000 | ALUResult=00000000 | MemWrite=0 | address=00000000 | write_data=00000000
BRANCH | PC=60 | inst=fc0008e3 | funct3=000 | rs1=x0 | rs2=x0 | imm=-48 | ALUResult=00000000 | zero=1 | BLT_taken=0 | PCSrc=1 | next_PC=12
Time=145000 | PC=12 | inst=00002083 | state(x10)=1 | x2=5 | x1=0 | LEDs=0000000000000000 | ALUResult=00000000 | MemWrite=0 | address=00000000 | write_data=00000000
Time=155000 | PC=16 | inst=00100193 | state(x10)=1 | x2=5 | x1=0 | LEDs=0000000000000001 | ALUResult=00000001 | MemWrite=0 | address=00000001 | write_data=00000000
Time=165000 | PC=20 | inst=02308663 | state(x10)=1 | x2=5 | x1=0 | LEDs=1111111111111111 | ALUResult=ffffffff | MemWrite=0 | address=ffffffff | write_data=00000001
BRANCH | PC=20 | inst=02308663 | funct3=000 | rs1=x1 | rs2=x3 | imm=44 | ALUResult=ffffffff | zero=0 | BLT_taken=0 | PCSrc=0 | next_PC=24
Time=175000 | PC=24 | inst=00050a63 | state(x10)=1 | x2=5 | x1=0 | LEDs=0000000000000001 | ALUResult=00000001 | MemWrite=0 | address=00000001 | write_data=00000000
BRANCH | PC=24 | inst=00050a63 | funct3=000 | rs1=x10 | rs2=x0 | imm=20 | ALUResult=00000001 | zero=0 | BLT_taken=0 | PCSrc=0 | next_PC=28
Time=185000 | PC=28 | inst=02010c63 | state(x10)=1 | x2=5 | x1=0 | LEDs=0000000000000101 | ALUResult=00000005 | MemWrite=0 | address=00000005 | write_data=00000000
BRANCH | PC=28 | inst=02010c63 | funct3=000 | rs1=x2 | rs2=x0 | imm=56 | ALUResult=00000005 | zero=0 | BLT_taken=0 | PCSrc=0 | next_PC=32
Time=195000 | PC=32 | inst=00202423 | state(x10)=1 | x2=5 | x1=0 | LEDs=0000000000001000 | ALUResult=00000008 | MemWrite=1 | address=00000008 | write_data=00000005
Time=205000 | PC=36 | inst=fff10113 | state(x10)=1 | x2=5 | x1=0 | LEDs=0000000000000110 | ALUResult=00000006 | MemWrite=0 | address=00000006 | write_data=00000000
Time=215000 | PC=40 | inst=fe000ae3 | state(x10)=1 | x2=6 | x1=0 | LEDs=0000000000000000 | ALUResult=00000000 | MemWrite=0 | address=00000000 | write_data=00000000
BRANCH | PC=40 | inst=fe000ae3 | funct3=000 | rs1=x0 | rs2=x0 | imm=-12 | ALUResult=00000000 | zero=1 | BLT_taken=0 | PCSrc=1 | next_PC=28
Time=225000 | PC=28 | inst=02010c63 | state(x10)=1 | x2=6 | x1=0 | LEDs=0000000000000110 | ALUResult=00000006 | MemWrite=0 | address=00000006 | write_data=00000000
BRANCH | PC=28 | inst=02010c63 | funct3=000 | rs1=x2 | rs2=x0 | imm=56 | ALUResult=00000006 | zero=0 | BLT_taken=0 | PCSrc=0 | next_PC=32
Time=235000 | PC=32 | inst=00202423 | state(x10)=1 | x2=6 | x1=0 | LEDs=0000000000001000 | ALUResult=00000008 | MemWrite=1 | address=00000008 | write_data=00000006
Time=245000 | PC=36 | inst=fff10113 | state(x10)=1 | x2=6 | x1=0 | LEDs=0000000000000111 | ALUResult=00000007 | MemWrite=0 | address=00000007 | write_data=00000000
Time=255000 | PC=40 | inst=fe000ae3 | state(x10)=1 | x2=7 | x1=0 | LEDs=0000000000000000 | ALUResult=00000000 | MemWrite=0 | address=00000000 | write_data=00000000
BRANCH | PC=40 | inst=fe000ae3 | funct3=000 | rs1=x0 | rs2=x0 | imm=-12 | ALUResult=00000000 | zero=1 | BLT_taken=0 | PCSrc=1 | next_PC=28
Time=265000 | PC=28 | inst=02010c63 | state(x10)=1 | x2=7 | x1=0 | LEDs=0000000000000111 | ALUResult=00000007 | MemWrite=0 | address=00000007 | write_data=00000000
BRANCH | PC=28 | inst=02010c63 | funct3=000 | rs1=x2 | rs2=x0 | imm=56 | ALUResult=00000007 | zero=0 | BLT_taken=0 | PCSrc=0 | next_PC=32
Time=275000 | PC=32 | inst=00202423 | state(x10)=1 | x2=7 | x1=0 | LEDs=0000000000001000 | ALUResult=00000008 | MemWrite=1 | address=00000008 | write_data=00000007
Time=285000 | PC=36 | inst=fff10113 | state(x10)=1 | x2=7 | x1=0 | LEDs=0000000000001000 | ALUResult=00000008 | MemWrite=0 | address=00000008 | write_data=00000000
Time=295000 | PC=40 | inst=fe000ae3 | state(x10)=1 | x2=8 | x1=0 | LEDs=0000000000000000 | ALUResult=00000000 | MemWrite=0 | address=00000000 | write_data=00000000
BRANCH | PC=40 | inst=fe000ae3 | funct3=000 | rs1=x0 | rs2=x0 | imm=-12 | ALUResult=00000000 | zero=1 | BLT_taken=0 | PCSrc=1 | next_PC=28
Time=305000 | PC=28 | inst=02010c63 | state(x10)=1 | x2=8 | x1=0 | LEDs=0000000000001000 | ALUResult=00000008 | MemWrite=0 | address=00000008 | write_data=00000000
BRANCH | PC=28 | inst=02010c63 | funct3=000 | rs1=x2 | rs2=x0 | imm=56 | ALUResult=00000008 | zero=0 | BLT_taken=0 | PCSrc=0 | next_PC=32
Time=315000 | PC=32 | inst=00202423 | state(x10)=1 | x2=8 | x1=0 | LEDs=0000000000001000 | ALUResult=00000008 | MemWrite=1 | address=00000008 | write_data=00000008

=== AFTER INPUT STATE ===
state(x10) = 1 (expected 1 = COUNTDOWN)
x2 = 8 (expected 5)
Time=325000 | PC=36 | inst=fff10113 | state(x10)=1 | x2=8 | x1=0 | LEDs=0000000000001001 | ALUResult=00000009 | MemWrite=0 | address=00000009 | write_data=00000000
Time=335000 | PC=40 | inst=fe000ae3 | state(x10)=1 | x2=9 | x1=0 | LEDs=0000000000000000 | ALUResult=00000000 | MemWrite=0 | address=00000000 | write_data=00000000
BRANCH | PC=40 | inst=fe000ae3 | funct3=000 | rs1=x0 | rs2=x0 | imm=-12 | ALUResult=00000000 | zero=1 | BLT_taken=0 | PCSrc=1 | next_PC=28
Time=345000 | PC=28 | inst=02010c63 | state(x10)=1 | x2=9 | x1=0 | LEDs=0000000000001001 | ALUResult=00000009 | MemWrite=0 | address=00000009 | write_data=00000000
BRANCH | PC=28 | inst=02010c63 | funct3=000 | rs1=x2 | rs2=x0 | imm=56 | ALUResult=00000009 | zero=0 | BLT_taken=0 | PCSrc=0 | next_PC=32
Time=355000 | PC=32 | inst=00202423 | state(x10)=1 | x2=9 | x1=0 | LEDs=0000000000001000 | ALUResult=00000008 | MemWrite=1 | address=00000008 | write_data=00000009
Time=365000 | PC=36 | inst=fff10113 | state(x10)=1 | x2=9 | x1=0 | LEDs=0000000000001010 | ALUResult=0000000a | MemWrite=0 | address=0000000a | write_data=00000000
Time=375000 | PC=40 | inst=fe000ae3 | state(x10)=1 | x2=10 | x1=0 | LEDs=0000000000000000 | ALUResult=00000000 | MemWrite=0 | address=00000000 | write_data=00000000
BRANCH | PC=40 | inst=fe000ae3 | funct3=000 | rs1=x0 | rs2=x0 | imm=-12 | ALUResult=00000000 | zero=1 | BLT_taken=0 | PCSrc=1 | next_PC=28
Time=385000 | PC=28 | inst=02010c63 | state(x10)=1 | x2=10 | x1=0 | LEDs=0000000000001010 | ALUResult=0000000a | MemWrite=0 | address=0000000a | write_data=00000000
BRANCH | PC=28 | inst=02010c63 | funct3=000 | rs1=x2 | rs2=x0 | imm=56 | ALUResult=0000000a | zero=0 | BLT_taken=0 | PCSrc=0 | next_PC=32
Time=395000 | PC=32 | inst=00202423 | state(x10)=1 | x2=10 | x1=0 | LEDs=0000000000001000 | ALUResult=00000008 | MemWrite=1 | address=00000008 | write_data=0000000a
Time=405000 | PC=36 | inst=fff10113 | state(x10)=1 | x2=10 | x1=0 | LEDs=0000000000001011 | ALUResult=0000000b | MemWrite=0 | address=0000000b | write_data=00000000
Time=415000 | PC=40 | inst=fe000ae3 | state(x10)=1 | x2=11 | x1=0 | LEDs=0000000000000000 | ALUResult=00000000 | MemWrite=0 | address=00000000 | write_data=00000000
BRANCH | PC=40 | inst=fe000ae3 | funct3=000 | rs1=x0 | rs2=x0 | imm=-12 | ALUResult=00000000 | zero=1 | BLT_taken=0 | PCSrc=1 | next_PC=28
Time=425000 | PC=28 | inst=02010c63 | state(x10)=1 | x2=11 | x1=0 | LEDs=0000000000001011 | ALUResult=0000000b | MemWrite=0 | address=0000000b | write_data=00000000
BRANCH | PC=28 | inst=02010c63 | funct3=000 | rs1=x2 | rs2=x0 | imm=56 | ALUResult=0000000b | zero=0 | BLT_taken=0 | PCSrc=0 | next_PC=32
Time=435000 | PC=32 | inst=00202423 | state(x10)=1 | x2=11 | x1=0 | LEDs=0000000000001000 | ALUResult=00000008 | MemWrite=1 | address=00000008 | write_data=0000000b
Time=445000 | PC=36 | inst=fff10113 | state(x10)=1 | x2=11 | x1=0 | LEDs=0000000000001100 | ALUResult=0000000c | MemWrite=0 | address=0000000c | write_data=00000000
Time=455000 | PC=40 | inst=fe000ae3 | state(x10)=1 | x2=12 | x1=0 | LEDs=0000000000000000 | ALUResult=00000000 | MemWrite=0 | address=00000000 | write_data=00000000
BRANCH | PC=40 | inst=fe000ae3 | funct3=000 | rs1=x0 | rs2=x0 | imm=-12 | ALUResult=00000000 | zero=1 | BLT_taken=0 | PCSrc=1 | next_PC=28
Time=465000 | PC=28 | inst=02010c63 | state(x10)=1 | x2=12 | x1=0 | LEDs=0000000000001100 | ALUResult=0000000c | MemWrite=0 | address=0000000c | write_data=00000000
BRANCH | PC=28 | inst=02010c63 | funct3=000 | rs1=x2 | rs2=x0 | imm=56 | ALUResult=0000000c | zero=0 | BLT_taken=0 | PCSrc=0 | next_PC=32
Time=475000 | PC=32 | inst=00202423 | state(x10)=1 | x2=12 | x1=0 | LEDs=0000000000001000 | ALUResult=00000008 | MemWrite=1 | address=00000008 | write_data=0000000c
Time=485000 | PC=36 | inst=fff10113 | state(x10)=1 | x2=12 | x1=0 | LEDs=0000000000001101 | ALUResult=0000000d | MemWrite=0 | address=0000000d | write_data=00000000
Time=495000 | PC=40 | inst=fe000ae3 | state(x10)=1 | x2=13 | x1=0 | LEDs=0000000000000000 | ALUResult=00000000 | MemWrite=0 | address=00000000 | write_data=00000000
BRANCH | PC=40 | inst=fe000ae3 | funct3=000 | rs1=x0 | rs2=x0 | imm=-12 | ALUResult=00000000 | zero=1 | BLT_taken=0 | PCSrc=1 | next_PC=28
Time=505000 | PC=28 | inst=02010c63 | state(x10)=1 | x2=13 | x1=0 | LEDs=0000000000001101 | ALUResult=0000000d | MemWrite=0 | address=0000000d | write_data=00000000
BRANCH | PC=28 | inst=02010c63 | funct3=000 | rs1=x2 | rs2=x0 | imm=56 | ALUResult=0000000d | zero=0 | BLT_taken=0 | PCSrc=0 | next_PC=32
Time=515000 | PC=32 | inst=00202423 | state(x10)=1 | x2=13 | x1=0 | LEDs=0000000000001000 | ALUResult=00000008 | MemWrite=1 | address=00000008 | write_data=0000000d
Time=525000 | PC=36 | inst=fff10113 | state(x10)=1 | x2=13 | x1=0 | LEDs=0000000000001110 | ALUResult=0000000e | MemWrite=0 | address=0000000e | write_data=00000000
Time=535000 | PC=40 | inst=fe000ae3 | state(x10)=1 | x2=14 | x1=0 | LEDs=0000000000000000 | ALUResult=00000000 | MemWrite=0 | address=00000000 | write_data=00000000
BRANCH | PC=40 | inst=fe000ae3 | funct3=000 | rs1=x0 | rs2=x0 | imm=-12 | ALUResult=00000000 | zero=1 | BLT_taken=0 | PCSrc=1 | next_PC=28
Time=545000 | PC=28 | inst=02010c63 | state(x10)=1 | x2=14 | x1=0 | LEDs=0000000000001110 | ALUResult=0000000e | MemWrite=0 | address=0000000e | write_data=00000000
BRANCH | PC=28 | inst=02010c63 | funct3=000 | rs1=x2 | rs2=x0 | imm=56 | ALUResult=0000000e | zero=0 | BLT_taken=0 | PCSrc=0 | next_PC=32
Time=555000 | PC=32 | inst=00202423 | state(x10)=1 | x2=14 | x1=0 | LEDs=0000000000001000 | ALUResult=00000008 | MemWrite=1 | address=00000008 | write_data=0000000e
Time=565000 | PC=36 | inst=fff10113 | state(x10)=1 | x2=14 | x1=0 | LEDs=0000000000001111 | ALUResult=0000000f | MemWrite=0 | address=0000000f | write_data=00000000
Time=575000 | PC=40 | inst=fe000ae3 | state(x10)=1 | x2=15 | x1=0 | LEDs=0000000000000000 | ALUResult=00000000 | MemWrite=0 | address=00000000 | write_data=00000000
BRANCH | PC=40 | inst=fe000ae3 | funct3=000 | rs1=x0 | rs2=x0 | imm=-12 | ALUResult=00000000 | zero=1 | BLT_taken=0 | PCSrc=1 | next_PC=28
Time=585000 | PC=28 | inst=02010c63 | state(x10)=1 | x2=15 | x1=0 | LEDs=0000000000001111 | ALUResult=0000000f | MemWrite=0 | address=0000000f | write_data=00000000
BRANCH | PC=28 | inst=02010c63 | funct3=000 | rs1=x2 | rs2=x0 | imm=56 | ALUResult=0000000f | zero=0 | BLT_taken=0 | PCSrc=0 | next_PC=32
Time=595000 | PC=32 | inst=00202423 | state(x10)=1 | x2=15 | x1=0 | LEDs=0000000000001000 | ALUResult=00000008 | MemWrite=1 | address=00000008 | write_data=0000000f
Time=605000 | PC=36 | inst=fff10113 | state(x10)=1 | x2=15 | x1=0 | LEDs=0000000000010000 | ALUResult=00000010 | MemWrite=0 | address=00000010 | write_data=00000000
Time=615000 | PC=40 | inst=fe000ae3 | state(x10)=1 | x2=16 | x1=0 | LEDs=0000000000000000 | ALUResult=00000000 | MemWrite=0 | address=00000000 | write_data=00000000
BRANCH | PC=40 | inst=fe000ae3 | funct3=000 | rs1=x0 | rs2=x0 | imm=-12 | ALUResult=00000000 | zero=1 | BLT_taken=0 | PCSrc=1 | next_PC=28
Time=625000 | PC=28 | inst=02010c63 | state(x10)=1 | x2=16 | x1=0 | LEDs=0000000000010000 | ALUResult=00000010 | MemWrite=0 | address=00000010 | write_data=00000000
BRANCH | PC=28 | inst=02010c63 | funct3=000 | rs1=x2 | rs2=x0 | imm=56 | ALUResult=00000010 | zero=0 | BLT_taken=0 | PCSrc=0 | next_PC=32
Time=635000 | PC=32 | inst=00202423 | state(x10)=1 | x2=16 | x1=0 | LEDs=0000000000001000 | ALUResult=00000008 | MemWrite=1 | address=00000008 | write_data=00000010
Time=645000 | PC=36 | inst=fff10113 | state(x10)=1 | x2=16 | x1=0 | LEDs=0000000000010001 | ALUResult=00000011 | MemWrite=0 | address=00000011 | write_data=00000000
Time=655000 | PC=40 | inst=fe000ae3 | state(x10)=1 | x2=17 | x1=0 | LEDs=0000000000000000 | ALUResult=00000000 | MemWrite=0 | address=00000000 | write_data=00000000
BRANCH | PC=40 | inst=fe000ae3 | funct3=000 | rs1=x0 | rs2=x0 | imm=-12 | ALUResult=00000000 | zero=1 | BLT_taken=0 | PCSrc=1 | next_PC=28
Time=665000 | PC=28 | inst=02010c63 | state(x10)=1 | x2=17 | x1=0 | LEDs=0000000000010001 | ALUResult=00000011 | MemWrite=0 | address=00000011 | write_data=00000000
BRANCH | PC=28 | inst=02010c63 | funct3=000 | rs1=x2 | rs2=x0 | imm=56 | ALUResult=00000011 | zero=0 | BLT_taken=0 | PCSrc=0 | next_PC=32
Time=675000 | PC=32 | inst=00202423 | state(x10)=1 | x2=17 | x1=0 | LEDs=0000000000001000 | ALUResult=00000008 | MemWrite=1 | address=00000008 | write_data=00000011
Time=685000 | PC=36 | inst=fff10113 | state(x10)=1 | x2=17 | x1=0 | LEDs=0000000000010010 | ALUResult=00000012 | MemWrite=0 | address=00000012 | write_data=00000000
Time=695000 | PC=40 | inst=fe000ae3 | state(x10)=1 | x2=18 | x1=0 | LEDs=0000000000000000 | ALUResult=00000000 | MemWrite=0 | address=00000000 | write_data=00000000
BRANCH | PC=40 | inst=fe000ae3 | funct3=000 | rs1=x0 | rs2=x0 | imm=-12 | ALUResult=00000000 | zero=1 | BLT_taken=0 | PCSrc=1 | next_PC=28
Time=705000 | PC=28 | inst=02010c63 | state(x10)=1 | x2=18 | x1=0 | LEDs=0000000000010010 | ALUResult=00000012 | MemWrite=0 | address=00000012 | write_data=00000000
BRANCH | PC=28 | inst=02010c63 | funct3=000 | rs1=x2 | rs2=x0 | imm=56 | ALUResult=00000012 | zero=0 | BLT_taken=0 | PCSrc=0 | next_PC=32
Time=715000 | PC=32 | inst=00202423 | state(x10)=1 | x2=18 | x1=0 | LEDs=0000000000001000 | ALUResult=00000008 | MemWrite=1 | address=00000008 | write_data=00000012
Time=725000 | PC=36 | inst=fff10113 | state(x10)=1 | x2=18 | x1=0 | LEDs=0000000000010011 | ALUResult=00000013 | MemWrite=0 | address=00000013 | write_data=00000000
Time=735000 | PC=40 | inst=fe000ae3 | state(x10)=1 | x2=19 | x1=0 | LEDs=0000000000000000 | ALUResult=00000000 | MemWrite=0 | address=00000000 | write_data=00000000
BRANCH | PC=40 | inst=fe000ae3 | funct3=000 | rs1=x0 | rs2=x0 | imm=-12 | ALUResult=00000000 | zero=1 | BLT_taken=0 | PCSrc=1 | next_PC=28
Time=745000 | PC=28 | inst=02010c63 | state(x10)=1 | x2=19 | x1=0 | LEDs=0000000000010011 | ALUResult=00000013 | MemWrite=0 | address=00000013 | write_data=00000000
BRANCH | PC=28 | inst=02010c63 | funct3=000 | rs1=x2 | rs2=x0 | imm=56 | ALUResult=00000013 | zero=0 | BLT_taken=0 | PCSrc=0 | next_PC=32
Time=755000 | PC=32 | inst=00202423 | state(x10)=1 | x2=19 | x1=0 | LEDs=0000000000001000 | ALUResult=00000008 | MemWrite=1 | address=00000008 | write_data=00000013
Time=765000 | PC=36 | inst=fff10113 | state(x10)=1 | x2=19 | x1=0 | LEDs=0000000000010100 | ALUResult=00000014 | MemWrite=0 | address=00000014 | write_data=00000000
Time=775000 | PC=40 | inst=fe000ae3 | state(x10)=1 | x2=20 | x1=0 | LEDs=0000000000000000 | ALUResult=00000000 | MemWrite=0 | address=00000000 | write_data=00000000
BRANCH | PC=40 | inst=fe000ae3 | funct3=000 | rs1=x0 | rs2=x0 | imm=-12 | ALUResult=00000000 | zero=1 | BLT_taken=0 | PCSrc=1 | next_PC=28
Time=785000 | PC=28 | inst=02010c63 | state(x10)=1 | x2=20 | x1=0 | LEDs=0000000000010100 | ALUResult=00000014 | MemWrite=0 | address=00000014 | write_data=00000000
BRANCH | PC=28 | inst=02010c63 | funct3=000 | rs1=x2 | rs2=x0 | imm=56 | ALUResult=00000014 | zero=0 | BLT_taken=0 | PCSrc=0 | next_PC=32
Time=795000 | PC=32 | inst=00202423 | state(x10)=1 | x2=20 | x1=0 | LEDs=0000000000001000 | ALUResult=00000008 | MemWrite=1 | address=00000008 | write_data=00000014
Time=805000 | PC=36 | inst=fff10113 | state(x10)=1 | x2=20 | x1=0 | LEDs=0000000000010101 | ALUResult=00000015 | MemWrite=0 | address=00000015 | write_data=00000000
Time=815000 | PC=40 | inst=fe000ae3 | state(x10)=1 | x2=21 | x1=0 | LEDs=0000000000000000 | ALUResult=00000000 | MemWrite=0 | address=00000000 | write_data=00000000
BRANCH | PC=40 | inst=fe000ae3 | funct3=000 | rs1=x0 | rs2=x0 | imm=-12 | ALUResult=00000000 | zero=1 | BLT_taken=0 | PCSrc=1 | next_PC=28
Time=825000 | PC=28 | inst=02010c63 | state(x10)=1 | x2=21 | x1=0 | LEDs=0000000000010101 | ALUResult=00000015 | MemWrite=0 | address=00000015 | write_data=00000000
BRANCH | PC=28 | inst=02010c63 | funct3=000 | rs1=x2 | rs2=x0 | imm=56 | ALUResult=00000015 | zero=0 | BLT_taken=0 | PCSrc=0 | next_PC=32
Time=835000 | PC=32 | inst=00202423 | state(x10)=1 | x2=21 | x1=0 | LEDs=0000000000001000 | ALUResult=00000008 | MemWrite=1 | address=00000008 | write_data=00000015
Time=845000 | PC=36 | inst=fff10113 | state(x10)=1 | x2=21 | x1=0 | LEDs=0000000000010110 | ALUResult=00000016 | MemWrite=0 | address=00000016 | write_data=00000000
Time=855000 | PC=40 | inst=fe000ae3 | state(x10)=1 | x2=22 | x1=0 | LEDs=0000000000000000 | ALUResult=00000000 | MemWrite=0 | address=00000000 | write_data=00000000
BRANCH | PC=40 | inst=fe000ae3 | funct3=000 | rs1=x0 | rs2=x0 | imm=-12 | ALUResult=00000000 | zero=1 | BLT_taken=0 | PCSrc=1 | next_PC=28
Time=865000 | PC=28 | inst=02010c63 | state(x10)=1 | x2=22 | x1=0 | LEDs=0000000000010110 | ALUResult=00000016 | MemWrite=0 | address=00000016 | write_data=00000000
BRANCH | PC=28 | inst=02010c63 | funct3=000 | rs1=x2 | rs2=x0 | imm=56 | ALUResult=00000016 | zero=0 | BLT_taken=0 | PCSrc=0 | next_PC=32
Time=875000 | PC=32 | inst=00202423 | state(x10)=1 | x2=22 | x1=0 | LEDs=0000000000001000 | ALUResult=00000008 | MemWrite=1 | address=00000008 | write_data=00000016
Time=885000 | PC=36 | inst=fff10113 | state(x10)=1 | x2=22 | x1=0 | LEDs=0000000000010111 | ALUResult=00000017 | MemWrite=0 | address=00000017 | write_data=00000000
Time=895000 | PC=40 | inst=fe000ae3 | state(x10)=1 | x2=23 | x1=0 | LEDs=0000000000000000 | ALUResult=00000000 | MemWrite=0 | address=00000000 | write_data=00000000
BRANCH | PC=40 | inst=fe000ae3 | funct3=000 | rs1=x0 | rs2=x0 | imm=-12 | ALUResult=00000000 | zero=1 | BLT_taken=0 | PCSrc=1 | next_PC=28
Time=905000 | PC=28 | inst=02010c63 | state(x10)=1 | x2=23 | x1=0 | LEDs=0000000000010111 | ALUResult=00000017 | MemWrite=0 | address=00000017 | write_data=00000000
BRANCH | PC=28 | inst=02010c63 | funct3=000 | rs1=x2 | rs2=x0 | imm=56 | ALUResult=00000017 | zero=0 | BLT_taken=0 | PCSrc=0 | next_PC=32
Time=915000 | PC=32 | inst=00202423 | state(x10)=1 | x2=23 | x1=0 | LEDs=0000000000001000 | ALUResult=00000008 | MemWrite=1 | address=00000008 | write_data=00000017
Time=925000 | PC=36 | inst=fff10113 | state(x10)=1 | x2=23 | x1=0 | LEDs=0000000000011000 | ALUResult=00000018 | MemWrite=0 | address=00000018 | write_data=00000000
Time=935000 | PC=40 | inst=fe000ae3 | state(x10)=1 | x2=24 | x1=0 | LEDs=0000000000000000 | ALUResult=00000000 | MemWrite=0 | address=00000000 | write_data=00000000
BRANCH | PC=40 | inst=fe000ae3 | funct3=000 | rs1=x0 | rs2=x0 | imm=-12 | ALUResult=00000000 | zero=1 | BLT_taken=0 | PCSrc=1 | next_PC=28
Time=945000 | PC=28 | inst=02010c63 | state(x10)=1 | x2=24 | x1=0 | LEDs=0000000000011000 | ALUResult=00000018 | MemWrite=0 | address=00000018 | write_data=00000000
BRANCH | PC=28 | inst=02010c63 | funct3=000 | rs1=x2 | rs2=x0 | imm=56 | ALUResult=00000018 | zero=0 | BLT_taken=0 | PCSrc=0 | next_PC=32
Time=955000 | PC=32 | inst=00202423 | state(x10)=1 | x2=24 | x1=0 | LEDs=0000000000001000 | ALUResult=00000008 | MemWrite=1 | address=00000008 | write_data=00000018
Time=965000 | PC=36 | inst=fff10113 | state(x10)=1 | x2=24 | x1=0 | LEDs=0000000000011001 | ALUResult=00000019 | MemWrite=0 | address=00000019 | write_data=00000000
Time=975000 | PC=40 | inst=fe000ae3 | state(x10)=1 | x2=25 | x1=0 | LEDs=0000000000000000 | ALUResult=00000000 | MemWrite=0 | address=00000000 | write_data=00000000
BRANCH | PC=40 | inst=fe000ae3 | funct3=000 | rs1=x0 | rs2=x0 | imm=-12 | ALUResult=00000000 | zero=1 | BLT_taken=0 | PCSrc=1 | next_PC=28
Time=985000 | PC=28 | inst=02010c63 | state(x10)=1 | x2=25 | x1=0 | LEDs=0000000000011001 | ALUResult=00000019 | MemWrite=0 | address=00000019 | write_data=00000000
BRANCH | PC=28 | inst=02010c63 | funct3=000 | rs1=x2 | rs2=x0 | imm=56 | ALUResult=00000019 | zero=0 | BLT_taken=0 | PCSrc=0 | next_PC=32
Time=995000 | PC=32 | inst=00202423 | state(x10)=1 | x2=25 | x1=0 | LEDs=0000000000001000 | ALUResult=00000008 | MemWrite=1 | address=00000008 | write_data=00000019
relaunch_sim: Time (s): cpu = 00:00:03 ; elapsed = 00:00:08 . Memory (MB): peak = 1018.465 ; gain = 0.000
close_sim
INFO: [Simtcl 6-16] Simulation closed
launch_simulation
Command: launch_simulation 
INFO: [Vivado 12-5682] Launching behavioral simulation in 'C:/Users/tau/Documents/CA-Labs-T1/TopProcessor/lab11.sim/sim_1/behav/xsim'
INFO: [SIM-utils-51] Simulation object is 'sim_1'
INFO: [SIM-utils-54] Inspecting design source files for 'tb_countdown' in fileset 'sim_1'...
INFO: [SIM-utils-43] Exported 'C:/Users/tau/Documents/CA-Labs-T1/TopProcessor/lab11.sim/sim_1/behav/xsim/instructions.mem'
INFO: [SIM-utils-43] Exported 'C:/Users/tau/Documents/CA-Labs-T1/TopProcessor/lab11.sim/sim_1/behav/xsim/instructions_task1.mem'
INFO: [SIM-utils-43] Exported 'C:/Users/tau/Documents/CA-Labs-T1/TopProcessor/lab11.sim/sim_1/behav/xsim/instructions.mem'
INFO: [SIM-utils-43] Exported 'C:/Users/tau/Documents/CA-Labs-T1/TopProcessor/lab11.sim/sim_1/behav/xsim/instructions_task1.mem'
INFO: [USF-XSim-97] Finding global include files...
INFO: [USF-XSim-98] Fetching design files from 'sim_1'...
INFO: [USF-XSim-2] XSim::Compile design
INFO: [USF-XSim-61] Executing 'COMPILE and ANALYZE' step in 'C:/Users/tau/Documents/CA-Labs-T1/TopProcessor/lab11.sim/sim_1/behav/xsim'
"xvlog --incr --relax -prj tb_countdown_vlog.prj"
INFO: [USF-XSim-69] 'compile' step finished in '1' seconds
INFO: [USF-XSim-3] XSim::Elaborate design
INFO: [USF-XSim-61] Executing 'ELABORATE' step in 'C:/Users/tau/Documents/CA-Labs-T1/TopProcessor/lab11.sim/sim_1/behav/xsim'
"xelab -wto f8d01134f7dc4a89acf0d8e4e2a22205 --incr --debug typical --relax --mt 2 -L xil_defaultlib -L unisims_ver -L unimacro_ver -L secureip --snapshot tb_countdown_behav xil_defaultlib.tb_countdown xil_defaultlib.glbl -log elaborate.log"
Vivado Simulator 2020.1
Copyright 1986-1999, 2001-2020 Xilinx, Inc. All Rights Reserved.
Running: C:/Xilinx/Vivado/2020.1/bin/unwrapped/win64.o/xelab.exe -wto f8d01134f7dc4a89acf0d8e4e2a22205 --incr --debug typical --relax --mt 2 -L xil_defaultlib -L unisims_ver -L unimacro_ver -L secureip --snapshot tb_countdown_behav xil_defaultlib.tb_countdown xil_defaultlib.glbl -log elaborate.log 
Using 2 slave threads.
Starting static elaboration
Pass Through NonSizing Optimizer
Completed static elaboration
INFO: [XSIM 43-4323] No Change in HDL. Linking previously generated obj files to create kernel
INFO: [USF-XSim-69] 'elaborate' step finished in '1' seconds
INFO: [USF-XSim-4] XSim::Simulate design
INFO: [USF-XSim-61] Executing 'SIMULATE' step in 'C:/Users/tau/Documents/CA-Labs-T1/TopProcessor/lab11.sim/sim_1/behav/xsim'
INFO: [USF-XSim-98] *** Running xsim
   with args "tb_countdown_behav -key {Behavioral:sim_1:Functional:tb_countdown} -tclbatch {tb_countdown.tcl} -log {simulate.log}"
INFO: [USF-XSim-8] Loading simulator feature
Vivado Simulator 2020.1
Time resolution is 1 ps
source tb_countdown.tcl
# set curr_wave [current_wave_config]
# if { [string length $curr_wave] == 0 } {
#   if { [llength [get_objects]] > 0} {
#     add_wave /
#     set_property needs_save false [current_wave_config]
#   } else {
#      send_msg_id Add_Wave-1 WARNING "No top level signals found. Simulator will start without a wave window. If you want to open a wave window go to 'File->New Waveform Configuration' or type 'create_wave_config' in the TCL console."
#   }
# }
# run 1000ns
Time=25000 | PC=0 | inst=00000513 | state(x10)=0 | x2=0 | x1=0 | LEDs=0000000000000000 | ALUResult=00000000 | MemWrite=0 | address=00000000 | write_data=00000000
Time=35000 | PC=4 | inst=00500113 | state(x10)=0 | x2=0 | x1=0 | LEDs=0000000000000101 | ALUResult=00000005 | MemWrite=0 | address=00000005 | write_data=00000000
Time=45000 | PC=8 | inst=00202223 | state(x10)=0 | x2=5 | x1=0 | LEDs=0000000000000100 | ALUResult=00000004 | MemWrite=1 | address=00000004 | write_data=00000005
Time=55000 | PC=12 | inst=00002083 | state(x10)=0 | x2=5 | x1=0 | LEDs=0000000000000000 | ALUResult=00000000 | MemWrite=0 | address=00000000 | write_data=00000000
Time=65000 | PC=16 | inst=00100193 | state(x10)=0 | x2=5 | x1=0 | LEDs=0000000000000001 | ALUResult=00000001 | MemWrite=0 | address=00000001 | write_data=00000000
Time=75000 | PC=20 | inst=02308663 | state(x10)=0 | x2=5 | x1=0 | LEDs=1111111111111111 | ALUResult=ffffffff | MemWrite=0 | address=ffffffff | write_data=00000001
BRANCH | PC=20 | inst=02308663 | funct3=000 | rs1=x1 | rs2=x3 | imm=44 | ALUResult=ffffffff | zero=0 | BLT_taken=0 | PCSrc=0 | next_PC=24
Time=85000 | PC=24 | inst=00050a63 | state(x10)=0 | x2=5 | x1=0 | LEDs=0000000000000000 | ALUResult=00000000 | MemWrite=0 | address=00000000 | write_data=00000000
BRANCH | PC=24 | inst=00050a63 | funct3=000 | rs1=x10 | rs2=x0 | imm=20 | ALUResult=00000000 | zero=1 | BLT_taken=0 | PCSrc=1 | next_PC=44
Time=95000 | PC=44 | inst=00402103 | state(x10)=0 | x2=5 | x1=0 | LEDs=0000000000000100 | ALUResult=00000004 | MemWrite=0 | address=00000004 | write_data=00000000
Time=105000 | PC=48 | inst=fc010ee3 | state(x10)=0 | x2=5 | x1=0 | LEDs=0000000000000101 | ALUResult=00000005 | MemWrite=0 | address=00000005 | write_data=00000000
BRANCH | PC=48 | inst=fc010ee3 | funct3=000 | rs1=x2 | rs2=x0 | imm=-36 | ALUResult=00000005 | zero=0 | BLT_taken=0 | PCSrc=0 | next_PC=52
Time=115000 | PC=52 | inst=00202423 | state(x10)=0 | x2=5 | x1=0 | LEDs=0000000000001000 | ALUResult=00000008 | MemWrite=1 | address=00000008 | write_data=00000005

=== AFTER INIT ===
state(x10) = 0 (expected 0)
x2 = 5 (expected 5)
memory[4] = 5 (expected 5)
Time=125000 | PC=56 | inst=00100513 | state(x10)=0 | x2=5 | x1=0 | LEDs=0000000000000001 | ALUResult=00000001 | MemWrite=0 | address=00000001 | write_data=00000000
Time=135000 | PC=60 | inst=fc0008e3 | state(x10)=1 | x2=5 | x1=0 | LEDs=0000000000000000 | ALUResult=00000000 | MemWrite=0 | address=00000000 | write_data=00000000
BRANCH | PC=60 | inst=fc0008e3 | funct3=000 | rs1=x0 | rs2=x0 | imm=-48 | ALUResult=00000000 | zero=1 | BLT_taken=0 | PCSrc=1 | next_PC=12
Time=145000 | PC=12 | inst=00002083 | state(x10)=1 | x2=5 | x1=0 | LEDs=0000000000000000 | ALUResult=00000000 | MemWrite=0 | address=00000000 | write_data=00000000
Time=155000 | PC=16 | inst=00100193 | state(x10)=1 | x2=5 | x1=0 | LEDs=0000000000000001 | ALUResult=00000001 | MemWrite=0 | address=00000001 | write_data=00000000
Time=165000 | PC=20 | inst=02308663 | state(x10)=1 | x2=5 | x1=0 | LEDs=1111111111111111 | ALUResult=ffffffff | MemWrite=0 | address=ffffffff | write_data=00000001
BRANCH | PC=20 | inst=02308663 | funct3=000 | rs1=x1 | rs2=x3 | imm=44 | ALUResult=ffffffff | zero=0 | BLT_taken=0 | PCSrc=0 | next_PC=24
Time=175000 | PC=24 | inst=00050a63 | state(x10)=1 | x2=5 | x1=0 | LEDs=0000000000000001 | ALUResult=00000001 | MemWrite=0 | address=00000001 | write_data=00000000
BRANCH | PC=24 | inst=00050a63 | funct3=000 | rs1=x10 | rs2=x0 | imm=20 | ALUResult=00000001 | zero=0 | BLT_taken=0 | PCSrc=0 | next_PC=28
Time=185000 | PC=28 | inst=02010c63 | state(x10)=1 | x2=5 | x1=0 | LEDs=0000000000000101 | ALUResult=00000005 | MemWrite=0 | address=00000005 | write_data=00000000
BRANCH | PC=28 | inst=02010c63 | funct3=000 | rs1=x2 | rs2=x0 | imm=56 | ALUResult=00000005 | zero=0 | BLT_taken=0 | PCSrc=0 | next_PC=32
Time=195000 | PC=32 | inst=00202423 | state(x10)=1 | x2=5 | x1=0 | LEDs=0000000000001000 | ALUResult=00000008 | MemWrite=1 | address=00000008 | write_data=00000005
Time=205000 | PC=36 | inst=fff10113 | state(x10)=1 | x2=5 | x1=0 | LEDs=0000000000000110 | ALUResult=00000006 | MemWrite=0 | address=00000006 | write_data=00000000
Time=215000 | PC=40 | inst=fe000ae3 | state(x10)=1 | x2=6 | x1=0 | LEDs=0000000000000000 | ALUResult=00000000 | MemWrite=0 | address=00000000 | write_data=00000000
BRANCH | PC=40 | inst=fe000ae3 | funct3=000 | rs1=x0 | rs2=x0 | imm=-12 | ALUResult=00000000 | zero=1 | BLT_taken=0 | PCSrc=1 | next_PC=28
Time=225000 | PC=28 | inst=02010c63 | state(x10)=1 | x2=6 | x1=0 | LEDs=0000000000000110 | ALUResult=00000006 | MemWrite=0 | address=00000006 | write_data=00000000
BRANCH | PC=28 | inst=02010c63 | funct3=000 | rs1=x2 | rs2=x0 | imm=56 | ALUResult=00000006 | zero=0 | BLT_taken=0 | PCSrc=0 | next_PC=32
Time=235000 | PC=32 | inst=00202423 | state(x10)=1 | x2=6 | x1=0 | LEDs=0000000000001000 | ALUResult=00000008 | MemWrite=1 | address=00000008 | write_data=00000006
Time=245000 | PC=36 | inst=fff10113 | state(x10)=1 | x2=6 | x1=0 | LEDs=0000000000000111 | ALUResult=00000007 | MemWrite=0 | address=00000007 | write_data=00000000
Time=255000 | PC=40 | inst=fe000ae3 | state(x10)=1 | x2=7 | x1=0 | LEDs=0000000000000000 | ALUResult=00000000 | MemWrite=0 | address=00000000 | write_data=00000000
BRANCH | PC=40 | inst=fe000ae3 | funct3=000 | rs1=x0 | rs2=x0 | imm=-12 | ALUResult=00000000 | zero=1 | BLT_taken=0 | PCSrc=1 | next_PC=28
Time=265000 | PC=28 | inst=02010c63 | state(x10)=1 | x2=7 | x1=0 | LEDs=0000000000000111 | ALUResult=00000007 | MemWrite=0 | address=00000007 | write_data=00000000
BRANCH | PC=28 | inst=02010c63 | funct3=000 | rs1=x2 | rs2=x0 | imm=56 | ALUResult=00000007 | zero=0 | BLT_taken=0 | PCSrc=0 | next_PC=32
Time=275000 | PC=32 | inst=00202423 | state(x10)=1 | x2=7 | x1=0 | LEDs=0000000000001000 | ALUResult=00000008 | MemWrite=1 | address=00000008 | write_data=00000007
Time=285000 | PC=36 | inst=fff10113 | state(x10)=1 | x2=7 | x1=0 | LEDs=0000000000001000 | ALUResult=00000008 | MemWrite=0 | address=00000008 | write_data=00000000
Time=295000 | PC=40 | inst=fe000ae3 | state(x10)=1 | x2=8 | x1=0 | LEDs=0000000000000000 | ALUResult=00000000 | MemWrite=0 | address=00000000 | write_data=00000000
BRANCH | PC=40 | inst=fe000ae3 | funct3=000 | rs1=x0 | rs2=x0 | imm=-12 | ALUResult=00000000 | zero=1 | BLT_taken=0 | PCSrc=1 | next_PC=28
Time=305000 | PC=28 | inst=02010c63 | state(x10)=1 | x2=8 | x1=0 | LEDs=0000000000001000 | ALUResult=00000008 | MemWrite=0 | address=00000008 | write_data=00000000
BRANCH | PC=28 | inst=02010c63 | funct3=000 | rs1=x2 | rs2=x0 | imm=56 | ALUResult=00000008 | zero=0 | BLT_taken=0 | PCSrc=0 | next_PC=32
Time=315000 | PC=32 | inst=00202423 | state(x10)=1 | x2=8 | x1=0 | LEDs=0000000000001000 | ALUResult=00000008 | MemWrite=1 | address=00000008 | write_data=00000008

=== AFTER INPUT STATE ===
state(x10) = 1 (expected 1 = COUNTDOWN)
x2 = 8 (expected 5)
Time=325000 | PC=36 | inst=fff10113 | state(x10)=1 | x2=8 | x1=0 | LEDs=0000000000001001 | ALUResult=00000009 | MemWrite=0 | address=00000009 | write_data=00000000
Time=335000 | PC=40 | inst=fe000ae3 | state(x10)=1 | x2=9 | x1=0 | LEDs=0000000000000000 | ALUResult=00000000 | MemWrite=0 | address=00000000 | write_data=00000000
BRANCH | PC=40 | inst=fe000ae3 | funct3=000 | rs1=x0 | rs2=x0 | imm=-12 | ALUResult=00000000 | zero=1 | BLT_taken=0 | PCSrc=1 | next_PC=28
Time=345000 | PC=28 | inst=02010c63 | state(x10)=1 | x2=9 | x1=0 | LEDs=0000000000001001 | ALUResult=00000009 | MemWrite=0 | address=00000009 | write_data=00000000
BRANCH | PC=28 | inst=02010c63 | funct3=000 | rs1=x2 | rs2=x0 | imm=56 | ALUResult=00000009 | zero=0 | BLT_taken=0 | PCSrc=0 | next_PC=32
Time=355000 | PC=32 | inst=00202423 | state(x10)=1 | x2=9 | x1=0 | LEDs=0000000000001000 | ALUResult=00000008 | MemWrite=1 | address=00000008 | write_data=00000009
Time=365000 | PC=36 | inst=fff10113 | state(x10)=1 | x2=9 | x1=0 | LEDs=0000000000001010 | ALUResult=0000000a | MemWrite=0 | address=0000000a | write_data=00000000
Time=375000 | PC=40 | inst=fe000ae3 | state(x10)=1 | x2=10 | x1=0 | LEDs=0000000000000000 | ALUResult=00000000 | MemWrite=0 | address=00000000 | write_data=00000000
BRANCH | PC=40 | inst=fe000ae3 | funct3=000 | rs1=x0 | rs2=x0 | imm=-12 | ALUResult=00000000 | zero=1 | BLT_taken=0 | PCSrc=1 | next_PC=28
Time=385000 | PC=28 | inst=02010c63 | state(x10)=1 | x2=10 | x1=0 | LEDs=0000000000001010 | ALUResult=0000000a | MemWrite=0 | address=0000000a | write_data=00000000
BRANCH | PC=28 | inst=02010c63 | funct3=000 | rs1=x2 | rs2=x0 | imm=56 | ALUResult=0000000a | zero=0 | BLT_taken=0 | PCSrc=0 | next_PC=32
Time=395000 | PC=32 | inst=00202423 | state(x10)=1 | x2=10 | x1=0 | LEDs=0000000000001000 | ALUResult=00000008 | MemWrite=1 | address=00000008 | write_data=0000000a
Time=405000 | PC=36 | inst=fff10113 | state(x10)=1 | x2=10 | x1=0 | LEDs=0000000000001011 | ALUResult=0000000b | MemWrite=0 | address=0000000b | write_data=00000000
Time=415000 | PC=40 | inst=fe000ae3 | state(x10)=1 | x2=11 | x1=0 | LEDs=0000000000000000 | ALUResult=00000000 | MemWrite=0 | address=00000000 | write_data=00000000
BRANCH | PC=40 | inst=fe000ae3 | funct3=000 | rs1=x0 | rs2=x0 | imm=-12 | ALUResult=00000000 | zero=1 | BLT_taken=0 | PCSrc=1 | next_PC=28
Time=425000 | PC=28 | inst=02010c63 | state(x10)=1 | x2=11 | x1=0 | LEDs=0000000000001011 | ALUResult=0000000b | MemWrite=0 | address=0000000b | write_data=00000000
BRANCH | PC=28 | inst=02010c63 | funct3=000 | rs1=x2 | rs2=x0 | imm=56 | ALUResult=0000000b | zero=0 | BLT_taken=0 | PCSrc=0 | next_PC=32
Time=435000 | PC=32 | inst=00202423 | state(x10)=1 | x2=11 | x1=0 | LEDs=0000000000001000 | ALUResult=00000008 | MemWrite=1 | address=00000008 | write_data=0000000b
Time=445000 | PC=36 | inst=fff10113 | state(x10)=1 | x2=11 | x1=0 | LEDs=0000000000001100 | ALUResult=0000000c | MemWrite=0 | address=0000000c | write_data=00000000
Time=455000 | PC=40 | inst=fe000ae3 | state(x10)=1 | x2=12 | x1=0 | LEDs=0000000000000000 | ALUResult=00000000 | MemWrite=0 | address=00000000 | write_data=00000000
BRANCH | PC=40 | inst=fe000ae3 | funct3=000 | rs1=x0 | rs2=x0 | imm=-12 | ALUResult=00000000 | zero=1 | BLT_taken=0 | PCSrc=1 | next_PC=28
Time=465000 | PC=28 | inst=02010c63 | state(x10)=1 | x2=12 | x1=0 | LEDs=0000000000001100 | ALUResult=0000000c | MemWrite=0 | address=0000000c | write_data=00000000
BRANCH | PC=28 | inst=02010c63 | funct3=000 | rs1=x2 | rs2=x0 | imm=56 | ALUResult=0000000c | zero=0 | BLT_taken=0 | PCSrc=0 | next_PC=32
Time=475000 | PC=32 | inst=00202423 | state(x10)=1 | x2=12 | x1=0 | LEDs=0000000000001000 | ALUResult=00000008 | MemWrite=1 | address=00000008 | write_data=0000000c
Time=485000 | PC=36 | inst=fff10113 | state(x10)=1 | x2=12 | x1=0 | LEDs=0000000000001101 | ALUResult=0000000d | MemWrite=0 | address=0000000d | write_data=00000000
Time=495000 | PC=40 | inst=fe000ae3 | state(x10)=1 | x2=13 | x1=0 | LEDs=0000000000000000 | ALUResult=00000000 | MemWrite=0 | address=00000000 | write_data=00000000
BRANCH | PC=40 | inst=fe000ae3 | funct3=000 | rs1=x0 | rs2=x0 | imm=-12 | ALUResult=00000000 | zero=1 | BLT_taken=0 | PCSrc=1 | next_PC=28
Time=505000 | PC=28 | inst=02010c63 | state(x10)=1 | x2=13 | x1=0 | LEDs=0000000000001101 | ALUResult=0000000d | MemWrite=0 | address=0000000d | write_data=00000000
BRANCH | PC=28 | inst=02010c63 | funct3=000 | rs1=x2 | rs2=x0 | imm=56 | ALUResult=0000000d | zero=0 | BLT_taken=0 | PCSrc=0 | next_PC=32
Time=515000 | PC=32 | inst=00202423 | state(x10)=1 | x2=13 | x1=0 | LEDs=0000000000001000 | ALUResult=00000008 | MemWrite=1 | address=00000008 | write_data=0000000d
Time=525000 | PC=36 | inst=fff10113 | state(x10)=1 | x2=13 | x1=0 | LEDs=0000000000001110 | ALUResult=0000000e | MemWrite=0 | address=0000000e | write_data=00000000
Time=535000 | PC=40 | inst=fe000ae3 | state(x10)=1 | x2=14 | x1=0 | LEDs=0000000000000000 | ALUResult=00000000 | MemWrite=0 | address=00000000 | write_data=00000000
BRANCH | PC=40 | inst=fe000ae3 | funct3=000 | rs1=x0 | rs2=x0 | imm=-12 | ALUResult=00000000 | zero=1 | BLT_taken=0 | PCSrc=1 | next_PC=28
Time=545000 | PC=28 | inst=02010c63 | state(x10)=1 | x2=14 | x1=0 | LEDs=0000000000001110 | ALUResult=0000000e | MemWrite=0 | address=0000000e | write_data=00000000
BRANCH | PC=28 | inst=02010c63 | funct3=000 | rs1=x2 | rs2=x0 | imm=56 | ALUResult=0000000e | zero=0 | BLT_taken=0 | PCSrc=0 | next_PC=32
Time=555000 | PC=32 | inst=00202423 | state(x10)=1 | x2=14 | x1=0 | LEDs=0000000000001000 | ALUResult=00000008 | MemWrite=1 | address=00000008 | write_data=0000000e
Time=565000 | PC=36 | inst=fff10113 | state(x10)=1 | x2=14 | x1=0 | LEDs=0000000000001111 | ALUResult=0000000f | MemWrite=0 | address=0000000f | write_data=00000000
Time=575000 | PC=40 | inst=fe000ae3 | state(x10)=1 | x2=15 | x1=0 | LEDs=0000000000000000 | ALUResult=00000000 | MemWrite=0 | address=00000000 | write_data=00000000
BRANCH | PC=40 | inst=fe000ae3 | funct3=000 | rs1=x0 | rs2=x0 | imm=-12 | ALUResult=00000000 | zero=1 | BLT_taken=0 | PCSrc=1 | next_PC=28
Time=585000 | PC=28 | inst=02010c63 | state(x10)=1 | x2=15 | x1=0 | LEDs=0000000000001111 | ALUResult=0000000f | MemWrite=0 | address=0000000f | write_data=00000000
BRANCH | PC=28 | inst=02010c63 | funct3=000 | rs1=x2 | rs2=x0 | imm=56 | ALUResult=0000000f | zero=0 | BLT_taken=0 | PCSrc=0 | next_PC=32
Time=595000 | PC=32 | inst=00202423 | state(x10)=1 | x2=15 | x1=0 | LEDs=0000000000001000 | ALUResult=00000008 | MemWrite=1 | address=00000008 | write_data=0000000f
Time=605000 | PC=36 | inst=fff10113 | state(x10)=1 | x2=15 | x1=0 | LEDs=0000000000010000 | ALUResult=00000010 | MemWrite=0 | address=00000010 | write_data=00000000
Time=615000 | PC=40 | inst=fe000ae3 | state(x10)=1 | x2=16 | x1=0 | LEDs=0000000000000000 | ALUResult=00000000 | MemWrite=0 | address=00000000 | write_data=00000000
BRANCH | PC=40 | inst=fe000ae3 | funct3=000 | rs1=x0 | rs2=x0 | imm=-12 | ALUResult=00000000 | zero=1 | BLT_taken=0 | PCSrc=1 | next_PC=28
Time=625000 | PC=28 | inst=02010c63 | state(x10)=1 | x2=16 | x1=0 | LEDs=0000000000010000 | ALUResult=00000010 | MemWrite=0 | address=00000010 | write_data=00000000
BRANCH | PC=28 | inst=02010c63 | funct3=000 | rs1=x2 | rs2=x0 | imm=56 | ALUResult=00000010 | zero=0 | BLT_taken=0 | PCSrc=0 | next_PC=32
Time=635000 | PC=32 | inst=00202423 | state(x10)=1 | x2=16 | x1=0 | LEDs=0000000000001000 | ALUResult=00000008 | MemWrite=1 | address=00000008 | write_data=00000010
Time=645000 | PC=36 | inst=fff10113 | state(x10)=1 | x2=16 | x1=0 | LEDs=0000000000010001 | ALUResult=00000011 | MemWrite=0 | address=00000011 | write_data=00000000
Time=655000 | PC=40 | inst=fe000ae3 | state(x10)=1 | x2=17 | x1=0 | LEDs=0000000000000000 | ALUResult=00000000 | MemWrite=0 | address=00000000 | write_data=00000000
BRANCH | PC=40 | inst=fe000ae3 | funct3=000 | rs1=x0 | rs2=x0 | imm=-12 | ALUResult=00000000 | zero=1 | BLT_taken=0 | PCSrc=1 | next_PC=28
Time=665000 | PC=28 | inst=02010c63 | state(x10)=1 | x2=17 | x1=0 | LEDs=0000000000010001 | ALUResult=00000011 | MemWrite=0 | address=00000011 | write_data=00000000
BRANCH | PC=28 | inst=02010c63 | funct3=000 | rs1=x2 | rs2=x0 | imm=56 | ALUResult=00000011 | zero=0 | BLT_taken=0 | PCSrc=0 | next_PC=32
Time=675000 | PC=32 | inst=00202423 | state(x10)=1 | x2=17 | x1=0 | LEDs=0000000000001000 | ALUResult=00000008 | MemWrite=1 | address=00000008 | write_data=00000011
Time=685000 | PC=36 | inst=fff10113 | state(x10)=1 | x2=17 | x1=0 | LEDs=0000000000010010 | ALUResult=00000012 | MemWrite=0 | address=00000012 | write_data=00000000
Time=695000 | PC=40 | inst=fe000ae3 | state(x10)=1 | x2=18 | x1=0 | LEDs=0000000000000000 | ALUResult=00000000 | MemWrite=0 | address=00000000 | write_data=00000000
BRANCH | PC=40 | inst=fe000ae3 | funct3=000 | rs1=x0 | rs2=x0 | imm=-12 | ALUResult=00000000 | zero=1 | BLT_taken=0 | PCSrc=1 | next_PC=28
Time=705000 | PC=28 | inst=02010c63 | state(x10)=1 | x2=18 | x1=0 | LEDs=0000000000010010 | ALUResult=00000012 | MemWrite=0 | address=00000012 | write_data=00000000
BRANCH | PC=28 | inst=02010c63 | funct3=000 | rs1=x2 | rs2=x0 | imm=56 | ALUResult=00000012 | zero=0 | BLT_taken=0 | PCSrc=0 | next_PC=32
Time=715000 | PC=32 | inst=00202423 | state(x10)=1 | x2=18 | x1=0 | LEDs=0000000000001000 | ALUResult=00000008 | MemWrite=1 | address=00000008 | write_data=00000012
Time=725000 | PC=36 | inst=fff10113 | state(x10)=1 | x2=18 | x1=0 | LEDs=0000000000010011 | ALUResult=00000013 | MemWrite=0 | address=00000013 | write_data=00000000
Time=735000 | PC=40 | inst=fe000ae3 | state(x10)=1 | x2=19 | x1=0 | LEDs=0000000000000000 | ALUResult=00000000 | MemWrite=0 | address=00000000 | write_data=00000000
BRANCH | PC=40 | inst=fe000ae3 | funct3=000 | rs1=x0 | rs2=x0 | imm=-12 | ALUResult=00000000 | zero=1 | BLT_taken=0 | PCSrc=1 | next_PC=28
Time=745000 | PC=28 | inst=02010c63 | state(x10)=1 | x2=19 | x1=0 | LEDs=0000000000010011 | ALUResult=00000013 | MemWrite=0 | address=00000013 | write_data=00000000
BRANCH | PC=28 | inst=02010c63 | funct3=000 | rs1=x2 | rs2=x0 | imm=56 | ALUResult=00000013 | zero=0 | BLT_taken=0 | PCSrc=0 | next_PC=32
Time=755000 | PC=32 | inst=00202423 | state(x10)=1 | x2=19 | x1=0 | LEDs=0000000000001000 | ALUResult=00000008 | MemWrite=1 | address=00000008 | write_data=00000013
Time=765000 | PC=36 | inst=fff10113 | state(x10)=1 | x2=19 | x1=0 | LEDs=0000000000010100 | ALUResult=00000014 | MemWrite=0 | address=00000014 | write_data=00000000
Time=775000 | PC=40 | inst=fe000ae3 | state(x10)=1 | x2=20 | x1=0 | LEDs=0000000000000000 | ALUResult=00000000 | MemWrite=0 | address=00000000 | write_data=00000000
BRANCH | PC=40 | inst=fe000ae3 | funct3=000 | rs1=x0 | rs2=x0 | imm=-12 | ALUResult=00000000 | zero=1 | BLT_taken=0 | PCSrc=1 | next_PC=28
Time=785000 | PC=28 | inst=02010c63 | state(x10)=1 | x2=20 | x1=0 | LEDs=0000000000010100 | ALUResult=00000014 | MemWrite=0 | address=00000014 | write_data=00000000
BRANCH | PC=28 | inst=02010c63 | funct3=000 | rs1=x2 | rs2=x0 | imm=56 | ALUResult=00000014 | zero=0 | BLT_taken=0 | PCSrc=0 | next_PC=32
Time=795000 | PC=32 | inst=00202423 | state(x10)=1 | x2=20 | x1=0 | LEDs=0000000000001000 | ALUResult=00000008 | MemWrite=1 | address=00000008 | write_data=00000014
Time=805000 | PC=36 | inst=fff10113 | state(x10)=1 | x2=20 | x1=0 | LEDs=0000000000010101 | ALUResult=00000015 | MemWrite=0 | address=00000015 | write_data=00000000
Time=815000 | PC=40 | inst=fe000ae3 | state(x10)=1 | x2=21 | x1=0 | LEDs=0000000000000000 | ALUResult=00000000 | MemWrite=0 | address=00000000 | write_data=00000000
BRANCH | PC=40 | inst=fe000ae3 | funct3=000 | rs1=x0 | rs2=x0 | imm=-12 | ALUResult=00000000 | zero=1 | BLT_taken=0 | PCSrc=1 | next_PC=28
Time=825000 | PC=28 | inst=02010c63 | state(x10)=1 | x2=21 | x1=0 | LEDs=0000000000010101 | ALUResult=00000015 | MemWrite=0 | address=00000015 | write_data=00000000
BRANCH | PC=28 | inst=02010c63 | funct3=000 | rs1=x2 | rs2=x0 | imm=56 | ALUResult=00000015 | zero=0 | BLT_taken=0 | PCSrc=0 | next_PC=32
Time=835000 | PC=32 | inst=00202423 | state(x10)=1 | x2=21 | x1=0 | LEDs=0000000000001000 | ALUResult=00000008 | MemWrite=1 | address=00000008 | write_data=00000015
Time=845000 | PC=36 | inst=fff10113 | state(x10)=1 | x2=21 | x1=0 | LEDs=0000000000010110 | ALUResult=00000016 | MemWrite=0 | address=00000016 | write_data=00000000
Time=855000 | PC=40 | inst=fe000ae3 | state(x10)=1 | x2=22 | x1=0 | LEDs=0000000000000000 | ALUResult=00000000 | MemWrite=0 | address=00000000 | write_data=00000000
BRANCH | PC=40 | inst=fe000ae3 | funct3=000 | rs1=x0 | rs2=x0 | imm=-12 | ALUResult=00000000 | zero=1 | BLT_taken=0 | PCSrc=1 | next_PC=28
Time=865000 | PC=28 | inst=02010c63 | state(x10)=1 | x2=22 | x1=0 | LEDs=0000000000010110 | ALUResult=00000016 | MemWrite=0 | address=00000016 | write_data=00000000
BRANCH | PC=28 | inst=02010c63 | funct3=000 | rs1=x2 | rs2=x0 | imm=56 | ALUResult=00000016 | zero=0 | BLT_taken=0 | PCSrc=0 | next_PC=32
Time=875000 | PC=32 | inst=00202423 | state(x10)=1 | x2=22 | x1=0 | LEDs=0000000000001000 | ALUResult=00000008 | MemWrite=1 | address=00000008 | write_data=00000016
Time=885000 | PC=36 | inst=fff10113 | state(x10)=1 | x2=22 | x1=0 | LEDs=0000000000010111 | ALUResult=00000017 | MemWrite=0 | address=00000017 | write_data=00000000
Time=895000 | PC=40 | inst=fe000ae3 | state(x10)=1 | x2=23 | x1=0 | LEDs=0000000000000000 | ALUResult=00000000 | MemWrite=0 | address=00000000 | write_data=00000000
BRANCH | PC=40 | inst=fe000ae3 | funct3=000 | rs1=x0 | rs2=x0 | imm=-12 | ALUResult=00000000 | zero=1 | BLT_taken=0 | PCSrc=1 | next_PC=28
Time=905000 | PC=28 | inst=02010c63 | state(x10)=1 | x2=23 | x1=0 | LEDs=0000000000010111 | ALUResult=00000017 | MemWrite=0 | address=00000017 | write_data=00000000
BRANCH | PC=28 | inst=02010c63 | funct3=000 | rs1=x2 | rs2=x0 | imm=56 | ALUResult=00000017 | zero=0 | BLT_taken=0 | PCSrc=0 | next_PC=32
Time=915000 | PC=32 | inst=00202423 | state(x10)=1 | x2=23 | x1=0 | LEDs=0000000000001000 | ALUResult=00000008 | MemWrite=1 | address=00000008 | write_data=00000017
Time=925000 | PC=36 | inst=fff10113 | state(x10)=1 | x2=23 | x1=0 | LEDs=0000000000011000 | ALUResult=00000018 | MemWrite=0 | address=00000018 | write_data=00000000
Time=935000 | PC=40 | inst=fe000ae3 | state(x10)=1 | x2=24 | x1=0 | LEDs=0000000000000000 | ALUResult=00000000 | MemWrite=0 | address=00000000 | write_data=00000000
BRANCH | PC=40 | inst=fe000ae3 | funct3=000 | rs1=x0 | rs2=x0 | imm=-12 | ALUResult=00000000 | zero=1 | BLT_taken=0 | PCSrc=1 | next_PC=28
Time=945000 | PC=28 | inst=02010c63 | state(x10)=1 | x2=24 | x1=0 | LEDs=0000000000011000 | ALUResult=00000018 | MemWrite=0 | address=00000018 | write_data=00000000
BRANCH | PC=28 | inst=02010c63 | funct3=000 | rs1=x2 | rs2=x0 | imm=56 | ALUResult=00000018 | zero=0 | BLT_taken=0 | PCSrc=0 | next_PC=32
Time=955000 | PC=32 | inst=00202423 | state(x10)=1 | x2=24 | x1=0 | LEDs=0000000000001000 | ALUResult=00000008 | MemWrite=1 | address=00000008 | write_data=00000018
Time=965000 | PC=36 | inst=fff10113 | state(x10)=1 | x2=24 | x1=0 | LEDs=0000000000011001 | ALUResult=00000019 | MemWrite=0 | address=00000019 | write_data=00000000
Time=975000 | PC=40 | inst=fe000ae3 | state(x10)=1 | x2=25 | x1=0 | LEDs=0000000000000000 | ALUResult=00000000 | MemWrite=0 | address=00000000 | write_data=00000000
BRANCH | PC=40 | inst=fe000ae3 | funct3=000 | rs1=x0 | rs2=x0 | imm=-12 | ALUResult=00000000 | zero=1 | BLT_taken=0 | PCSrc=1 | next_PC=28
Time=985000 | PC=28 | inst=02010c63 | state(x10)=1 | x2=25 | x1=0 | LEDs=0000000000011001 | ALUResult=00000019 | MemWrite=0 | address=00000019 | write_data=00000000
BRANCH | PC=28 | inst=02010c63 | funct3=000 | rs1=x2 | rs2=x0 | imm=56 | ALUResult=00000019 | zero=0 | BLT_taken=0 | PCSrc=0 | next_PC=32
Time=995000 | PC=32 | inst=00202423 | state(x10)=1 | x2=25 | x1=0 | LEDs=0000000000001000 | ALUResult=00000008 | MemWrite=1 | address=00000008 | write_data=00000019
INFO: [USF-XSim-96] XSim completed. Design snapshot 'tb_countdown_behav' loaded.
INFO: [USF-XSim-97] XSim simulation ran for 1000ns
launch_simulation: Time (s): cpu = 00:00:02 ; elapsed = 00:00:05 . Memory (MB): peak = 1019.684 ; gain = 0.000
relaunch_sim
Command: launch_simulation -simset sim_1 -mode behavioral
INFO: [Vivado 12-5682] Launching behavioral simulation in 'C:/Users/tau/Documents/CA-Labs-T1/TopProcessor/lab11.sim/sim_1/behav/xsim'
INFO: [SIM-utils-51] Simulation object is 'sim_1'
INFO: [SIM-utils-54] Inspecting design source files for 'tb_countdown' in fileset 'sim_1'...
INFO: [SIM-utils-43] Exported 'C:/Users/tau/Documents/CA-Labs-T1/TopProcessor/lab11.sim/sim_1/behav/xsim/instructions.mem'
INFO: [SIM-utils-43] Exported 'C:/Users/tau/Documents/CA-Labs-T1/TopProcessor/lab11.sim/sim_1/behav/xsim/instructions_task1.mem'
INFO: [SIM-utils-43] Exported 'C:/Users/tau/Documents/CA-Labs-T1/TopProcessor/lab11.sim/sim_1/behav/xsim/instructions.mem'
INFO: [SIM-utils-43] Exported 'C:/Users/tau/Documents/CA-Labs-T1/TopProcessor/lab11.sim/sim_1/behav/xsim/instructions_task1.mem'
INFO: [USF-XSim-97] Finding global include files...
INFO: [USF-XSim-98] Fetching design files from 'sim_1'...
INFO: [USF-XSim-2] XSim::Compile design
INFO: [USF-XSim-61] Executing 'COMPILE and ANALYZE' step in 'C:/Users/tau/Documents/CA-Labs-T1/TopProcessor/lab11.sim/sim_1/behav/xsim'
"xvlog --incr --relax -prj tb_countdown_vlog.prj"
INFO: [USF-XSim-69] 'compile' step finished in '1' seconds
Command: launch_simulation -simset sim_1 -mode behavioral
INFO: [Vivado 12-5682] Launching behavioral simulation in 'C:/Users/tau/Documents/CA-Labs-T1/TopProcessor/lab11.sim/sim_1/behav/xsim'
INFO: [USF-XSim-3] XSim::Elaborate design
INFO: [USF-XSim-61] Executing 'ELABORATE' step in 'C:/Users/tau/Documents/CA-Labs-T1/TopProcessor/lab11.sim/sim_1/behav/xsim'
"xelab -wto f8d01134f7dc4a89acf0d8e4e2a22205 --incr --debug typical --relax --mt 2 -L xil_defaultlib -L unisims_ver -L unimacro_ver -L secureip --snapshot tb_countdown_behav xil_defaultlib.tb_countdown xil_defaultlib.glbl -log elaborate.log"
Vivado Simulator 2020.1
Copyright 1986-1999, 2001-2020 Xilinx, Inc. All Rights Reserved.
Running: C:/Xilinx/Vivado/2020.1/bin/unwrapped/win64.o/xelab.exe -wto f8d01134f7dc4a89acf0d8e4e2a22205 --incr --debug typical --relax --mt 2 -L xil_defaultlib -L unisims_ver -L unimacro_ver -L secureip --snapshot tb_countdown_behav xil_defaultlib.tb_countdown xil_defaultlib.glbl -log elaborate.log 
Using 2 slave threads.
Starting static elaboration
Pass Through NonSizing Optimizer
Completed static elaboration
INFO: [XSIM 43-4323] No Change in HDL. Linking previously generated obj files to create kernel
INFO: [USF-XSim-69] 'elaborate' step finished in '2' seconds
Vivado Simulator 2020.1
Time resolution is 1 ps
Time=25000 | PC=0 | inst=00000513 | state(x10)=0 | x2=0 | x1=0 | LEDs=0000000000000000 | ALUResult=00000000 | MemWrite=0 | address=00000000 | write_data=00000000
Time=35000 | PC=4 | inst=00500113 | state(x10)=0 | x2=0 | x1=0 | LEDs=0000000000000101 | ALUResult=00000005 | MemWrite=0 | address=00000005 | write_data=00000000
Time=45000 | PC=8 | inst=00202223 | state(x10)=0 | x2=5 | x1=0 | LEDs=0000000000000100 | ALUResult=00000004 | MemWrite=1 | address=00000004 | write_data=00000005
Time=55000 | PC=12 | inst=00002083 | state(x10)=0 | x2=5 | x1=0 | LEDs=0000000000000000 | ALUResult=00000000 | MemWrite=0 | address=00000000 | write_data=00000000
Time=65000 | PC=16 | inst=00100193 | state(x10)=0 | x2=5 | x1=0 | LEDs=0000000000000001 | ALUResult=00000001 | MemWrite=0 | address=00000001 | write_data=00000000
Time=75000 | PC=20 | inst=02308663 | state(x10)=0 | x2=5 | x1=0 | LEDs=1111111111111111 | ALUResult=ffffffff | MemWrite=0 | address=ffffffff | write_data=00000001
BRANCH | PC=20 | inst=02308663 | funct3=000 | rs1=x1 | rs2=x3 | imm=44 | ALUResult=ffffffff | zero=0 | BLT_taken=0 | PCSrc=0 | next_PC=24
Time=85000 | PC=24 | inst=00050a63 | state(x10)=0 | x2=5 | x1=0 | LEDs=0000000000000000 | ALUResult=00000000 | MemWrite=0 | address=00000000 | write_data=00000000
BRANCH | PC=24 | inst=00050a63 | funct3=000 | rs1=x10 | rs2=x0 | imm=20 | ALUResult=00000000 | zero=1 | BLT_taken=0 | PCSrc=1 | next_PC=44
Time=95000 | PC=44 | inst=00402103 | state(x10)=0 | x2=5 | x1=0 | LEDs=0000000000000100 | ALUResult=00000004 | MemWrite=0 | address=00000004 | write_data=00000000
Time=105000 | PC=48 | inst=fc010ee3 | state(x10)=0 | x2=5 | x1=0 | LEDs=0000000000000101 | ALUResult=00000005 | MemWrite=0 | address=00000005 | write_data=00000000
BRANCH | PC=48 | inst=fc010ee3 | funct3=000 | rs1=x2 | rs2=x0 | imm=-36 | ALUResult=00000005 | zero=0 | BLT_taken=0 | PCSrc=0 | next_PC=52
Time=115000 | PC=52 | inst=00202423 | state(x10)=0 | x2=5 | x1=0 | LEDs=0000000000001000 | ALUResult=00000008 | MemWrite=1 | address=00000008 | write_data=00000005

=== AFTER INIT ===
state(x10) = 0 (expected 0)
x2 = 5 (expected 5)
memory[4] = 5 (expected 5)
Time=125000 | PC=56 | inst=00100513 | state(x10)=0 | x2=5 | x1=0 | LEDs=0000000000000001 | ALUResult=00000001 | MemWrite=0 | address=00000001 | write_data=00000000
Time=135000 | PC=60 | inst=fc0008e3 | state(x10)=1 | x2=5 | x1=0 | LEDs=0000000000000000 | ALUResult=00000000 | MemWrite=0 | address=00000000 | write_data=00000000
BRANCH | PC=60 | inst=fc0008e3 | funct3=000 | rs1=x0 | rs2=x0 | imm=-48 | ALUResult=00000000 | zero=1 | BLT_taken=0 | PCSrc=1 | next_PC=12
Time=145000 | PC=12 | inst=00002083 | state(x10)=1 | x2=5 | x1=0 | LEDs=0000000000000000 | ALUResult=00000000 | MemWrite=0 | address=00000000 | write_data=00000000
Time=155000 | PC=16 | inst=00100193 | state(x10)=1 | x2=5 | x1=0 | LEDs=0000000000000001 | ALUResult=00000001 | MemWrite=0 | address=00000001 | write_data=00000000
Time=165000 | PC=20 | inst=02308663 | state(x10)=1 | x2=5 | x1=0 | LEDs=1111111111111111 | ALUResult=ffffffff | MemWrite=0 | address=ffffffff | write_data=00000001
BRANCH | PC=20 | inst=02308663 | funct3=000 | rs1=x1 | rs2=x3 | imm=44 | ALUResult=ffffffff | zero=0 | BLT_taken=0 | PCSrc=0 | next_PC=24
Time=175000 | PC=24 | inst=00050a63 | state(x10)=1 | x2=5 | x1=0 | LEDs=0000000000000001 | ALUResult=00000001 | MemWrite=0 | address=00000001 | write_data=00000000
BRANCH | PC=24 | inst=00050a63 | funct3=000 | rs1=x10 | rs2=x0 | imm=20 | ALUResult=00000001 | zero=0 | BLT_taken=0 | PCSrc=0 | next_PC=28
Time=185000 | PC=28 | inst=02010c63 | state(x10)=1 | x2=5 | x1=0 | LEDs=0000000000000101 | ALUResult=00000005 | MemWrite=0 | address=00000005 | write_data=00000000
BRANCH | PC=28 | inst=02010c63 | funct3=000 | rs1=x2 | rs2=x0 | imm=56 | ALUResult=00000005 | zero=0 | BLT_taken=0 | PCSrc=0 | next_PC=32
Time=195000 | PC=32 | inst=00202423 | state(x10)=1 | x2=5 | x1=0 | LEDs=0000000000001000 | ALUResult=00000008 | MemWrite=1 | address=00000008 | write_data=00000005
Time=205000 | PC=36 | inst=fff10113 | state(x10)=1 | x2=5 | x1=0 | LEDs=0000000000000110 | ALUResult=00000006 | MemWrite=0 | address=00000006 | write_data=00000000
Time=215000 | PC=40 | inst=fe000ae3 | state(x10)=1 | x2=6 | x1=0 | LEDs=0000000000000000 | ALUResult=00000000 | MemWrite=0 | address=00000000 | write_data=00000000
BRANCH | PC=40 | inst=fe000ae3 | funct3=000 | rs1=x0 | rs2=x0 | imm=-12 | ALUResult=00000000 | zero=1 | BLT_taken=0 | PCSrc=1 | next_PC=28
Time=225000 | PC=28 | inst=02010c63 | state(x10)=1 | x2=6 | x1=0 | LEDs=0000000000000110 | ALUResult=00000006 | MemWrite=0 | address=00000006 | write_data=00000000
BRANCH | PC=28 | inst=02010c63 | funct3=000 | rs1=x2 | rs2=x0 | imm=56 | ALUResult=00000006 | zero=0 | BLT_taken=0 | PCSrc=0 | next_PC=32
Time=235000 | PC=32 | inst=00202423 | state(x10)=1 | x2=6 | x1=0 | LEDs=0000000000001000 | ALUResult=00000008 | MemWrite=1 | address=00000008 | write_data=00000006
Time=245000 | PC=36 | inst=fff10113 | state(x10)=1 | x2=6 | x1=0 | LEDs=0000000000000111 | ALUResult=00000007 | MemWrite=0 | address=00000007 | write_data=00000000
Time=255000 | PC=40 | inst=fe000ae3 | state(x10)=1 | x2=7 | x1=0 | LEDs=0000000000000000 | ALUResult=00000000 | MemWrite=0 | address=00000000 | write_data=00000000
BRANCH | PC=40 | inst=fe000ae3 | funct3=000 | rs1=x0 | rs2=x0 | imm=-12 | ALUResult=00000000 | zero=1 | BLT_taken=0 | PCSrc=1 | next_PC=28
Time=265000 | PC=28 | inst=02010c63 | state(x10)=1 | x2=7 | x1=0 | LEDs=0000000000000111 | ALUResult=00000007 | MemWrite=0 | address=00000007 | write_data=00000000
BRANCH | PC=28 | inst=02010c63 | funct3=000 | rs1=x2 | rs2=x0 | imm=56 | ALUResult=00000007 | zero=0 | BLT_taken=0 | PCSrc=0 | next_PC=32
Time=275000 | PC=32 | inst=00202423 | state(x10)=1 | x2=7 | x1=0 | LEDs=0000000000001000 | ALUResult=00000008 | MemWrite=1 | address=00000008 | write_data=00000007
Time=285000 | PC=36 | inst=fff10113 | state(x10)=1 | x2=7 | x1=0 | LEDs=0000000000001000 | ALUResult=00000008 | MemWrite=0 | address=00000008 | write_data=00000000
Time=295000 | PC=40 | inst=fe000ae3 | state(x10)=1 | x2=8 | x1=0 | LEDs=0000000000000000 | ALUResult=00000000 | MemWrite=0 | address=00000000 | write_data=00000000
BRANCH | PC=40 | inst=fe000ae3 | funct3=000 | rs1=x0 | rs2=x0 | imm=-12 | ALUResult=00000000 | zero=1 | BLT_taken=0 | PCSrc=1 | next_PC=28
Time=305000 | PC=28 | inst=02010c63 | state(x10)=1 | x2=8 | x1=0 | LEDs=0000000000001000 | ALUResult=00000008 | MemWrite=0 | address=00000008 | write_data=00000000
BRANCH | PC=28 | inst=02010c63 | funct3=000 | rs1=x2 | rs2=x0 | imm=56 | ALUResult=00000008 | zero=0 | BLT_taken=0 | PCSrc=0 | next_PC=32
Time=315000 | PC=32 | inst=00202423 | state(x10)=1 | x2=8 | x1=0 | LEDs=0000000000001000 | ALUResult=00000008 | MemWrite=1 | address=00000008 | write_data=00000008

=== AFTER INPUT STATE ===
state(x10) = 1 (expected 1 = COUNTDOWN)
x2 = 8 (expected 5)
Time=325000 | PC=36 | inst=fff10113 | state(x10)=1 | x2=8 | x1=0 | LEDs=0000000000001001 | ALUResult=00000009 | MemWrite=0 | address=00000009 | write_data=00000000
Time=335000 | PC=40 | inst=fe000ae3 | state(x10)=1 | x2=9 | x1=0 | LEDs=0000000000000000 | ALUResult=00000000 | MemWrite=0 | address=00000000 | write_data=00000000
BRANCH | PC=40 | inst=fe000ae3 | funct3=000 | rs1=x0 | rs2=x0 | imm=-12 | ALUResult=00000000 | zero=1 | BLT_taken=0 | PCSrc=1 | next_PC=28
Time=345000 | PC=28 | inst=02010c63 | state(x10)=1 | x2=9 | x1=0 | LEDs=0000000000001001 | ALUResult=00000009 | MemWrite=0 | address=00000009 | write_data=00000000
BRANCH | PC=28 | inst=02010c63 | funct3=000 | rs1=x2 | rs2=x0 | imm=56 | ALUResult=00000009 | zero=0 | BLT_taken=0 | PCSrc=0 | next_PC=32
Time=355000 | PC=32 | inst=00202423 | state(x10)=1 | x2=9 | x1=0 | LEDs=0000000000001000 | ALUResult=00000008 | MemWrite=1 | address=00000008 | write_data=00000009
Time=365000 | PC=36 | inst=fff10113 | state(x10)=1 | x2=9 | x1=0 | LEDs=0000000000001010 | ALUResult=0000000a | MemWrite=0 | address=0000000a | write_data=00000000
Time=375000 | PC=40 | inst=fe000ae3 | state(x10)=1 | x2=10 | x1=0 | LEDs=0000000000000000 | ALUResult=00000000 | MemWrite=0 | address=00000000 | write_data=00000000
BRANCH | PC=40 | inst=fe000ae3 | funct3=000 | rs1=x0 | rs2=x0 | imm=-12 | ALUResult=00000000 | zero=1 | BLT_taken=0 | PCSrc=1 | next_PC=28
Time=385000 | PC=28 | inst=02010c63 | state(x10)=1 | x2=10 | x1=0 | LEDs=0000000000001010 | ALUResult=0000000a | MemWrite=0 | address=0000000a | write_data=00000000
BRANCH | PC=28 | inst=02010c63 | funct3=000 | rs1=x2 | rs2=x0 | imm=56 | ALUResult=0000000a | zero=0 | BLT_taken=0 | PCSrc=0 | next_PC=32
Time=395000 | PC=32 | inst=00202423 | state(x10)=1 | x2=10 | x1=0 | LEDs=0000000000001000 | ALUResult=00000008 | MemWrite=1 | address=00000008 | write_data=0000000a
Time=405000 | PC=36 | inst=fff10113 | state(x10)=1 | x2=10 | x1=0 | LEDs=0000000000001011 | ALUResult=0000000b | MemWrite=0 | address=0000000b | write_data=00000000
Time=415000 | PC=40 | inst=fe000ae3 | state(x10)=1 | x2=11 | x1=0 | LEDs=0000000000000000 | ALUResult=00000000 | MemWrite=0 | address=00000000 | write_data=00000000
BRANCH | PC=40 | inst=fe000ae3 | funct3=000 | rs1=x0 | rs2=x0 | imm=-12 | ALUResult=00000000 | zero=1 | BLT_taken=0 | PCSrc=1 | next_PC=28
Time=425000 | PC=28 | inst=02010c63 | state(x10)=1 | x2=11 | x1=0 | LEDs=0000000000001011 | ALUResult=0000000b | MemWrite=0 | address=0000000b | write_data=00000000
BRANCH | PC=28 | inst=02010c63 | funct3=000 | rs1=x2 | rs2=x0 | imm=56 | ALUResult=0000000b | zero=0 | BLT_taken=0 | PCSrc=0 | next_PC=32
Time=435000 | PC=32 | inst=00202423 | state(x10)=1 | x2=11 | x1=0 | LEDs=0000000000001000 | ALUResult=00000008 | MemWrite=1 | address=00000008 | write_data=0000000b
Time=445000 | PC=36 | inst=fff10113 | state(x10)=1 | x2=11 | x1=0 | LEDs=0000000000001100 | ALUResult=0000000c | MemWrite=0 | address=0000000c | write_data=00000000
Time=455000 | PC=40 | inst=fe000ae3 | state(x10)=1 | x2=12 | x1=0 | LEDs=0000000000000000 | ALUResult=00000000 | MemWrite=0 | address=00000000 | write_data=00000000
BRANCH | PC=40 | inst=fe000ae3 | funct3=000 | rs1=x0 | rs2=x0 | imm=-12 | ALUResult=00000000 | zero=1 | BLT_taken=0 | PCSrc=1 | next_PC=28
Time=465000 | PC=28 | inst=02010c63 | state(x10)=1 | x2=12 | x1=0 | LEDs=0000000000001100 | ALUResult=0000000c | MemWrite=0 | address=0000000c | write_data=00000000
BRANCH | PC=28 | inst=02010c63 | funct3=000 | rs1=x2 | rs2=x0 | imm=56 | ALUResult=0000000c | zero=0 | BLT_taken=0 | PCSrc=0 | next_PC=32
Time=475000 | PC=32 | inst=00202423 | state(x10)=1 | x2=12 | x1=0 | LEDs=0000000000001000 | ALUResult=00000008 | MemWrite=1 | address=00000008 | write_data=0000000c
Time=485000 | PC=36 | inst=fff10113 | state(x10)=1 | x2=12 | x1=0 | LEDs=0000000000001101 | ALUResult=0000000d | MemWrite=0 | address=0000000d | write_data=00000000
Time=495000 | PC=40 | inst=fe000ae3 | state(x10)=1 | x2=13 | x1=0 | LEDs=0000000000000000 | ALUResult=00000000 | MemWrite=0 | address=00000000 | write_data=00000000
BRANCH | PC=40 | inst=fe000ae3 | funct3=000 | rs1=x0 | rs2=x0 | imm=-12 | ALUResult=00000000 | zero=1 | BLT_taken=0 | PCSrc=1 | next_PC=28
Time=505000 | PC=28 | inst=02010c63 | state(x10)=1 | x2=13 | x1=0 | LEDs=0000000000001101 | ALUResult=0000000d | MemWrite=0 | address=0000000d | write_data=00000000
BRANCH | PC=28 | inst=02010c63 | funct3=000 | rs1=x2 | rs2=x0 | imm=56 | ALUResult=0000000d | zero=0 | BLT_taken=0 | PCSrc=0 | next_PC=32
Time=515000 | PC=32 | inst=00202423 | state(x10)=1 | x2=13 | x1=0 | LEDs=0000000000001000 | ALUResult=00000008 | MemWrite=1 | address=00000008 | write_data=0000000d
Time=525000 | PC=36 | inst=fff10113 | state(x10)=1 | x2=13 | x1=0 | LEDs=0000000000001110 | ALUResult=0000000e | MemWrite=0 | address=0000000e | write_data=00000000
Time=535000 | PC=40 | inst=fe000ae3 | state(x10)=1 | x2=14 | x1=0 | LEDs=0000000000000000 | ALUResult=00000000 | MemWrite=0 | address=00000000 | write_data=00000000
BRANCH | PC=40 | inst=fe000ae3 | funct3=000 | rs1=x0 | rs2=x0 | imm=-12 | ALUResult=00000000 | zero=1 | BLT_taken=0 | PCSrc=1 | next_PC=28
Time=545000 | PC=28 | inst=02010c63 | state(x10)=1 | x2=14 | x1=0 | LEDs=0000000000001110 | ALUResult=0000000e | MemWrite=0 | address=0000000e | write_data=00000000
BRANCH | PC=28 | inst=02010c63 | funct3=000 | rs1=x2 | rs2=x0 | imm=56 | ALUResult=0000000e | zero=0 | BLT_taken=0 | PCSrc=0 | next_PC=32
Time=555000 | PC=32 | inst=00202423 | state(x10)=1 | x2=14 | x1=0 | LEDs=0000000000001000 | ALUResult=00000008 | MemWrite=1 | address=00000008 | write_data=0000000e
Time=565000 | PC=36 | inst=fff10113 | state(x10)=1 | x2=14 | x1=0 | LEDs=0000000000001111 | ALUResult=0000000f | MemWrite=0 | address=0000000f | write_data=00000000
Time=575000 | PC=40 | inst=fe000ae3 | state(x10)=1 | x2=15 | x1=0 | LEDs=0000000000000000 | ALUResult=00000000 | MemWrite=0 | address=00000000 | write_data=00000000
BRANCH | PC=40 | inst=fe000ae3 | funct3=000 | rs1=x0 | rs2=x0 | imm=-12 | ALUResult=00000000 | zero=1 | BLT_taken=0 | PCSrc=1 | next_PC=28
Time=585000 | PC=28 | inst=02010c63 | state(x10)=1 | x2=15 | x1=0 | LEDs=0000000000001111 | ALUResult=0000000f | MemWrite=0 | address=0000000f | write_data=00000000
BRANCH | PC=28 | inst=02010c63 | funct3=000 | rs1=x2 | rs2=x0 | imm=56 | ALUResult=0000000f | zero=0 | BLT_taken=0 | PCSrc=0 | next_PC=32
Time=595000 | PC=32 | inst=00202423 | state(x10)=1 | x2=15 | x1=0 | LEDs=0000000000001000 | ALUResult=00000008 | MemWrite=1 | address=00000008 | write_data=0000000f
Time=605000 | PC=36 | inst=fff10113 | state(x10)=1 | x2=15 | x1=0 | LEDs=0000000000010000 | ALUResult=00000010 | MemWrite=0 | address=00000010 | write_data=00000000
Time=615000 | PC=40 | inst=fe000ae3 | state(x10)=1 | x2=16 | x1=0 | LEDs=0000000000000000 | ALUResult=00000000 | MemWrite=0 | address=00000000 | write_data=00000000
BRANCH | PC=40 | inst=fe000ae3 | funct3=000 | rs1=x0 | rs2=x0 | imm=-12 | ALUResult=00000000 | zero=1 | BLT_taken=0 | PCSrc=1 | next_PC=28
Time=625000 | PC=28 | inst=02010c63 | state(x10)=1 | x2=16 | x1=0 | LEDs=0000000000010000 | ALUResult=00000010 | MemWrite=0 | address=00000010 | write_data=00000000
BRANCH | PC=28 | inst=02010c63 | funct3=000 | rs1=x2 | rs2=x0 | imm=56 | ALUResult=00000010 | zero=0 | BLT_taken=0 | PCSrc=0 | next_PC=32
Time=635000 | PC=32 | inst=00202423 | state(x10)=1 | x2=16 | x1=0 | LEDs=0000000000001000 | ALUResult=00000008 | MemWrite=1 | address=00000008 | write_data=00000010
Time=645000 | PC=36 | inst=fff10113 | state(x10)=1 | x2=16 | x1=0 | LEDs=0000000000010001 | ALUResult=00000011 | MemWrite=0 | address=00000011 | write_data=00000000
Time=655000 | PC=40 | inst=fe000ae3 | state(x10)=1 | x2=17 | x1=0 | LEDs=0000000000000000 | ALUResult=00000000 | MemWrite=0 | address=00000000 | write_data=00000000
BRANCH | PC=40 | inst=fe000ae3 | funct3=000 | rs1=x0 | rs2=x0 | imm=-12 | ALUResult=00000000 | zero=1 | BLT_taken=0 | PCSrc=1 | next_PC=28
Time=665000 | PC=28 | inst=02010c63 | state(x10)=1 | x2=17 | x1=0 | LEDs=0000000000010001 | ALUResult=00000011 | MemWrite=0 | address=00000011 | write_data=00000000
BRANCH | PC=28 | inst=02010c63 | funct3=000 | rs1=x2 | rs2=x0 | imm=56 | ALUResult=00000011 | zero=0 | BLT_taken=0 | PCSrc=0 | next_PC=32
Time=675000 | PC=32 | inst=00202423 | state(x10)=1 | x2=17 | x1=0 | LEDs=0000000000001000 | ALUResult=00000008 | MemWrite=1 | address=00000008 | write_data=00000011
Time=685000 | PC=36 | inst=fff10113 | state(x10)=1 | x2=17 | x1=0 | LEDs=0000000000010010 | ALUResult=00000012 | MemWrite=0 | address=00000012 | write_data=00000000
Time=695000 | PC=40 | inst=fe000ae3 | state(x10)=1 | x2=18 | x1=0 | LEDs=0000000000000000 | ALUResult=00000000 | MemWrite=0 | address=00000000 | write_data=00000000
BRANCH | PC=40 | inst=fe000ae3 | funct3=000 | rs1=x0 | rs2=x0 | imm=-12 | ALUResult=00000000 | zero=1 | BLT_taken=0 | PCSrc=1 | next_PC=28
Time=705000 | PC=28 | inst=02010c63 | state(x10)=1 | x2=18 | x1=0 | LEDs=0000000000010010 | ALUResult=00000012 | MemWrite=0 | address=00000012 | write_data=00000000
BRANCH | PC=28 | inst=02010c63 | funct3=000 | rs1=x2 | rs2=x0 | imm=56 | ALUResult=00000012 | zero=0 | BLT_taken=0 | PCSrc=0 | next_PC=32
Time=715000 | PC=32 | inst=00202423 | state(x10)=1 | x2=18 | x1=0 | LEDs=0000000000001000 | ALUResult=00000008 | MemWrite=1 | address=00000008 | write_data=00000012
Time=725000 | PC=36 | inst=fff10113 | state(x10)=1 | x2=18 | x1=0 | LEDs=0000000000010011 | ALUResult=00000013 | MemWrite=0 | address=00000013 | write_data=00000000
Time=735000 | PC=40 | inst=fe000ae3 | state(x10)=1 | x2=19 | x1=0 | LEDs=0000000000000000 | ALUResult=00000000 | MemWrite=0 | address=00000000 | write_data=00000000
BRANCH | PC=40 | inst=fe000ae3 | funct3=000 | rs1=x0 | rs2=x0 | imm=-12 | ALUResult=00000000 | zero=1 | BLT_taken=0 | PCSrc=1 | next_PC=28
Time=745000 | PC=28 | inst=02010c63 | state(x10)=1 | x2=19 | x1=0 | LEDs=0000000000010011 | ALUResult=00000013 | MemWrite=0 | address=00000013 | write_data=00000000
BRANCH | PC=28 | inst=02010c63 | funct3=000 | rs1=x2 | rs2=x0 | imm=56 | ALUResult=00000013 | zero=0 | BLT_taken=0 | PCSrc=0 | next_PC=32
Time=755000 | PC=32 | inst=00202423 | state(x10)=1 | x2=19 | x1=0 | LEDs=0000000000001000 | ALUResult=00000008 | MemWrite=1 | address=00000008 | write_data=00000013
Time=765000 | PC=36 | inst=fff10113 | state(x10)=1 | x2=19 | x1=0 | LEDs=0000000000010100 | ALUResult=00000014 | MemWrite=0 | address=00000014 | write_data=00000000
Time=775000 | PC=40 | inst=fe000ae3 | state(x10)=1 | x2=20 | x1=0 | LEDs=0000000000000000 | ALUResult=00000000 | MemWrite=0 | address=00000000 | write_data=00000000
BRANCH | PC=40 | inst=fe000ae3 | funct3=000 | rs1=x0 | rs2=x0 | imm=-12 | ALUResult=00000000 | zero=1 | BLT_taken=0 | PCSrc=1 | next_PC=28
Time=785000 | PC=28 | inst=02010c63 | state(x10)=1 | x2=20 | x1=0 | LEDs=0000000000010100 | ALUResult=00000014 | MemWrite=0 | address=00000014 | write_data=00000000
BRANCH | PC=28 | inst=02010c63 | funct3=000 | rs1=x2 | rs2=x0 | imm=56 | ALUResult=00000014 | zero=0 | BLT_taken=0 | PCSrc=0 | next_PC=32
Time=795000 | PC=32 | inst=00202423 | state(x10)=1 | x2=20 | x1=0 | LEDs=0000000000001000 | ALUResult=00000008 | MemWrite=1 | address=00000008 | write_data=00000014
Time=805000 | PC=36 | inst=fff10113 | state(x10)=1 | x2=20 | x1=0 | LEDs=0000000000010101 | ALUResult=00000015 | MemWrite=0 | address=00000015 | write_data=00000000
Time=815000 | PC=40 | inst=fe000ae3 | state(x10)=1 | x2=21 | x1=0 | LEDs=0000000000000000 | ALUResult=00000000 | MemWrite=0 | address=00000000 | write_data=00000000
BRANCH | PC=40 | inst=fe000ae3 | funct3=000 | rs1=x0 | rs2=x0 | imm=-12 | ALUResult=00000000 | zero=1 | BLT_taken=0 | PCSrc=1 | next_PC=28
Time=825000 | PC=28 | inst=02010c63 | state(x10)=1 | x2=21 | x1=0 | LEDs=0000000000010101 | ALUResult=00000015 | MemWrite=0 | address=00000015 | write_data=00000000
BRANCH | PC=28 | inst=02010c63 | funct3=000 | rs1=x2 | rs2=x0 | imm=56 | ALUResult=00000015 | zero=0 | BLT_taken=0 | PCSrc=0 | next_PC=32
Time=835000 | PC=32 | inst=00202423 | state(x10)=1 | x2=21 | x1=0 | LEDs=0000000000001000 | ALUResult=00000008 | MemWrite=1 | address=00000008 | write_data=00000015
Time=845000 | PC=36 | inst=fff10113 | state(x10)=1 | x2=21 | x1=0 | LEDs=0000000000010110 | ALUResult=00000016 | MemWrite=0 | address=00000016 | write_data=00000000
Time=855000 | PC=40 | inst=fe000ae3 | state(x10)=1 | x2=22 | x1=0 | LEDs=0000000000000000 | ALUResult=00000000 | MemWrite=0 | address=00000000 | write_data=00000000
BRANCH | PC=40 | inst=fe000ae3 | funct3=000 | rs1=x0 | rs2=x0 | imm=-12 | ALUResult=00000000 | zero=1 | BLT_taken=0 | PCSrc=1 | next_PC=28
Time=865000 | PC=28 | inst=02010c63 | state(x10)=1 | x2=22 | x1=0 | LEDs=0000000000010110 | ALUResult=00000016 | MemWrite=0 | address=00000016 | write_data=00000000
BRANCH | PC=28 | inst=02010c63 | funct3=000 | rs1=x2 | rs2=x0 | imm=56 | ALUResult=00000016 | zero=0 | BLT_taken=0 | PCSrc=0 | next_PC=32
Time=875000 | PC=32 | inst=00202423 | state(x10)=1 | x2=22 | x1=0 | LEDs=0000000000001000 | ALUResult=00000008 | MemWrite=1 | address=00000008 | write_data=00000016
Time=885000 | PC=36 | inst=fff10113 | state(x10)=1 | x2=22 | x1=0 | LEDs=0000000000010111 | ALUResult=00000017 | MemWrite=0 | address=00000017 | write_data=00000000
Time=895000 | PC=40 | inst=fe000ae3 | state(x10)=1 | x2=23 | x1=0 | LEDs=0000000000000000 | ALUResult=00000000 | MemWrite=0 | address=00000000 | write_data=00000000
BRANCH | PC=40 | inst=fe000ae3 | funct3=000 | rs1=x0 | rs2=x0 | imm=-12 | ALUResult=00000000 | zero=1 | BLT_taken=0 | PCSrc=1 | next_PC=28
Time=905000 | PC=28 | inst=02010c63 | state(x10)=1 | x2=23 | x1=0 | LEDs=0000000000010111 | ALUResult=00000017 | MemWrite=0 | address=00000017 | write_data=00000000
BRANCH | PC=28 | inst=02010c63 | funct3=000 | rs1=x2 | rs2=x0 | imm=56 | ALUResult=00000017 | zero=0 | BLT_taken=0 | PCSrc=0 | next_PC=32
Time=915000 | PC=32 | inst=00202423 | state(x10)=1 | x2=23 | x1=0 | LEDs=0000000000001000 | ALUResult=00000008 | MemWrite=1 | address=00000008 | write_data=00000017
Time=925000 | PC=36 | inst=fff10113 | state(x10)=1 | x2=23 | x1=0 | LEDs=0000000000011000 | ALUResult=00000018 | MemWrite=0 | address=00000018 | write_data=00000000
Time=935000 | PC=40 | inst=fe000ae3 | state(x10)=1 | x2=24 | x1=0 | LEDs=0000000000000000 | ALUResult=00000000 | MemWrite=0 | address=00000000 | write_data=00000000
BRANCH | PC=40 | inst=fe000ae3 | funct3=000 | rs1=x0 | rs2=x0 | imm=-12 | ALUResult=00000000 | zero=1 | BLT_taken=0 | PCSrc=1 | next_PC=28
Time=945000 | PC=28 | inst=02010c63 | state(x10)=1 | x2=24 | x1=0 | LEDs=0000000000011000 | ALUResult=00000018 | MemWrite=0 | address=00000018 | write_data=00000000
BRANCH | PC=28 | inst=02010c63 | funct3=000 | rs1=x2 | rs2=x0 | imm=56 | ALUResult=00000018 | zero=0 | BLT_taken=0 | PCSrc=0 | next_PC=32
Time=955000 | PC=32 | inst=00202423 | state(x10)=1 | x2=24 | x1=0 | LEDs=0000000000001000 | ALUResult=00000008 | MemWrite=1 | address=00000008 | write_data=00000018
Time=965000 | PC=36 | inst=fff10113 | state(x10)=1 | x2=24 | x1=0 | LEDs=0000000000011001 | ALUResult=00000019 | MemWrite=0 | address=00000019 | write_data=00000000
Time=975000 | PC=40 | inst=fe000ae3 | state(x10)=1 | x2=25 | x1=0 | LEDs=0000000000000000 | ALUResult=00000000 | MemWrite=0 | address=00000000 | write_data=00000000
BRANCH | PC=40 | inst=fe000ae3 | funct3=000 | rs1=x0 | rs2=x0 | imm=-12 | ALUResult=00000000 | zero=1 | BLT_taken=0 | PCSrc=1 | next_PC=28
Time=985000 | PC=28 | inst=02010c63 | state(x10)=1 | x2=25 | x1=0 | LEDs=0000000000011001 | ALUResult=00000019 | MemWrite=0 | address=00000019 | write_data=00000000
BRANCH | PC=28 | inst=02010c63 | funct3=000 | rs1=x2 | rs2=x0 | imm=56 | ALUResult=00000019 | zero=0 | BLT_taken=0 | PCSrc=0 | next_PC=32
Time=995000 | PC=32 | inst=00202423 | state(x10)=1 | x2=25 | x1=0 | LEDs=0000000000001000 | ALUResult=00000008 | MemWrite=1 | address=00000008 | write_data=00000019
relaunch_sim: Time (s): cpu = 00:00:01 ; elapsed = 00:00:06 . Memory (MB): peak = 1054.141 ; gain = 0.000
current_wave_config {Untitled 10}
Untitled 10
add_wave {{/tb_countdown/uut}} 
relaunch_sim
Command: launch_simulation -simset sim_1 -mode behavioral
INFO: [Vivado 12-5682] Launching behavioral simulation in 'C:/Users/tau/Documents/CA-Labs-T1/TopProcessor/lab11.sim/sim_1/behav/xsim'
INFO: [SIM-utils-51] Simulation object is 'sim_1'
INFO: [SIM-utils-54] Inspecting design source files for 'tb_countdown' in fileset 'sim_1'...
INFO: [SIM-utils-43] Exported 'C:/Users/tau/Documents/CA-Labs-T1/TopProcessor/lab11.sim/sim_1/behav/xsim/instructions.mem'
INFO: [SIM-utils-43] Exported 'C:/Users/tau/Documents/CA-Labs-T1/TopProcessor/lab11.sim/sim_1/behav/xsim/instructions_task1.mem'
INFO: [SIM-utils-43] Exported 'C:/Users/tau/Documents/CA-Labs-T1/TopProcessor/lab11.sim/sim_1/behav/xsim/instructions.mem'
INFO: [SIM-utils-43] Exported 'C:/Users/tau/Documents/CA-Labs-T1/TopProcessor/lab11.sim/sim_1/behav/xsim/instructions_task1.mem'
INFO: [USF-XSim-97] Finding global include files...
INFO: [USF-XSim-98] Fetching design files from 'sim_1'...
INFO: [USF-XSim-2] XSim::Compile design
INFO: [USF-XSim-61] Executing 'COMPILE and ANALYZE' step in 'C:/Users/tau/Documents/CA-Labs-T1/TopProcessor/lab11.sim/sim_1/behav/xsim'
"xvlog --incr --relax -prj tb_countdown_vlog.prj"
INFO: [USF-XSim-69] 'compile' step finished in '1' seconds
Command: launch_simulation -simset sim_1 -mode behavioral
INFO: [Vivado 12-5682] Launching behavioral simulation in 'C:/Users/tau/Documents/CA-Labs-T1/TopProcessor/lab11.sim/sim_1/behav/xsim'
INFO: [USF-XSim-3] XSim::Elaborate design
INFO: [USF-XSim-61] Executing 'ELABORATE' step in 'C:/Users/tau/Documents/CA-Labs-T1/TopProcessor/lab11.sim/sim_1/behav/xsim'
"xelab -wto f8d01134f7dc4a89acf0d8e4e2a22205 --incr --debug typical --relax --mt 2 -L xil_defaultlib -L unisims_ver -L unimacro_ver -L secureip --snapshot tb_countdown_behav xil_defaultlib.tb_countdown xil_defaultlib.glbl -log elaborate.log"
Vivado Simulator 2020.1
Copyright 1986-1999, 2001-2020 Xilinx, Inc. All Rights Reserved.
Running: C:/Xilinx/Vivado/2020.1/bin/unwrapped/win64.o/xelab.exe -wto f8d01134f7dc4a89acf0d8e4e2a22205 --incr --debug typical --relax --mt 2 -L xil_defaultlib -L unisims_ver -L unimacro_ver -L secureip --snapshot tb_countdown_behav xil_defaultlib.tb_countdown xil_defaultlib.glbl -log elaborate.log 
Using 2 slave threads.
Starting static elaboration
Pass Through NonSizing Optimizer
Completed static elaboration
INFO: [XSIM 43-4323] No Change in HDL. Linking previously generated obj files to create kernel
INFO: [USF-XSim-69] 'elaborate' step finished in '1' seconds
Vivado Simulator 2020.1
Time resolution is 1 ps
Time=25000 | PC=0 | inst=00000513 | state(x10)=0 | x2=0 | x1=0 | LEDs=0000000000000000 | ALUResult=00000000 | MemWrite=0 | address=00000000 | write_data=00000000
Time=35000 | PC=4 | inst=00500113 | state(x10)=0 | x2=0 | x1=0 | LEDs=0000000000000101 | ALUResult=00000005 | MemWrite=0 | address=00000005 | write_data=00000000
Time=45000 | PC=8 | inst=00202223 | state(x10)=0 | x2=5 | x1=0 | LEDs=0000000000000100 | ALUResult=00000004 | MemWrite=1 | address=00000004 | write_data=00000005
Time=55000 | PC=12 | inst=00002083 | state(x10)=0 | x2=5 | x1=0 | LEDs=0000000000000000 | ALUResult=00000000 | MemWrite=0 | address=00000000 | write_data=00000000
Time=65000 | PC=16 | inst=00100193 | state(x10)=0 | x2=5 | x1=0 | LEDs=0000000000000001 | ALUResult=00000001 | MemWrite=0 | address=00000001 | write_data=00000000
Time=75000 | PC=20 | inst=02308663 | state(x10)=0 | x2=5 | x1=0 | LEDs=1111111111111111 | ALUResult=ffffffff | MemWrite=0 | address=ffffffff | write_data=00000001
BRANCH | PC=20 | inst=02308663 | funct3=000 | rs1=x1 | rs2=x3 | imm=44 | ALUResult=ffffffff | zero=0 | BLT_taken=0 | PCSrc=0 | next_PC=24
Time=85000 | PC=24 | inst=00050a63 | state(x10)=0 | x2=5 | x1=0 | LEDs=0000000000000000 | ALUResult=00000000 | MemWrite=0 | address=00000000 | write_data=00000000
BRANCH | PC=24 | inst=00050a63 | funct3=000 | rs1=x10 | rs2=x0 | imm=20 | ALUResult=00000000 | zero=1 | BLT_taken=0 | PCSrc=1 | next_PC=44
Time=95000 | PC=44 | inst=00402103 | state(x10)=0 | x2=5 | x1=0 | LEDs=0000000000000100 | ALUResult=00000004 | MemWrite=0 | address=00000004 | write_data=00000000
Time=105000 | PC=48 | inst=fc010ee3 | state(x10)=0 | x2=5 | x1=0 | LEDs=0000000000000101 | ALUResult=00000005 | MemWrite=0 | address=00000005 | write_data=00000000
BRANCH | PC=48 | inst=fc010ee3 | funct3=000 | rs1=x2 | rs2=x0 | imm=-36 | ALUResult=00000005 | zero=0 | BLT_taken=0 | PCSrc=0 | next_PC=52
Time=115000 | PC=52 | inst=00202423 | state(x10)=0 | x2=5 | x1=0 | LEDs=0000000000001000 | ALUResult=00000008 | MemWrite=1 | address=00000008 | write_data=00000005

=== AFTER INIT ===
state(x10) = 0 (expected 0)
x2 = 5 (expected 5)
memory[4] = 5 (expected 5)
Time=125000 | PC=56 | inst=00100513 | state(x10)=0 | x2=5 | x1=0 | LEDs=0000000000000001 | ALUResult=00000001 | MemWrite=0 | address=00000001 | write_data=00000000
Time=135000 | PC=60 | inst=fc0008e3 | state(x10)=1 | x2=5 | x1=0 | LEDs=0000000000000000 | ALUResult=00000000 | MemWrite=0 | address=00000000 | write_data=00000000
BRANCH | PC=60 | inst=fc0008e3 | funct3=000 | rs1=x0 | rs2=x0 | imm=-48 | ALUResult=00000000 | zero=1 | BLT_taken=0 | PCSrc=1 | next_PC=12
Time=145000 | PC=12 | inst=00002083 | state(x10)=1 | x2=5 | x1=0 | LEDs=0000000000000000 | ALUResult=00000000 | MemWrite=0 | address=00000000 | write_data=00000000
Time=155000 | PC=16 | inst=00100193 | state(x10)=1 | x2=5 | x1=0 | LEDs=0000000000000001 | ALUResult=00000001 | MemWrite=0 | address=00000001 | write_data=00000000
Time=165000 | PC=20 | inst=02308663 | state(x10)=1 | x2=5 | x1=0 | LEDs=1111111111111111 | ALUResult=ffffffff | MemWrite=0 | address=ffffffff | write_data=00000001
BRANCH | PC=20 | inst=02308663 | funct3=000 | rs1=x1 | rs2=x3 | imm=44 | ALUResult=ffffffff | zero=0 | BLT_taken=0 | PCSrc=0 | next_PC=24
Time=175000 | PC=24 | inst=00050a63 | state(x10)=1 | x2=5 | x1=0 | LEDs=0000000000000001 | ALUResult=00000001 | MemWrite=0 | address=00000001 | write_data=00000000
BRANCH | PC=24 | inst=00050a63 | funct3=000 | rs1=x10 | rs2=x0 | imm=20 | ALUResult=00000001 | zero=0 | BLT_taken=0 | PCSrc=0 | next_PC=28
Time=185000 | PC=28 | inst=02010c63 | state(x10)=1 | x2=5 | x1=0 | LEDs=0000000000000101 | ALUResult=00000005 | MemWrite=0 | address=00000005 | write_data=00000000
BRANCH | PC=28 | inst=02010c63 | funct3=000 | rs1=x2 | rs2=x0 | imm=56 | ALUResult=00000005 | zero=0 | BLT_taken=0 | PCSrc=0 | next_PC=32
Time=195000 | PC=32 | inst=00202423 | state(x10)=1 | x2=5 | x1=0 | LEDs=0000000000001000 | ALUResult=00000008 | MemWrite=1 | address=00000008 | write_data=00000005
Time=205000 | PC=36 | inst=fff10113 | state(x10)=1 | x2=5 | x1=0 | LEDs=0000000000000110 | ALUResult=00000006 | MemWrite=0 | address=00000006 | write_data=00000000
Time=215000 | PC=40 | inst=fe000ae3 | state(x10)=1 | x2=6 | x1=0 | LEDs=0000000000000000 | ALUResult=00000000 | MemWrite=0 | address=00000000 | write_data=00000000
BRANCH | PC=40 | inst=fe000ae3 | funct3=000 | rs1=x0 | rs2=x0 | imm=-12 | ALUResult=00000000 | zero=1 | BLT_taken=0 | PCSrc=1 | next_PC=28
Time=225000 | PC=28 | inst=02010c63 | state(x10)=1 | x2=6 | x1=0 | LEDs=0000000000000110 | ALUResult=00000006 | MemWrite=0 | address=00000006 | write_data=00000000
BRANCH | PC=28 | inst=02010c63 | funct3=000 | rs1=x2 | rs2=x0 | imm=56 | ALUResult=00000006 | zero=0 | BLT_taken=0 | PCSrc=0 | next_PC=32
Time=235000 | PC=32 | inst=00202423 | state(x10)=1 | x2=6 | x1=0 | LEDs=0000000000001000 | ALUResult=00000008 | MemWrite=1 | address=00000008 | write_data=00000006
Time=245000 | PC=36 | inst=fff10113 | state(x10)=1 | x2=6 | x1=0 | LEDs=0000000000000111 | ALUResult=00000007 | MemWrite=0 | address=00000007 | write_data=00000000
Time=255000 | PC=40 | inst=fe000ae3 | state(x10)=1 | x2=7 | x1=0 | LEDs=0000000000000000 | ALUResult=00000000 | MemWrite=0 | address=00000000 | write_data=00000000
BRANCH | PC=40 | inst=fe000ae3 | funct3=000 | rs1=x0 | rs2=x0 | imm=-12 | ALUResult=00000000 | zero=1 | BLT_taken=0 | PCSrc=1 | next_PC=28
Time=265000 | PC=28 | inst=02010c63 | state(x10)=1 | x2=7 | x1=0 | LEDs=0000000000000111 | ALUResult=00000007 | MemWrite=0 | address=00000007 | write_data=00000000
BRANCH | PC=28 | inst=02010c63 | funct3=000 | rs1=x2 | rs2=x0 | imm=56 | ALUResult=00000007 | zero=0 | BLT_taken=0 | PCSrc=0 | next_PC=32
Time=275000 | PC=32 | inst=00202423 | state(x10)=1 | x2=7 | x1=0 | LEDs=0000000000001000 | ALUResult=00000008 | MemWrite=1 | address=00000008 | write_data=00000007
Time=285000 | PC=36 | inst=fff10113 | state(x10)=1 | x2=7 | x1=0 | LEDs=0000000000001000 | ALUResult=00000008 | MemWrite=0 | address=00000008 | write_data=00000000
Time=295000 | PC=40 | inst=fe000ae3 | state(x10)=1 | x2=8 | x1=0 | LEDs=0000000000000000 | ALUResult=00000000 | MemWrite=0 | address=00000000 | write_data=00000000
BRANCH | PC=40 | inst=fe000ae3 | funct3=000 | rs1=x0 | rs2=x0 | imm=-12 | ALUResult=00000000 | zero=1 | BLT_taken=0 | PCSrc=1 | next_PC=28
Time=305000 | PC=28 | inst=02010c63 | state(x10)=1 | x2=8 | x1=0 | LEDs=0000000000001000 | ALUResult=00000008 | MemWrite=0 | address=00000008 | write_data=00000000
BRANCH | PC=28 | inst=02010c63 | funct3=000 | rs1=x2 | rs2=x0 | imm=56 | ALUResult=00000008 | zero=0 | BLT_taken=0 | PCSrc=0 | next_PC=32
Time=315000 | PC=32 | inst=00202423 | state(x10)=1 | x2=8 | x1=0 | LEDs=0000000000001000 | ALUResult=00000008 | MemWrite=1 | address=00000008 | write_data=00000008

=== AFTER INPUT STATE ===
state(x10) = 1 (expected 1 = COUNTDOWN)
x2 = 8 (expected 5)
Time=325000 | PC=36 | inst=fff10113 | state(x10)=1 | x2=8 | x1=0 | LEDs=0000000000001001 | ALUResult=00000009 | MemWrite=0 | address=00000009 | write_data=00000000
Time=335000 | PC=40 | inst=fe000ae3 | state(x10)=1 | x2=9 | x1=0 | LEDs=0000000000000000 | ALUResult=00000000 | MemWrite=0 | address=00000000 | write_data=00000000
BRANCH | PC=40 | inst=fe000ae3 | funct3=000 | rs1=x0 | rs2=x0 | imm=-12 | ALUResult=00000000 | zero=1 | BLT_taken=0 | PCSrc=1 | next_PC=28
Time=345000 | PC=28 | inst=02010c63 | state(x10)=1 | x2=9 | x1=0 | LEDs=0000000000001001 | ALUResult=00000009 | MemWrite=0 | address=00000009 | write_data=00000000
BRANCH | PC=28 | inst=02010c63 | funct3=000 | rs1=x2 | rs2=x0 | imm=56 | ALUResult=00000009 | zero=0 | BLT_taken=0 | PCSrc=0 | next_PC=32
Time=355000 | PC=32 | inst=00202423 | state(x10)=1 | x2=9 | x1=0 | LEDs=0000000000001000 | ALUResult=00000008 | MemWrite=1 | address=00000008 | write_data=00000009
Time=365000 | PC=36 | inst=fff10113 | state(x10)=1 | x2=9 | x1=0 | LEDs=0000000000001010 | ALUResult=0000000a | MemWrite=0 | address=0000000a | write_data=00000000
Time=375000 | PC=40 | inst=fe000ae3 | state(x10)=1 | x2=10 | x1=0 | LEDs=0000000000000000 | ALUResult=00000000 | MemWrite=0 | address=00000000 | write_data=00000000
BRANCH | PC=40 | inst=fe000ae3 | funct3=000 | rs1=x0 | rs2=x0 | imm=-12 | ALUResult=00000000 | zero=1 | BLT_taken=0 | PCSrc=1 | next_PC=28
Time=385000 | PC=28 | inst=02010c63 | state(x10)=1 | x2=10 | x1=0 | LEDs=0000000000001010 | ALUResult=0000000a | MemWrite=0 | address=0000000a | write_data=00000000
BRANCH | PC=28 | inst=02010c63 | funct3=000 | rs1=x2 | rs2=x0 | imm=56 | ALUResult=0000000a | zero=0 | BLT_taken=0 | PCSrc=0 | next_PC=32
Time=395000 | PC=32 | inst=00202423 | state(x10)=1 | x2=10 | x1=0 | LEDs=0000000000001000 | ALUResult=00000008 | MemWrite=1 | address=00000008 | write_data=0000000a
Time=405000 | PC=36 | inst=fff10113 | state(x10)=1 | x2=10 | x1=0 | LEDs=0000000000001011 | ALUResult=0000000b | MemWrite=0 | address=0000000b | write_data=00000000
Time=415000 | PC=40 | inst=fe000ae3 | state(x10)=1 | x2=11 | x1=0 | LEDs=0000000000000000 | ALUResult=00000000 | MemWrite=0 | address=00000000 | write_data=00000000
BRANCH | PC=40 | inst=fe000ae3 | funct3=000 | rs1=x0 | rs2=x0 | imm=-12 | ALUResult=00000000 | zero=1 | BLT_taken=0 | PCSrc=1 | next_PC=28
Time=425000 | PC=28 | inst=02010c63 | state(x10)=1 | x2=11 | x1=0 | LEDs=0000000000001011 | ALUResult=0000000b | MemWrite=0 | address=0000000b | write_data=00000000
BRANCH | PC=28 | inst=02010c63 | funct3=000 | rs1=x2 | rs2=x0 | imm=56 | ALUResult=0000000b | zero=0 | BLT_taken=0 | PCSrc=0 | next_PC=32
Time=435000 | PC=32 | inst=00202423 | state(x10)=1 | x2=11 | x1=0 | LEDs=0000000000001000 | ALUResult=00000008 | MemWrite=1 | address=00000008 | write_data=0000000b
Time=445000 | PC=36 | inst=fff10113 | state(x10)=1 | x2=11 | x1=0 | LEDs=0000000000001100 | ALUResult=0000000c | MemWrite=0 | address=0000000c | write_data=00000000
Time=455000 | PC=40 | inst=fe000ae3 | state(x10)=1 | x2=12 | x1=0 | LEDs=0000000000000000 | ALUResult=00000000 | MemWrite=0 | address=00000000 | write_data=00000000
BRANCH | PC=40 | inst=fe000ae3 | funct3=000 | rs1=x0 | rs2=x0 | imm=-12 | ALUResult=00000000 | zero=1 | BLT_taken=0 | PCSrc=1 | next_PC=28
Time=465000 | PC=28 | inst=02010c63 | state(x10)=1 | x2=12 | x1=0 | LEDs=0000000000001100 | ALUResult=0000000c | MemWrite=0 | address=0000000c | write_data=00000000
BRANCH | PC=28 | inst=02010c63 | funct3=000 | rs1=x2 | rs2=x0 | imm=56 | ALUResult=0000000c | zero=0 | BLT_taken=0 | PCSrc=0 | next_PC=32
Time=475000 | PC=32 | inst=00202423 | state(x10)=1 | x2=12 | x1=0 | LEDs=0000000000001000 | ALUResult=00000008 | MemWrite=1 | address=00000008 | write_data=0000000c
Time=485000 | PC=36 | inst=fff10113 | state(x10)=1 | x2=12 | x1=0 | LEDs=0000000000001101 | ALUResult=0000000d | MemWrite=0 | address=0000000d | write_data=00000000
Time=495000 | PC=40 | inst=fe000ae3 | state(x10)=1 | x2=13 | x1=0 | LEDs=0000000000000000 | ALUResult=00000000 | MemWrite=0 | address=00000000 | write_data=00000000
BRANCH | PC=40 | inst=fe000ae3 | funct3=000 | rs1=x0 | rs2=x0 | imm=-12 | ALUResult=00000000 | zero=1 | BLT_taken=0 | PCSrc=1 | next_PC=28
Time=505000 | PC=28 | inst=02010c63 | state(x10)=1 | x2=13 | x1=0 | LEDs=0000000000001101 | ALUResult=0000000d | MemWrite=0 | address=0000000d | write_data=00000000
BRANCH | PC=28 | inst=02010c63 | funct3=000 | rs1=x2 | rs2=x0 | imm=56 | ALUResult=0000000d | zero=0 | BLT_taken=0 | PCSrc=0 | next_PC=32
Time=515000 | PC=32 | inst=00202423 | state(x10)=1 | x2=13 | x1=0 | LEDs=0000000000001000 | ALUResult=00000008 | MemWrite=1 | address=00000008 | write_data=0000000d
Time=525000 | PC=36 | inst=fff10113 | state(x10)=1 | x2=13 | x1=0 | LEDs=0000000000001110 | ALUResult=0000000e | MemWrite=0 | address=0000000e | write_data=00000000
Time=535000 | PC=40 | inst=fe000ae3 | state(x10)=1 | x2=14 | x1=0 | LEDs=0000000000000000 | ALUResult=00000000 | MemWrite=0 | address=00000000 | write_data=00000000
BRANCH | PC=40 | inst=fe000ae3 | funct3=000 | rs1=x0 | rs2=x0 | imm=-12 | ALUResult=00000000 | zero=1 | BLT_taken=0 | PCSrc=1 | next_PC=28
Time=545000 | PC=28 | inst=02010c63 | state(x10)=1 | x2=14 | x1=0 | LEDs=0000000000001110 | ALUResult=0000000e | MemWrite=0 | address=0000000e | write_data=00000000
BRANCH | PC=28 | inst=02010c63 | funct3=000 | rs1=x2 | rs2=x0 | imm=56 | ALUResult=0000000e | zero=0 | BLT_taken=0 | PCSrc=0 | next_PC=32
Time=555000 | PC=32 | inst=00202423 | state(x10)=1 | x2=14 | x1=0 | LEDs=0000000000001000 | ALUResult=00000008 | MemWrite=1 | address=00000008 | write_data=0000000e
Time=565000 | PC=36 | inst=fff10113 | state(x10)=1 | x2=14 | x1=0 | LEDs=0000000000001111 | ALUResult=0000000f | MemWrite=0 | address=0000000f | write_data=00000000
Time=575000 | PC=40 | inst=fe000ae3 | state(x10)=1 | x2=15 | x1=0 | LEDs=0000000000000000 | ALUResult=00000000 | MemWrite=0 | address=00000000 | write_data=00000000
BRANCH | PC=40 | inst=fe000ae3 | funct3=000 | rs1=x0 | rs2=x0 | imm=-12 | ALUResult=00000000 | zero=1 | BLT_taken=0 | PCSrc=1 | next_PC=28
Time=585000 | PC=28 | inst=02010c63 | state(x10)=1 | x2=15 | x1=0 | LEDs=0000000000001111 | ALUResult=0000000f | MemWrite=0 | address=0000000f | write_data=00000000
BRANCH | PC=28 | inst=02010c63 | funct3=000 | rs1=x2 | rs2=x0 | imm=56 | ALUResult=0000000f | zero=0 | BLT_taken=0 | PCSrc=0 | next_PC=32
Time=595000 | PC=32 | inst=00202423 | state(x10)=1 | x2=15 | x1=0 | LEDs=0000000000001000 | ALUResult=00000008 | MemWrite=1 | address=00000008 | write_data=0000000f
Time=605000 | PC=36 | inst=fff10113 | state(x10)=1 | x2=15 | x1=0 | LEDs=0000000000010000 | ALUResult=00000010 | MemWrite=0 | address=00000010 | write_data=00000000
Time=615000 | PC=40 | inst=fe000ae3 | state(x10)=1 | x2=16 | x1=0 | LEDs=0000000000000000 | ALUResult=00000000 | MemWrite=0 | address=00000000 | write_data=00000000
BRANCH | PC=40 | inst=fe000ae3 | funct3=000 | rs1=x0 | rs2=x0 | imm=-12 | ALUResult=00000000 | zero=1 | BLT_taken=0 | PCSrc=1 | next_PC=28
Time=625000 | PC=28 | inst=02010c63 | state(x10)=1 | x2=16 | x1=0 | LEDs=0000000000010000 | ALUResult=00000010 | MemWrite=0 | address=00000010 | write_data=00000000
BRANCH | PC=28 | inst=02010c63 | funct3=000 | rs1=x2 | rs2=x0 | imm=56 | ALUResult=00000010 | zero=0 | BLT_taken=0 | PCSrc=0 | next_PC=32
Time=635000 | PC=32 | inst=00202423 | state(x10)=1 | x2=16 | x1=0 | LEDs=0000000000001000 | ALUResult=00000008 | MemWrite=1 | address=00000008 | write_data=00000010
Time=645000 | PC=36 | inst=fff10113 | state(x10)=1 | x2=16 | x1=0 | LEDs=0000000000010001 | ALUResult=00000011 | MemWrite=0 | address=00000011 | write_data=00000000
Time=655000 | PC=40 | inst=fe000ae3 | state(x10)=1 | x2=17 | x1=0 | LEDs=0000000000000000 | ALUResult=00000000 | MemWrite=0 | address=00000000 | write_data=00000000
BRANCH | PC=40 | inst=fe000ae3 | funct3=000 | rs1=x0 | rs2=x0 | imm=-12 | ALUResult=00000000 | zero=1 | BLT_taken=0 | PCSrc=1 | next_PC=28
Time=665000 | PC=28 | inst=02010c63 | state(x10)=1 | x2=17 | x1=0 | LEDs=0000000000010001 | ALUResult=00000011 | MemWrite=0 | address=00000011 | write_data=00000000
BRANCH | PC=28 | inst=02010c63 | funct3=000 | rs1=x2 | rs2=x0 | imm=56 | ALUResult=00000011 | zero=0 | BLT_taken=0 | PCSrc=0 | next_PC=32
Time=675000 | PC=32 | inst=00202423 | state(x10)=1 | x2=17 | x1=0 | LEDs=0000000000001000 | ALUResult=00000008 | MemWrite=1 | address=00000008 | write_data=00000011
Time=685000 | PC=36 | inst=fff10113 | state(x10)=1 | x2=17 | x1=0 | LEDs=0000000000010010 | ALUResult=00000012 | MemWrite=0 | address=00000012 | write_data=00000000
Time=695000 | PC=40 | inst=fe000ae3 | state(x10)=1 | x2=18 | x1=0 | LEDs=0000000000000000 | ALUResult=00000000 | MemWrite=0 | address=00000000 | write_data=00000000
BRANCH | PC=40 | inst=fe000ae3 | funct3=000 | rs1=x0 | rs2=x0 | imm=-12 | ALUResult=00000000 | zero=1 | BLT_taken=0 | PCSrc=1 | next_PC=28
Time=705000 | PC=28 | inst=02010c63 | state(x10)=1 | x2=18 | x1=0 | LEDs=0000000000010010 | ALUResult=00000012 | MemWrite=0 | address=00000012 | write_data=00000000
BRANCH | PC=28 | inst=02010c63 | funct3=000 | rs1=x2 | rs2=x0 | imm=56 | ALUResult=00000012 | zero=0 | BLT_taken=0 | PCSrc=0 | next_PC=32
Time=715000 | PC=32 | inst=00202423 | state(x10)=1 | x2=18 | x1=0 | LEDs=0000000000001000 | ALUResult=00000008 | MemWrite=1 | address=00000008 | write_data=00000012
Time=725000 | PC=36 | inst=fff10113 | state(x10)=1 | x2=18 | x1=0 | LEDs=0000000000010011 | ALUResult=00000013 | MemWrite=0 | address=00000013 | write_data=00000000
Time=735000 | PC=40 | inst=fe000ae3 | state(x10)=1 | x2=19 | x1=0 | LEDs=0000000000000000 | ALUResult=00000000 | MemWrite=0 | address=00000000 | write_data=00000000
BRANCH | PC=40 | inst=fe000ae3 | funct3=000 | rs1=x0 | rs2=x0 | imm=-12 | ALUResult=00000000 | zero=1 | BLT_taken=0 | PCSrc=1 | next_PC=28
Time=745000 | PC=28 | inst=02010c63 | state(x10)=1 | x2=19 | x1=0 | LEDs=0000000000010011 | ALUResult=00000013 | MemWrite=0 | address=00000013 | write_data=00000000
BRANCH | PC=28 | inst=02010c63 | funct3=000 | rs1=x2 | rs2=x0 | imm=56 | ALUResult=00000013 | zero=0 | BLT_taken=0 | PCSrc=0 | next_PC=32
Time=755000 | PC=32 | inst=00202423 | state(x10)=1 | x2=19 | x1=0 | LEDs=0000000000001000 | ALUResult=00000008 | MemWrite=1 | address=00000008 | write_data=00000013
Time=765000 | PC=36 | inst=fff10113 | state(x10)=1 | x2=19 | x1=0 | LEDs=0000000000010100 | ALUResult=00000014 | MemWrite=0 | address=00000014 | write_data=00000000
Time=775000 | PC=40 | inst=fe000ae3 | state(x10)=1 | x2=20 | x1=0 | LEDs=0000000000000000 | ALUResult=00000000 | MemWrite=0 | address=00000000 | write_data=00000000
BRANCH | PC=40 | inst=fe000ae3 | funct3=000 | rs1=x0 | rs2=x0 | imm=-12 | ALUResult=00000000 | zero=1 | BLT_taken=0 | PCSrc=1 | next_PC=28
Time=785000 | PC=28 | inst=02010c63 | state(x10)=1 | x2=20 | x1=0 | LEDs=0000000000010100 | ALUResult=00000014 | MemWrite=0 | address=00000014 | write_data=00000000
BRANCH | PC=28 | inst=02010c63 | funct3=000 | rs1=x2 | rs2=x0 | imm=56 | ALUResult=00000014 | zero=0 | BLT_taken=0 | PCSrc=0 | next_PC=32
Time=795000 | PC=32 | inst=00202423 | state(x10)=1 | x2=20 | x1=0 | LEDs=0000000000001000 | ALUResult=00000008 | MemWrite=1 | address=00000008 | write_data=00000014
Time=805000 | PC=36 | inst=fff10113 | state(x10)=1 | x2=20 | x1=0 | LEDs=0000000000010101 | ALUResult=00000015 | MemWrite=0 | address=00000015 | write_data=00000000
Time=815000 | PC=40 | inst=fe000ae3 | state(x10)=1 | x2=21 | x1=0 | LEDs=0000000000000000 | ALUResult=00000000 | MemWrite=0 | address=00000000 | write_data=00000000
BRANCH | PC=40 | inst=fe000ae3 | funct3=000 | rs1=x0 | rs2=x0 | imm=-12 | ALUResult=00000000 | zero=1 | BLT_taken=0 | PCSrc=1 | next_PC=28
Time=825000 | PC=28 | inst=02010c63 | state(x10)=1 | x2=21 | x1=0 | LEDs=0000000000010101 | ALUResult=00000015 | MemWrite=0 | address=00000015 | write_data=00000000
BRANCH | PC=28 | inst=02010c63 | funct3=000 | rs1=x2 | rs2=x0 | imm=56 | ALUResult=00000015 | zero=0 | BLT_taken=0 | PCSrc=0 | next_PC=32
Time=835000 | PC=32 | inst=00202423 | state(x10)=1 | x2=21 | x1=0 | LEDs=0000000000001000 | ALUResult=00000008 | MemWrite=1 | address=00000008 | write_data=00000015
Time=845000 | PC=36 | inst=fff10113 | state(x10)=1 | x2=21 | x1=0 | LEDs=0000000000010110 | ALUResult=00000016 | MemWrite=0 | address=00000016 | write_data=00000000
Time=855000 | PC=40 | inst=fe000ae3 | state(x10)=1 | x2=22 | x1=0 | LEDs=0000000000000000 | ALUResult=00000000 | MemWrite=0 | address=00000000 | write_data=00000000
BRANCH | PC=40 | inst=fe000ae3 | funct3=000 | rs1=x0 | rs2=x0 | imm=-12 | ALUResult=00000000 | zero=1 | BLT_taken=0 | PCSrc=1 | next_PC=28
Time=865000 | PC=28 | inst=02010c63 | state(x10)=1 | x2=22 | x1=0 | LEDs=0000000000010110 | ALUResult=00000016 | MemWrite=0 | address=00000016 | write_data=00000000
BRANCH | PC=28 | inst=02010c63 | funct3=000 | rs1=x2 | rs2=x0 | imm=56 | ALUResult=00000016 | zero=0 | BLT_taken=0 | PCSrc=0 | next_PC=32
Time=875000 | PC=32 | inst=00202423 | state(x10)=1 | x2=22 | x1=0 | LEDs=0000000000001000 | ALUResult=00000008 | MemWrite=1 | address=00000008 | write_data=00000016
Time=885000 | PC=36 | inst=fff10113 | state(x10)=1 | x2=22 | x1=0 | LEDs=0000000000010111 | ALUResult=00000017 | MemWrite=0 | address=00000017 | write_data=00000000
Time=895000 | PC=40 | inst=fe000ae3 | state(x10)=1 | x2=23 | x1=0 | LEDs=0000000000000000 | ALUResult=00000000 | MemWrite=0 | address=00000000 | write_data=00000000
BRANCH | PC=40 | inst=fe000ae3 | funct3=000 | rs1=x0 | rs2=x0 | imm=-12 | ALUResult=00000000 | zero=1 | BLT_taken=0 | PCSrc=1 | next_PC=28
Time=905000 | PC=28 | inst=02010c63 | state(x10)=1 | x2=23 | x1=0 | LEDs=0000000000010111 | ALUResult=00000017 | MemWrite=0 | address=00000017 | write_data=00000000
BRANCH | PC=28 | inst=02010c63 | funct3=000 | rs1=x2 | rs2=x0 | imm=56 | ALUResult=00000017 | zero=0 | BLT_taken=0 | PCSrc=0 | next_PC=32
Time=915000 | PC=32 | inst=00202423 | state(x10)=1 | x2=23 | x1=0 | LEDs=0000000000001000 | ALUResult=00000008 | MemWrite=1 | address=00000008 | write_data=00000017
Time=925000 | PC=36 | inst=fff10113 | state(x10)=1 | x2=23 | x1=0 | LEDs=0000000000011000 | ALUResult=00000018 | MemWrite=0 | address=00000018 | write_data=00000000
Time=935000 | PC=40 | inst=fe000ae3 | state(x10)=1 | x2=24 | x1=0 | LEDs=0000000000000000 | ALUResult=00000000 | MemWrite=0 | address=00000000 | write_data=00000000
BRANCH | PC=40 | inst=fe000ae3 | funct3=000 | rs1=x0 | rs2=x0 | imm=-12 | ALUResult=00000000 | zero=1 | BLT_taken=0 | PCSrc=1 | next_PC=28
Time=945000 | PC=28 | inst=02010c63 | state(x10)=1 | x2=24 | x1=0 | LEDs=0000000000011000 | ALUResult=00000018 | MemWrite=0 | address=00000018 | write_data=00000000
BRANCH | PC=28 | inst=02010c63 | funct3=000 | rs1=x2 | rs2=x0 | imm=56 | ALUResult=00000018 | zero=0 | BLT_taken=0 | PCSrc=0 | next_PC=32
Time=955000 | PC=32 | inst=00202423 | state(x10)=1 | x2=24 | x1=0 | LEDs=0000000000001000 | ALUResult=00000008 | MemWrite=1 | address=00000008 | write_data=00000018
Time=965000 | PC=36 | inst=fff10113 | state(x10)=1 | x2=24 | x1=0 | LEDs=0000000000011001 | ALUResult=00000019 | MemWrite=0 | address=00000019 | write_data=00000000
Time=975000 | PC=40 | inst=fe000ae3 | state(x10)=1 | x2=25 | x1=0 | LEDs=0000000000000000 | ALUResult=00000000 | MemWrite=0 | address=00000000 | write_data=00000000
BRANCH | PC=40 | inst=fe000ae3 | funct3=000 | rs1=x0 | rs2=x0 | imm=-12 | ALUResult=00000000 | zero=1 | BLT_taken=0 | PCSrc=1 | next_PC=28
Time=985000 | PC=28 | inst=02010c63 | state(x10)=1 | x2=25 | x1=0 | LEDs=0000000000011001 | ALUResult=00000019 | MemWrite=0 | address=00000019 | write_data=00000000
BRANCH | PC=28 | inst=02010c63 | funct3=000 | rs1=x2 | rs2=x0 | imm=56 | ALUResult=00000019 | zero=0 | BLT_taken=0 | PCSrc=0 | next_PC=32
Time=995000 | PC=32 | inst=00202423 | state(x10)=1 | x2=25 | x1=0 | LEDs=0000000000001000 | ALUResult=00000008 | MemWrite=1 | address=00000008 | write_data=00000019
relaunch_sim: Time (s): cpu = 00:00:03 ; elapsed = 00:00:07 . Memory (MB): peak = 1054.141 ; gain = 0.000
close_sim
INFO: [Simtcl 6-16] Simulation closed
launch_simulation
Command: launch_simulation 
INFO: [Vivado 12-5682] Launching behavioral simulation in 'C:/Users/tau/Documents/CA-Labs-T1/TopProcessor/lab11.sim/sim_1/behav/xsim'
INFO: [SIM-utils-51] Simulation object is 'sim_1'
INFO: [SIM-utils-54] Inspecting design source files for 'tb_countdown' in fileset 'sim_1'...
INFO: [SIM-utils-43] Exported 'C:/Users/tau/Documents/CA-Labs-T1/TopProcessor/lab11.sim/sim_1/behav/xsim/instructions.mem'
INFO: [SIM-utils-43] Exported 'C:/Users/tau/Documents/CA-Labs-T1/TopProcessor/lab11.sim/sim_1/behav/xsim/instructions_task1.mem'
INFO: [SIM-utils-43] Exported 'C:/Users/tau/Documents/CA-Labs-T1/TopProcessor/lab11.sim/sim_1/behav/xsim/instructions.mem'
INFO: [SIM-utils-43] Exported 'C:/Users/tau/Documents/CA-Labs-T1/TopProcessor/lab11.sim/sim_1/behav/xsim/instructions_task1.mem'
INFO: [USF-XSim-97] Finding global include files...
INFO: [USF-XSim-98] Fetching design files from 'sim_1'...
INFO: [USF-XSim-2] XSim::Compile design
INFO: [USF-XSim-61] Executing 'COMPILE and ANALYZE' step in 'C:/Users/tau/Documents/CA-Labs-T1/TopProcessor/lab11.sim/sim_1/behav/xsim'
"xvlog --incr --relax -prj tb_countdown_vlog.prj"
INFO: [USF-XSim-69] 'compile' step finished in '1' seconds
INFO: [USF-XSim-3] XSim::Elaborate design
INFO: [USF-XSim-61] Executing 'ELABORATE' step in 'C:/Users/tau/Documents/CA-Labs-T1/TopProcessor/lab11.sim/sim_1/behav/xsim'
"xelab -wto f8d01134f7dc4a89acf0d8e4e2a22205 --incr --debug typical --relax --mt 2 -L xil_defaultlib -L unisims_ver -L unimacro_ver -L secureip --snapshot tb_countdown_behav xil_defaultlib.tb_countdown xil_defaultlib.glbl -log elaborate.log"
Vivado Simulator 2020.1
Copyright 1986-1999, 2001-2020 Xilinx, Inc. All Rights Reserved.
Running: C:/Xilinx/Vivado/2020.1/bin/unwrapped/win64.o/xelab.exe -wto f8d01134f7dc4a89acf0d8e4e2a22205 --incr --debug typical --relax --mt 2 -L xil_defaultlib -L unisims_ver -L unimacro_ver -L secureip --snapshot tb_countdown_behav xil_defaultlib.tb_countdown xil_defaultlib.glbl -log elaborate.log 
Using 2 slave threads.
Starting static elaboration
Pass Through NonSizing Optimizer
Completed static elaboration
INFO: [XSIM 43-4323] No Change in HDL. Linking previously generated obj files to create kernel
INFO: [USF-XSim-69] 'elaborate' step finished in '2' seconds
INFO: [USF-XSim-4] XSim::Simulate design
INFO: [USF-XSim-61] Executing 'SIMULATE' step in 'C:/Users/tau/Documents/CA-Labs-T1/TopProcessor/lab11.sim/sim_1/behav/xsim'
INFO: [USF-XSim-98] *** Running xsim
   with args "tb_countdown_behav -key {Behavioral:sim_1:Functional:tb_countdown} -tclbatch {tb_countdown.tcl} -log {simulate.log}"
INFO: [USF-XSim-8] Loading simulator feature
Vivado Simulator 2020.1
Time resolution is 1 ps
source tb_countdown.tcl
# set curr_wave [current_wave_config]
# if { [string length $curr_wave] == 0 } {
#   if { [llength [get_objects]] > 0} {
#     add_wave /
#     set_property needs_save false [current_wave_config]
#   } else {
#      send_msg_id Add_Wave-1 WARNING "No top level signals found. Simulator will start without a wave window. If you want to open a wave window go to 'File->New Waveform Configuration' or type 'create_wave_config' in the TCL console."
#   }
# }
# run 1000ns
Time=25000 | PC=0 | inst=00000513 | state(x10)=0 | x2=0 | x1=0 | LEDs=0000000000000000 | ALUResult=00000000 | MemWrite=0 | address=00000000 | write_data=00000000
Time=35000 | PC=4 | inst=00500113 | state(x10)=0 | x2=0 | x1=0 | LEDs=0000000000000101 | ALUResult=00000005 | MemWrite=0 | address=00000005 | write_data=00000000
Time=45000 | PC=8 | inst=00202223 | state(x10)=0 | x2=5 | x1=0 | LEDs=0000000000000100 | ALUResult=00000004 | MemWrite=1 | address=00000004 | write_data=00000005
Time=55000 | PC=12 | inst=00002083 | state(x10)=0 | x2=5 | x1=0 | LEDs=0000000000000000 | ALUResult=00000000 | MemWrite=0 | address=00000000 | write_data=00000000
Time=65000 | PC=16 | inst=00100193 | state(x10)=0 | x2=5 | x1=0 | LEDs=0000000000000001 | ALUResult=00000001 | MemWrite=0 | address=00000001 | write_data=00000000
Time=75000 | PC=20 | inst=02308663 | state(x10)=0 | x2=5 | x1=0 | LEDs=1111111111111111 | ALUResult=ffffffff | MemWrite=0 | address=ffffffff | write_data=00000001
BRANCH | PC=20 | inst=02308663 | funct3=000 | rs1=x1 | rs2=x3 | imm=44 | ALUResult=ffffffff | zero=0 | BLT_taken=0 | PCSrc=0 | next_PC=24
Time=85000 | PC=24 | inst=00050a63 | state(x10)=0 | x2=5 | x1=0 | LEDs=0000000000000000 | ALUResult=00000000 | MemWrite=0 | address=00000000 | write_data=00000000
BRANCH | PC=24 | inst=00050a63 | funct3=000 | rs1=x10 | rs2=x0 | imm=20 | ALUResult=00000000 | zero=1 | BLT_taken=0 | PCSrc=1 | next_PC=44
Time=95000 | PC=44 | inst=00402103 | state(x10)=0 | x2=5 | x1=0 | LEDs=0000000000000100 | ALUResult=00000004 | MemWrite=0 | address=00000004 | write_data=00000000
Time=105000 | PC=48 | inst=fc010ee3 | state(x10)=0 | x2=5 | x1=0 | LEDs=0000000000000101 | ALUResult=00000005 | MemWrite=0 | address=00000005 | write_data=00000000
BRANCH | PC=48 | inst=fc010ee3 | funct3=000 | rs1=x2 | rs2=x0 | imm=-36 | ALUResult=00000005 | zero=0 | BLT_taken=0 | PCSrc=0 | next_PC=52
Time=115000 | PC=52 | inst=00202423 | state(x10)=0 | x2=5 | x1=0 | LEDs=0000000000001000 | ALUResult=00000008 | MemWrite=1 | address=00000008 | write_data=00000005

=== AFTER INIT ===
state(x10) = 0 (expected 0)
x2 = 5 (expected 5)
memory[4] = 5 (expected 5)
Time=125000 | PC=56 | inst=00100513 | state(x10)=0 | x2=5 | x1=0 | LEDs=0000000000000001 | ALUResult=00000001 | MemWrite=0 | address=00000001 | write_data=00000000
Time=135000 | PC=60 | inst=fc0008e3 | state(x10)=1 | x2=5 | x1=0 | LEDs=0000000000000000 | ALUResult=00000000 | MemWrite=0 | address=00000000 | write_data=00000000
BRANCH | PC=60 | inst=fc0008e3 | funct3=000 | rs1=x0 | rs2=x0 | imm=-48 | ALUResult=00000000 | zero=1 | BLT_taken=0 | PCSrc=1 | next_PC=12
Time=145000 | PC=12 | inst=00002083 | state(x10)=1 | x2=5 | x1=0 | LEDs=0000000000000000 | ALUResult=00000000 | MemWrite=0 | address=00000000 | write_data=00000000
Time=155000 | PC=16 | inst=00100193 | state(x10)=1 | x2=5 | x1=0 | LEDs=0000000000000001 | ALUResult=00000001 | MemWrite=0 | address=00000001 | write_data=00000000
Time=165000 | PC=20 | inst=02308663 | state(x10)=1 | x2=5 | x1=0 | LEDs=1111111111111111 | ALUResult=ffffffff | MemWrite=0 | address=ffffffff | write_data=00000001
BRANCH | PC=20 | inst=02308663 | funct3=000 | rs1=x1 | rs2=x3 | imm=44 | ALUResult=ffffffff | zero=0 | BLT_taken=0 | PCSrc=0 | next_PC=24
Time=175000 | PC=24 | inst=00050a63 | state(x10)=1 | x2=5 | x1=0 | LEDs=0000000000000001 | ALUResult=00000001 | MemWrite=0 | address=00000001 | write_data=00000000
BRANCH | PC=24 | inst=00050a63 | funct3=000 | rs1=x10 | rs2=x0 | imm=20 | ALUResult=00000001 | zero=0 | BLT_taken=0 | PCSrc=0 | next_PC=28
Time=185000 | PC=28 | inst=02010c63 | state(x10)=1 | x2=5 | x1=0 | LEDs=0000000000000101 | ALUResult=00000005 | MemWrite=0 | address=00000005 | write_data=00000000
BRANCH | PC=28 | inst=02010c63 | funct3=000 | rs1=x2 | rs2=x0 | imm=56 | ALUResult=00000005 | zero=0 | BLT_taken=0 | PCSrc=0 | next_PC=32
Time=195000 | PC=32 | inst=00202423 | state(x10)=1 | x2=5 | x1=0 | LEDs=0000000000001000 | ALUResult=00000008 | MemWrite=1 | address=00000008 | write_data=00000005
Time=205000 | PC=36 | inst=fff10113 | state(x10)=1 | x2=5 | x1=0 | LEDs=0000000000000110 | ALUResult=00000006 | MemWrite=0 | address=00000006 | write_data=00000000
Time=215000 | PC=40 | inst=fe000ae3 | state(x10)=1 | x2=6 | x1=0 | LEDs=0000000000000000 | ALUResult=00000000 | MemWrite=0 | address=00000000 | write_data=00000000
BRANCH | PC=40 | inst=fe000ae3 | funct3=000 | rs1=x0 | rs2=x0 | imm=-12 | ALUResult=00000000 | zero=1 | BLT_taken=0 | PCSrc=1 | next_PC=28
Time=225000 | PC=28 | inst=02010c63 | state(x10)=1 | x2=6 | x1=0 | LEDs=0000000000000110 | ALUResult=00000006 | MemWrite=0 | address=00000006 | write_data=00000000
BRANCH | PC=28 | inst=02010c63 | funct3=000 | rs1=x2 | rs2=x0 | imm=56 | ALUResult=00000006 | zero=0 | BLT_taken=0 | PCSrc=0 | next_PC=32
Time=235000 | PC=32 | inst=00202423 | state(x10)=1 | x2=6 | x1=0 | LEDs=0000000000001000 | ALUResult=00000008 | MemWrite=1 | address=00000008 | write_data=00000006
Time=245000 | PC=36 | inst=fff10113 | state(x10)=1 | x2=6 | x1=0 | LEDs=0000000000000111 | ALUResult=00000007 | MemWrite=0 | address=00000007 | write_data=00000000
Time=255000 | PC=40 | inst=fe000ae3 | state(x10)=1 | x2=7 | x1=0 | LEDs=0000000000000000 | ALUResult=00000000 | MemWrite=0 | address=00000000 | write_data=00000000
BRANCH | PC=40 | inst=fe000ae3 | funct3=000 | rs1=x0 | rs2=x0 | imm=-12 | ALUResult=00000000 | zero=1 | BLT_taken=0 | PCSrc=1 | next_PC=28
Time=265000 | PC=28 | inst=02010c63 | state(x10)=1 | x2=7 | x1=0 | LEDs=0000000000000111 | ALUResult=00000007 | MemWrite=0 | address=00000007 | write_data=00000000
BRANCH | PC=28 | inst=02010c63 | funct3=000 | rs1=x2 | rs2=x0 | imm=56 | ALUResult=00000007 | zero=0 | BLT_taken=0 | PCSrc=0 | next_PC=32
Time=275000 | PC=32 | inst=00202423 | state(x10)=1 | x2=7 | x1=0 | LEDs=0000000000001000 | ALUResult=00000008 | MemWrite=1 | address=00000008 | write_data=00000007
Time=285000 | PC=36 | inst=fff10113 | state(x10)=1 | x2=7 | x1=0 | LEDs=0000000000001000 | ALUResult=00000008 | MemWrite=0 | address=00000008 | write_data=00000000
Time=295000 | PC=40 | inst=fe000ae3 | state(x10)=1 | x2=8 | x1=0 | LEDs=0000000000000000 | ALUResult=00000000 | MemWrite=0 | address=00000000 | write_data=00000000
BRANCH | PC=40 | inst=fe000ae3 | funct3=000 | rs1=x0 | rs2=x0 | imm=-12 | ALUResult=00000000 | zero=1 | BLT_taken=0 | PCSrc=1 | next_PC=28
Time=305000 | PC=28 | inst=02010c63 | state(x10)=1 | x2=8 | x1=0 | LEDs=0000000000001000 | ALUResult=00000008 | MemWrite=0 | address=00000008 | write_data=00000000
BRANCH | PC=28 | inst=02010c63 | funct3=000 | rs1=x2 | rs2=x0 | imm=56 | ALUResult=00000008 | zero=0 | BLT_taken=0 | PCSrc=0 | next_PC=32
Time=315000 | PC=32 | inst=00202423 | state(x10)=1 | x2=8 | x1=0 | LEDs=0000000000001000 | ALUResult=00000008 | MemWrite=1 | address=00000008 | write_data=00000008

=== AFTER INPUT STATE ===
state(x10) = 1 (expected 1 = COUNTDOWN)
x2 = 8 (expected 5)
Time=325000 | PC=36 | inst=fff10113 | state(x10)=1 | x2=8 | x1=0 | LEDs=0000000000001001 | ALUResult=00000009 | MemWrite=0 | address=00000009 | write_data=00000000
Time=335000 | PC=40 | inst=fe000ae3 | state(x10)=1 | x2=9 | x1=0 | LEDs=0000000000000000 | ALUResult=00000000 | MemWrite=0 | address=00000000 | write_data=00000000
BRANCH | PC=40 | inst=fe000ae3 | funct3=000 | rs1=x0 | rs2=x0 | imm=-12 | ALUResult=00000000 | zero=1 | BLT_taken=0 | PCSrc=1 | next_PC=28
Time=345000 | PC=28 | inst=02010c63 | state(x10)=1 | x2=9 | x1=0 | LEDs=0000000000001001 | ALUResult=00000009 | MemWrite=0 | address=00000009 | write_data=00000000
BRANCH | PC=28 | inst=02010c63 | funct3=000 | rs1=x2 | rs2=x0 | imm=56 | ALUResult=00000009 | zero=0 | BLT_taken=0 | PCSrc=0 | next_PC=32
Time=355000 | PC=32 | inst=00202423 | state(x10)=1 | x2=9 | x1=0 | LEDs=0000000000001000 | ALUResult=00000008 | MemWrite=1 | address=00000008 | write_data=00000009
Time=365000 | PC=36 | inst=fff10113 | state(x10)=1 | x2=9 | x1=0 | LEDs=0000000000001010 | ALUResult=0000000a | MemWrite=0 | address=0000000a | write_data=00000000
Time=375000 | PC=40 | inst=fe000ae3 | state(x10)=1 | x2=10 | x1=0 | LEDs=0000000000000000 | ALUResult=00000000 | MemWrite=0 | address=00000000 | write_data=00000000
BRANCH | PC=40 | inst=fe000ae3 | funct3=000 | rs1=x0 | rs2=x0 | imm=-12 | ALUResult=00000000 | zero=1 | BLT_taken=0 | PCSrc=1 | next_PC=28
Time=385000 | PC=28 | inst=02010c63 | state(x10)=1 | x2=10 | x1=0 | LEDs=0000000000001010 | ALUResult=0000000a | MemWrite=0 | address=0000000a | write_data=00000000
BRANCH | PC=28 | inst=02010c63 | funct3=000 | rs1=x2 | rs2=x0 | imm=56 | ALUResult=0000000a | zero=0 | BLT_taken=0 | PCSrc=0 | next_PC=32
Time=395000 | PC=32 | inst=00202423 | state(x10)=1 | x2=10 | x1=0 | LEDs=0000000000001000 | ALUResult=00000008 | MemWrite=1 | address=00000008 | write_data=0000000a
Time=405000 | PC=36 | inst=fff10113 | state(x10)=1 | x2=10 | x1=0 | LEDs=0000000000001011 | ALUResult=0000000b | MemWrite=0 | address=0000000b | write_data=00000000
Time=415000 | PC=40 | inst=fe000ae3 | state(x10)=1 | x2=11 | x1=0 | LEDs=0000000000000000 | ALUResult=00000000 | MemWrite=0 | address=00000000 | write_data=00000000
BRANCH | PC=40 | inst=fe000ae3 | funct3=000 | rs1=x0 | rs2=x0 | imm=-12 | ALUResult=00000000 | zero=1 | BLT_taken=0 | PCSrc=1 | next_PC=28
Time=425000 | PC=28 | inst=02010c63 | state(x10)=1 | x2=11 | x1=0 | LEDs=0000000000001011 | ALUResult=0000000b | MemWrite=0 | address=0000000b | write_data=00000000
BRANCH | PC=28 | inst=02010c63 | funct3=000 | rs1=x2 | rs2=x0 | imm=56 | ALUResult=0000000b | zero=0 | BLT_taken=0 | PCSrc=0 | next_PC=32
Time=435000 | PC=32 | inst=00202423 | state(x10)=1 | x2=11 | x1=0 | LEDs=0000000000001000 | ALUResult=00000008 | MemWrite=1 | address=00000008 | write_data=0000000b
Time=445000 | PC=36 | inst=fff10113 | state(x10)=1 | x2=11 | x1=0 | LEDs=0000000000001100 | ALUResult=0000000c | MemWrite=0 | address=0000000c | write_data=00000000
Time=455000 | PC=40 | inst=fe000ae3 | state(x10)=1 | x2=12 | x1=0 | LEDs=0000000000000000 | ALUResult=00000000 | MemWrite=0 | address=00000000 | write_data=00000000
BRANCH | PC=40 | inst=fe000ae3 | funct3=000 | rs1=x0 | rs2=x0 | imm=-12 | ALUResult=00000000 | zero=1 | BLT_taken=0 | PCSrc=1 | next_PC=28
Time=465000 | PC=28 | inst=02010c63 | state(x10)=1 | x2=12 | x1=0 | LEDs=0000000000001100 | ALUResult=0000000c | MemWrite=0 | address=0000000c | write_data=00000000
BRANCH | PC=28 | inst=02010c63 | funct3=000 | rs1=x2 | rs2=x0 | imm=56 | ALUResult=0000000c | zero=0 | BLT_taken=0 | PCSrc=0 | next_PC=32
Time=475000 | PC=32 | inst=00202423 | state(x10)=1 | x2=12 | x1=0 | LEDs=0000000000001000 | ALUResult=00000008 | MemWrite=1 | address=00000008 | write_data=0000000c
Time=485000 | PC=36 | inst=fff10113 | state(x10)=1 | x2=12 | x1=0 | LEDs=0000000000001101 | ALUResult=0000000d | MemWrite=0 | address=0000000d | write_data=00000000
Time=495000 | PC=40 | inst=fe000ae3 | state(x10)=1 | x2=13 | x1=0 | LEDs=0000000000000000 | ALUResult=00000000 | MemWrite=0 | address=00000000 | write_data=00000000
BRANCH | PC=40 | inst=fe000ae3 | funct3=000 | rs1=x0 | rs2=x0 | imm=-12 | ALUResult=00000000 | zero=1 | BLT_taken=0 | PCSrc=1 | next_PC=28
Time=505000 | PC=28 | inst=02010c63 | state(x10)=1 | x2=13 | x1=0 | LEDs=0000000000001101 | ALUResult=0000000d | MemWrite=0 | address=0000000d | write_data=00000000
BRANCH | PC=28 | inst=02010c63 | funct3=000 | rs1=x2 | rs2=x0 | imm=56 | ALUResult=0000000d | zero=0 | BLT_taken=0 | PCSrc=0 | next_PC=32
Time=515000 | PC=32 | inst=00202423 | state(x10)=1 | x2=13 | x1=0 | LEDs=0000000000001000 | ALUResult=00000008 | MemWrite=1 | address=00000008 | write_data=0000000d
Time=525000 | PC=36 | inst=fff10113 | state(x10)=1 | x2=13 | x1=0 | LEDs=0000000000001110 | ALUResult=0000000e | MemWrite=0 | address=0000000e | write_data=00000000
Time=535000 | PC=40 | inst=fe000ae3 | state(x10)=1 | x2=14 | x1=0 | LEDs=0000000000000000 | ALUResult=00000000 | MemWrite=0 | address=00000000 | write_data=00000000
BRANCH | PC=40 | inst=fe000ae3 | funct3=000 | rs1=x0 | rs2=x0 | imm=-12 | ALUResult=00000000 | zero=1 | BLT_taken=0 | PCSrc=1 | next_PC=28
Time=545000 | PC=28 | inst=02010c63 | state(x10)=1 | x2=14 | x1=0 | LEDs=0000000000001110 | ALUResult=0000000e | MemWrite=0 | address=0000000e | write_data=00000000
BRANCH | PC=28 | inst=02010c63 | funct3=000 | rs1=x2 | rs2=x0 | imm=56 | ALUResult=0000000e | zero=0 | BLT_taken=0 | PCSrc=0 | next_PC=32
Time=555000 | PC=32 | inst=00202423 | state(x10)=1 | x2=14 | x1=0 | LEDs=0000000000001000 | ALUResult=00000008 | MemWrite=1 | address=00000008 | write_data=0000000e
Time=565000 | PC=36 | inst=fff10113 | state(x10)=1 | x2=14 | x1=0 | LEDs=0000000000001111 | ALUResult=0000000f | MemWrite=0 | address=0000000f | write_data=00000000
Time=575000 | PC=40 | inst=fe000ae3 | state(x10)=1 | x2=15 | x1=0 | LEDs=0000000000000000 | ALUResult=00000000 | MemWrite=0 | address=00000000 | write_data=00000000
BRANCH | PC=40 | inst=fe000ae3 | funct3=000 | rs1=x0 | rs2=x0 | imm=-12 | ALUResult=00000000 | zero=1 | BLT_taken=0 | PCSrc=1 | next_PC=28
Time=585000 | PC=28 | inst=02010c63 | state(x10)=1 | x2=15 | x1=0 | LEDs=0000000000001111 | ALUResult=0000000f | MemWrite=0 | address=0000000f | write_data=00000000
BRANCH | PC=28 | inst=02010c63 | funct3=000 | rs1=x2 | rs2=x0 | imm=56 | ALUResult=0000000f | zero=0 | BLT_taken=0 | PCSrc=0 | next_PC=32
Time=595000 | PC=32 | inst=00202423 | state(x10)=1 | x2=15 | x1=0 | LEDs=0000000000001000 | ALUResult=00000008 | MemWrite=1 | address=00000008 | write_data=0000000f
Time=605000 | PC=36 | inst=fff10113 | state(x10)=1 | x2=15 | x1=0 | LEDs=0000000000010000 | ALUResult=00000010 | MemWrite=0 | address=00000010 | write_data=00000000
Time=615000 | PC=40 | inst=fe000ae3 | state(x10)=1 | x2=16 | x1=0 | LEDs=0000000000000000 | ALUResult=00000000 | MemWrite=0 | address=00000000 | write_data=00000000
BRANCH | PC=40 | inst=fe000ae3 | funct3=000 | rs1=x0 | rs2=x0 | imm=-12 | ALUResult=00000000 | zero=1 | BLT_taken=0 | PCSrc=1 | next_PC=28
Time=625000 | PC=28 | inst=02010c63 | state(x10)=1 | x2=16 | x1=0 | LEDs=0000000000010000 | ALUResult=00000010 | MemWrite=0 | address=00000010 | write_data=00000000
BRANCH | PC=28 | inst=02010c63 | funct3=000 | rs1=x2 | rs2=x0 | imm=56 | ALUResult=00000010 | zero=0 | BLT_taken=0 | PCSrc=0 | next_PC=32
Time=635000 | PC=32 | inst=00202423 | state(x10)=1 | x2=16 | x1=0 | LEDs=0000000000001000 | ALUResult=00000008 | MemWrite=1 | address=00000008 | write_data=00000010
Time=645000 | PC=36 | inst=fff10113 | state(x10)=1 | x2=16 | x1=0 | LEDs=0000000000010001 | ALUResult=00000011 | MemWrite=0 | address=00000011 | write_data=00000000
Time=655000 | PC=40 | inst=fe000ae3 | state(x10)=1 | x2=17 | x1=0 | LEDs=0000000000000000 | ALUResult=00000000 | MemWrite=0 | address=00000000 | write_data=00000000
BRANCH | PC=40 | inst=fe000ae3 | funct3=000 | rs1=x0 | rs2=x0 | imm=-12 | ALUResult=00000000 | zero=1 | BLT_taken=0 | PCSrc=1 | next_PC=28
Time=665000 | PC=28 | inst=02010c63 | state(x10)=1 | x2=17 | x1=0 | LEDs=0000000000010001 | ALUResult=00000011 | MemWrite=0 | address=00000011 | write_data=00000000
BRANCH | PC=28 | inst=02010c63 | funct3=000 | rs1=x2 | rs2=x0 | imm=56 | ALUResult=00000011 | zero=0 | BLT_taken=0 | PCSrc=0 | next_PC=32
Time=675000 | PC=32 | inst=00202423 | state(x10)=1 | x2=17 | x1=0 | LEDs=0000000000001000 | ALUResult=00000008 | MemWrite=1 | address=00000008 | write_data=00000011
Time=685000 | PC=36 | inst=fff10113 | state(x10)=1 | x2=17 | x1=0 | LEDs=0000000000010010 | ALUResult=00000012 | MemWrite=0 | address=00000012 | write_data=00000000
Time=695000 | PC=40 | inst=fe000ae3 | state(x10)=1 | x2=18 | x1=0 | LEDs=0000000000000000 | ALUResult=00000000 | MemWrite=0 | address=00000000 | write_data=00000000
BRANCH | PC=40 | inst=fe000ae3 | funct3=000 | rs1=x0 | rs2=x0 | imm=-12 | ALUResult=00000000 | zero=1 | BLT_taken=0 | PCSrc=1 | next_PC=28
Time=705000 | PC=28 | inst=02010c63 | state(x10)=1 | x2=18 | x1=0 | LEDs=0000000000010010 | ALUResult=00000012 | MemWrite=0 | address=00000012 | write_data=00000000
BRANCH | PC=28 | inst=02010c63 | funct3=000 | rs1=x2 | rs2=x0 | imm=56 | ALUResult=00000012 | zero=0 | BLT_taken=0 | PCSrc=0 | next_PC=32
Time=715000 | PC=32 | inst=00202423 | state(x10)=1 | x2=18 | x1=0 | LEDs=0000000000001000 | ALUResult=00000008 | MemWrite=1 | address=00000008 | write_data=00000012
Time=725000 | PC=36 | inst=fff10113 | state(x10)=1 | x2=18 | x1=0 | LEDs=0000000000010011 | ALUResult=00000013 | MemWrite=0 | address=00000013 | write_data=00000000
Time=735000 | PC=40 | inst=fe000ae3 | state(x10)=1 | x2=19 | x1=0 | LEDs=0000000000000000 | ALUResult=00000000 | MemWrite=0 | address=00000000 | write_data=00000000
BRANCH | PC=40 | inst=fe000ae3 | funct3=000 | rs1=x0 | rs2=x0 | imm=-12 | ALUResult=00000000 | zero=1 | BLT_taken=0 | PCSrc=1 | next_PC=28
Time=745000 | PC=28 | inst=02010c63 | state(x10)=1 | x2=19 | x1=0 | LEDs=0000000000010011 | ALUResult=00000013 | MemWrite=0 | address=00000013 | write_data=00000000
BRANCH | PC=28 | inst=02010c63 | funct3=000 | rs1=x2 | rs2=x0 | imm=56 | ALUResult=00000013 | zero=0 | BLT_taken=0 | PCSrc=0 | next_PC=32
Time=755000 | PC=32 | inst=00202423 | state(x10)=1 | x2=19 | x1=0 | LEDs=0000000000001000 | ALUResult=00000008 | MemWrite=1 | address=00000008 | write_data=00000013
Time=765000 | PC=36 | inst=fff10113 | state(x10)=1 | x2=19 | x1=0 | LEDs=0000000000010100 | ALUResult=00000014 | MemWrite=0 | address=00000014 | write_data=00000000
Time=775000 | PC=40 | inst=fe000ae3 | state(x10)=1 | x2=20 | x1=0 | LEDs=0000000000000000 | ALUResult=00000000 | MemWrite=0 | address=00000000 | write_data=00000000
BRANCH | PC=40 | inst=fe000ae3 | funct3=000 | rs1=x0 | rs2=x0 | imm=-12 | ALUResult=00000000 | zero=1 | BLT_taken=0 | PCSrc=1 | next_PC=28
Time=785000 | PC=28 | inst=02010c63 | state(x10)=1 | x2=20 | x1=0 | LEDs=0000000000010100 | ALUResult=00000014 | MemWrite=0 | address=00000014 | write_data=00000000
BRANCH | PC=28 | inst=02010c63 | funct3=000 | rs1=x2 | rs2=x0 | imm=56 | ALUResult=00000014 | zero=0 | BLT_taken=0 | PCSrc=0 | next_PC=32
Time=795000 | PC=32 | inst=00202423 | state(x10)=1 | x2=20 | x1=0 | LEDs=0000000000001000 | ALUResult=00000008 | MemWrite=1 | address=00000008 | write_data=00000014
Time=805000 | PC=36 | inst=fff10113 | state(x10)=1 | x2=20 | x1=0 | LEDs=0000000000010101 | ALUResult=00000015 | MemWrite=0 | address=00000015 | write_data=00000000
Time=815000 | PC=40 | inst=fe000ae3 | state(x10)=1 | x2=21 | x1=0 | LEDs=0000000000000000 | ALUResult=00000000 | MemWrite=0 | address=00000000 | write_data=00000000
BRANCH | PC=40 | inst=fe000ae3 | funct3=000 | rs1=x0 | rs2=x0 | imm=-12 | ALUResult=00000000 | zero=1 | BLT_taken=0 | PCSrc=1 | next_PC=28
Time=825000 | PC=28 | inst=02010c63 | state(x10)=1 | x2=21 | x1=0 | LEDs=0000000000010101 | ALUResult=00000015 | MemWrite=0 | address=00000015 | write_data=00000000
BRANCH | PC=28 | inst=02010c63 | funct3=000 | rs1=x2 | rs2=x0 | imm=56 | ALUResult=00000015 | zero=0 | BLT_taken=0 | PCSrc=0 | next_PC=32
Time=835000 | PC=32 | inst=00202423 | state(x10)=1 | x2=21 | x1=0 | LEDs=0000000000001000 | ALUResult=00000008 | MemWrite=1 | address=00000008 | write_data=00000015
Time=845000 | PC=36 | inst=fff10113 | state(x10)=1 | x2=21 | x1=0 | LEDs=0000000000010110 | ALUResult=00000016 | MemWrite=0 | address=00000016 | write_data=00000000
Time=855000 | PC=40 | inst=fe000ae3 | state(x10)=1 | x2=22 | x1=0 | LEDs=0000000000000000 | ALUResult=00000000 | MemWrite=0 | address=00000000 | write_data=00000000
BRANCH | PC=40 | inst=fe000ae3 | funct3=000 | rs1=x0 | rs2=x0 | imm=-12 | ALUResult=00000000 | zero=1 | BLT_taken=0 | PCSrc=1 | next_PC=28
Time=865000 | PC=28 | inst=02010c63 | state(x10)=1 | x2=22 | x1=0 | LEDs=0000000000010110 | ALUResult=00000016 | MemWrite=0 | address=00000016 | write_data=00000000
BRANCH | PC=28 | inst=02010c63 | funct3=000 | rs1=x2 | rs2=x0 | imm=56 | ALUResult=00000016 | zero=0 | BLT_taken=0 | PCSrc=0 | next_PC=32
Time=875000 | PC=32 | inst=00202423 | state(x10)=1 | x2=22 | x1=0 | LEDs=0000000000001000 | ALUResult=00000008 | MemWrite=1 | address=00000008 | write_data=00000016
Time=885000 | PC=36 | inst=fff10113 | state(x10)=1 | x2=22 | x1=0 | LEDs=0000000000010111 | ALUResult=00000017 | MemWrite=0 | address=00000017 | write_data=00000000
Time=895000 | PC=40 | inst=fe000ae3 | state(x10)=1 | x2=23 | x1=0 | LEDs=0000000000000000 | ALUResult=00000000 | MemWrite=0 | address=00000000 | write_data=00000000
BRANCH | PC=40 | inst=fe000ae3 | funct3=000 | rs1=x0 | rs2=x0 | imm=-12 | ALUResult=00000000 | zero=1 | BLT_taken=0 | PCSrc=1 | next_PC=28
Time=905000 | PC=28 | inst=02010c63 | state(x10)=1 | x2=23 | x1=0 | LEDs=0000000000010111 | ALUResult=00000017 | MemWrite=0 | address=00000017 | write_data=00000000
BRANCH | PC=28 | inst=02010c63 | funct3=000 | rs1=x2 | rs2=x0 | imm=56 | ALUResult=00000017 | zero=0 | BLT_taken=0 | PCSrc=0 | next_PC=32
Time=915000 | PC=32 | inst=00202423 | state(x10)=1 | x2=23 | x1=0 | LEDs=0000000000001000 | ALUResult=00000008 | MemWrite=1 | address=00000008 | write_data=00000017
Time=925000 | PC=36 | inst=fff10113 | state(x10)=1 | x2=23 | x1=0 | LEDs=0000000000011000 | ALUResult=00000018 | MemWrite=0 | address=00000018 | write_data=00000000
Time=935000 | PC=40 | inst=fe000ae3 | state(x10)=1 | x2=24 | x1=0 | LEDs=0000000000000000 | ALUResult=00000000 | MemWrite=0 | address=00000000 | write_data=00000000
BRANCH | PC=40 | inst=fe000ae3 | funct3=000 | rs1=x0 | rs2=x0 | imm=-12 | ALUResult=00000000 | zero=1 | BLT_taken=0 | PCSrc=1 | next_PC=28
Time=945000 | PC=28 | inst=02010c63 | state(x10)=1 | x2=24 | x1=0 | LEDs=0000000000011000 | ALUResult=00000018 | MemWrite=0 | address=00000018 | write_data=00000000
BRANCH | PC=28 | inst=02010c63 | funct3=000 | rs1=x2 | rs2=x0 | imm=56 | ALUResult=00000018 | zero=0 | BLT_taken=0 | PCSrc=0 | next_PC=32
Time=955000 | PC=32 | inst=00202423 | state(x10)=1 | x2=24 | x1=0 | LEDs=0000000000001000 | ALUResult=00000008 | MemWrite=1 | address=00000008 | write_data=00000018
Time=965000 | PC=36 | inst=fff10113 | state(x10)=1 | x2=24 | x1=0 | LEDs=0000000000011001 | ALUResult=00000019 | MemWrite=0 | address=00000019 | write_data=00000000
Time=975000 | PC=40 | inst=fe000ae3 | state(x10)=1 | x2=25 | x1=0 | LEDs=0000000000000000 | ALUResult=00000000 | MemWrite=0 | address=00000000 | write_data=00000000
BRANCH | PC=40 | inst=fe000ae3 | funct3=000 | rs1=x0 | rs2=x0 | imm=-12 | ALUResult=00000000 | zero=1 | BLT_taken=0 | PCSrc=1 | next_PC=28
Time=985000 | PC=28 | inst=02010c63 | state(x10)=1 | x2=25 | x1=0 | LEDs=0000000000011001 | ALUResult=00000019 | MemWrite=0 | address=00000019 | write_data=00000000
BRANCH | PC=28 | inst=02010c63 | funct3=000 | rs1=x2 | rs2=x0 | imm=56 | ALUResult=00000019 | zero=0 | BLT_taken=0 | PCSrc=0 | next_PC=32
Time=995000 | PC=32 | inst=00202423 | state(x10)=1 | x2=25 | x1=0 | LEDs=0000000000001000 | ALUResult=00000008 | MemWrite=1 | address=00000008 | write_data=00000019
INFO: [USF-XSim-96] XSim completed. Design snapshot 'tb_countdown_behav' loaded.
INFO: [USF-XSim-97] XSim simulation ran for 1000ns
launch_simulation: Time (s): cpu = 00:00:03 ; elapsed = 00:00:05 . Memory (MB): peak = 1054.141 ; gain = 0.000
current_wave_config {Untitled 11}
Untitled 11
add_wave {{/tb_countdown/uut/data_mem_inst/memory[8]}} 
relaunch_sim
