#-----------------------------------------------------------
# Vivado v2020.1 (64-bit)
# SW Build 2902540 on Wed May 27 19:54:49 MDT 2020
# IP Build 2902112 on Wed May 27 22:43:36 MDT 2020
# Start of session at: Wed Apr 29 15:35:19 2026
# Process ID: 6624
# Current directory: C:/Users/ha10609/Downloads/CA-Labs-T1/TopProcessor
# Command line: vivado.exe -gui_launcher_event rodinguilauncherevent10864 C:\Users\ha10609\Downloads\CA-Labs-T1\TopProcessor\lab11.xpr
# Log file: C:/Users/ha10609/Downloads/CA-Labs-T1/TopProcessor/vivado.log
# Journal file: C:/Users/ha10609/Downloads/CA-Labs-T1/TopProcessor\vivado.jou
#-----------------------------------------------------------
start_gui
open_project C:/Users/ha10609/Downloads/CA-Labs-T1/TopProcessor/lab11.xpr
Scanning sources...
Finished scanning sources
INFO: [IP_Flow 19-234] Refreshing IP repositories
INFO: [IP_Flow 19-1704] No user IP repositories specified
INFO: [IP_Flow 19-2313] Loaded Vivado IP repository 'C:/Xilinx/Vivado/2020.1/data/ip'.
update_compile_order -fileset sources_1
set_property top tb_countdown [get_filesets sim_1]
set_property top_lib xil_defaultlib [get_filesets sim_1]
update_compile_order -fileset sim_1
launch_simulation
Command: launch_simulation 
INFO: [Vivado 12-5682] Launching behavioral simulation in 'C:/Users/ha10609/Downloads/CA-Labs-T1/TopProcessor/lab11.sim/sim_1/behav/xsim'
INFO: [SIM-utils-51] Simulation object is 'sim_1'
INFO: [SIM-utils-54] Inspecting design source files for 'tb_countdown' in fileset 'sim_1'...
INFO: [SIM-utils-43] Exported 'C:/Users/ha10609/Downloads/CA-Labs-T1/TopProcessor/lab11.sim/sim_1/behav/xsim/instructions_task1.mem'
INFO: [SIM-utils-43] Exported 'C:/Users/ha10609/Downloads/CA-Labs-T1/TopProcessor/lab11.sim/sim_1/behav/xsim/instructions_task2.mem'
INFO: [SIM-utils-43] Exported 'C:/Users/ha10609/Downloads/CA-Labs-T1/TopProcessor/lab11.sim/sim_1/behav/xsim/instructions_task3.mem'
INFO: [USF-XSim-97] Finding global include files...
INFO: [USF-XSim-98] Fetching design files from 'sim_1'...
INFO: [USF-XSim-2] XSim::Compile design
INFO: [USF-XSim-61] Executing 'COMPILE and ANALYZE' step in 'C:/Users/ha10609/Downloads/CA-Labs-T1/TopProcessor/lab11.sim/sim_1/behav/xsim'
"xvlog --incr --relax -prj tb_countdown_vlog.prj"
INFO: [VRFC 10-2263] Analyzing Verilog file "C:/Users/ha10609/Downloads/CA-Labs-T1/TopProcessor/lab11.srcs/sources_1/new/2_MUX.v" into library xil_defaultlib
INFO: [VRFC 10-311] analyzing module branch_MUX
INFO: [VRFC 10-2263] Analyzing Verilog file "C:/Users/ha10609/Downloads/CA-Labs-T1/TopProcessor/lab11.srcs/sources_1/new/ALU.v" into library xil_defaultlib
INFO: [VRFC 10-311] analyzing module ALU
INFO: [VRFC 10-2263] Analyzing Verilog file "C:/Users/ha10609/Downloads/CA-Labs-T1/TopProcessor/lab11.srcs/sources_1/new/ALUControl.v" into library xil_defaultlib
INFO: [VRFC 10-311] analyzing module ALUControl
INFO: [VRFC 10-2263] Analyzing Verilog file "C:/Users/ha10609/Downloads/CA-Labs-T1/TopProcessor/lab11.srcs/sources_1/new/BranchAdd.v" into library xil_defaultlib
INFO: [VRFC 10-311] analyzing module BranchAdd
INFO: [VRFC 10-2263] Analyzing Verilog file "C:/Users/ha10609/Downloads/CA-Labs-T1/TopProcessor/lab11.srcs/sources_1/new/DataMemory.v" into library xil_defaultlib
INFO: [VRFC 10-311] analyzing module DataMemory
INFO: [VRFC 10-2263] Analyzing Verilog file "C:/Users/ha10609/Downloads/CA-Labs-T1/TopProcessor/lab11.srcs/sources_1/new/InstructionMemory.v" into library xil_defaultlib
INFO: [VRFC 10-311] analyzing module instructionMemory
INFO: [VRFC 10-2263] Analyzing Verilog file "C:/Users/ha10609/Downloads/CA-Labs-T1/TopProcessor/lab11.srcs/sources_1/new/MainControl.v" into library xil_defaultlib
INFO: [VRFC 10-311] analyzing module MainControl
INFO: [VRFC 10-2263] Analyzing Verilog file "C:/Users/ha10609/Downloads/CA-Labs-T1/TopProcessor/lab11.srcs/sources_1/new/PC.v" into library xil_defaultlib
INFO: [VRFC 10-311] analyzing module PC
INFO: [VRFC 10-2263] Analyzing Verilog file "C:/Users/ha10609/Downloads/CA-Labs-T1/TopProcessor/lab11.srcs/sources_1/new/PCAdder.v" into library xil_defaultlib
INFO: [VRFC 10-311] analyzing module PCAdder
INFO: [VRFC 10-2263] Analyzing Verilog file "C:/Users/ha10609/Downloads/CA-Labs-T1/TopProcessor/lab11.srcs/sources_1/new/Register.v" into library xil_defaultlib
INFO: [VRFC 10-311] analyzing module Register
INFO: [VRFC 10-2263] Analyzing Verilog file "C:/Users/ha10609/Downloads/CA-Labs-T1/TopProcessor/lab11.srcs/sources_1/new/TopProcessor.v" into library xil_defaultlib
INFO: [VRFC 10-311] analyzing module topProcessor
INFO: [VRFC 10-2263] Analyzing Verilog file "C:/Users/ha10609/Downloads/CA-Labs-T1/TopProcessor/lab11.srcs/sources_1/new/clockdivider.v" into library xil_defaultlib
INFO: [VRFC 10-311] analyzing module clockdivider
INFO: [VRFC 10-2263] Analyzing Verilog file "C:/Users/ha10609/Downloads/CA-Labs-T1/TopProcessor/lab11.srcs/sources_1/new/immGen.v" into library xil_defaultlib
INFO: [VRFC 10-311] analyzing module immGen
INFO: [VRFC 10-2263] Analyzing Verilog file "C:/Users/ha10609/Downloads/CA-Labs-T1/TopProcessor/lab11.srcs/sources_1/new/sevensegment.v" into library xil_defaultlib
INFO: [VRFC 10-311] analyzing module SevenSegment
INFO: [VRFC 10-2263] Analyzing Verilog file "C:/Users/ha10609/Downloads/CA-Labs-T1/TopProcessor/lab11.srcs/sources_1/new/top_module.v" into library xil_defaultlib
INFO: [VRFC 10-311] analyzing module TopModule
INFO: [VRFC 10-2263] Analyzing Verilog file "C:/Users/ha10609/Downloads/CA-Labs-T1/TopProcessor/lab11.srcs/sim_1/new/pc_tb.v" into library xil_defaultlib
INFO: [VRFC 10-311] analyzing module tb_countdown
INFO: [VRFC 10-2263] Analyzing Verilog file "C:/Users/ha10609/Downloads/CA-Labs-T1/TopProcessor/lab11.sim/sim_1/behav/xsim/glbl.v" into library xil_defaultlib
INFO: [VRFC 10-311] analyzing module glbl
INFO: [USF-XSim-69] 'compile' step finished in '1' seconds
INFO: [USF-XSim-3] XSim::Elaborate design
INFO: [USF-XSim-61] Executing 'ELABORATE' step in 'C:/Users/ha10609/Downloads/CA-Labs-T1/TopProcessor/lab11.sim/sim_1/behav/xsim'
"xelab -wto f8d01134f7dc4a89acf0d8e4e2a22205 --incr --debug typical --relax --mt 2 -L xil_defaultlib -L unisims_ver -L unimacro_ver -L secureip --snapshot tb_countdown_behav xil_defaultlib.tb_countdown xil_defaultlib.glbl -log elaborate.log"
Vivado Simulator 2020.1
Copyright 1986-1999, 2001-2020 Xilinx, Inc. All Rights Reserved.
Running: C:/Xilinx/Vivado/2020.1/bin/unwrapped/win64.o/xelab.exe -wto f8d01134f7dc4a89acf0d8e4e2a22205 --incr --debug typical --relax --mt 2 -L xil_defaultlib -L unisims_ver -L unimacro_ver -L secureip --snapshot tb_countdown_behav xil_defaultlib.tb_countdown xil_defaultlib.glbl -log elaborate.log 
Using 2 slave threads.
Starting static elaboration
Pass Through NonSizing Optimizer
Completed static elaboration
Starting simulation data flow analysis
Completed simulation data flow analysis
Time Resolution for simulation is 1ps
Compiling module xil_defaultlib.clockdivider
Compiling module xil_defaultlib.ALU
Compiling module xil_defaultlib.Register
Compiling module xil_defaultlib.DataMemory
Compiling module xil_defaultlib.MainControl
Compiling module xil_defaultlib.ALUControl
Compiling module xil_defaultlib.instructionMemory
Compiling module xil_defaultlib.branch_MUX
Compiling module xil_defaultlib.PC
Compiling module xil_defaultlib.PCAdder
Compiling module xil_defaultlib.BranchAdd
Compiling module xil_defaultlib.immGen
Compiling module xil_defaultlib.SevenSegment
Compiling module xil_defaultlib.topProcessor
Compiling module xil_defaultlib.TopModule
Compiling module xil_defaultlib.tb_countdown
Compiling module xil_defaultlib.glbl
Built simulation snapshot tb_countdown_behav
INFO: [USF-XSim-69] 'elaborate' step finished in '2' seconds
INFO: [USF-XSim-4] XSim::Simulate design
INFO: [USF-XSim-61] Executing 'SIMULATE' step in 'C:/Users/ha10609/Downloads/CA-Labs-T1/TopProcessor/lab11.sim/sim_1/behav/xsim'
INFO: [USF-XSim-98] *** Running xsim
   with args "tb_countdown_behav -key {Behavioral:sim_1:Functional:tb_countdown} -tclbatch {tb_countdown.tcl} -log {simulate.log}"
INFO: [USF-XSim-8] Loading simulator feature
Vivado Simulator 2020.1
Time resolution is 1 ps
source tb_countdown.tcl
# set curr_wave [current_wave_config]
# if { [string length $curr_wave] == 0 } {
#   if { [llength [get_objects]] > 0} {
#     add_wave /
#     set_property needs_save false [current_wave_config]
#   } else {
#      send_msg_id Add_Wave-1 WARNING "No top level signals found. Simulator will start without a wave window. If you want to open a wave window go to 'File->New Waveform Configuration' or type 'create_wave_config' in the TCL console."
#   }
# }
# run 1000ns
Time=25000 | PC=0 | inst=00000513 | state(x10)=0 | x2=0 | x1=0 | LEDs=0000000000000000 | ALUResult=00000000 | MemWrite=0 | address=00000000 | write_data=00000000
Time=35000 | PC=0 | inst=00000513 | state(x10)=0 | x2=0 | x1=0 | LEDs=0000000000000000 | ALUResult=00000000 | MemWrite=0 | address=00000000 | write_data=00000000
Time=45000 | PC=0 | inst=00000513 | state(x10)=0 | x2=0 | x1=0 | LEDs=0000000000000000 | ALUResult=00000000 | MemWrite=0 | address=00000000 | write_data=00000000
Time=55000 | PC=0 | inst=00000513 | state(x10)=0 | x2=0 | x1=0 | LEDs=0000000000000000 | ALUResult=00000000 | MemWrite=0 | address=00000000 | write_data=00000000
Time=65000 | PC=0 | inst=00000513 | state(x10)=0 | x2=0 | x1=0 | LEDs=0000000000000000 | ALUResult=00000000 | MemWrite=0 | address=00000000 | write_data=00000000
Time=75000 | PC=0 | inst=00000513 | state(x10)=0 | x2=0 | x1=0 | LEDs=0000000000000000 | ALUResult=00000000 | MemWrite=0 | address=00000000 | write_data=00000000
Time=85000 | PC=0 | inst=00000513 | state(x10)=0 | x2=0 | x1=0 | LEDs=0000000000000000 | ALUResult=00000000 | MemWrite=0 | address=00000000 | write_data=00000000
Time=95000 | PC=0 | inst=00000513 | state(x10)=0 | x2=0 | x1=0 | LEDs=0000000000000000 | ALUResult=00000000 | MemWrite=0 | address=00000000 | write_data=00000000
Time=105000 | PC=0 | inst=00000513 | state(x10)=0 | x2=0 | x1=0 | LEDs=0000000000000000 | ALUResult=00000000 | MemWrite=0 | address=00000000 | write_data=00000000
Time=115000 | PC=0 | inst=00000513 | state(x10)=0 | x2=0 | x1=0 | LEDs=0000000000000000 | ALUResult=00000000 | MemWrite=0 | address=00000000 | write_data=00000000

=== AFTER INIT ===
state(x10) = 0 (expected 0)
x2 = 0 (expected 5)
memory[4] = 0 (expected 5)
Time=125000 | PC=0 | inst=00000513 | state(x10)=0 | x2=0 | x1=0 | LEDs=0000000000000000 | ALUResult=00000000 | MemWrite=0 | address=00000000 | write_data=00000000
Time=135000 | PC=0 | inst=00000513 | state(x10)=0 | x2=0 | x1=0 | LEDs=0000000000000000 | ALUResult=00000000 | MemWrite=0 | address=00000000 | write_data=00000000
Time=145000 | PC=0 | inst=00000513 | state(x10)=0 | x2=0 | x1=0 | LEDs=0000000000000000 | ALUResult=00000000 | MemWrite=0 | address=00000000 | write_data=00000000
Time=155000 | PC=0 | inst=00000513 | state(x10)=0 | x2=0 | x1=0 | LEDs=0000000000000000 | ALUResult=00000000 | MemWrite=0 | address=00000000 | write_data=00000000
Time=165000 | PC=0 | inst=00000513 | state(x10)=0 | x2=0 | x1=0 | LEDs=0000000000000000 | ALUResult=00000000 | MemWrite=0 | address=00000000 | write_data=00000000
Time=175000 | PC=0 | inst=00000513 | state(x10)=0 | x2=0 | x1=0 | LEDs=0000000000000000 | ALUResult=00000000 | MemWrite=0 | address=00000000 | write_data=00000000
Time=185000 | PC=0 | inst=00000513 | state(x10)=0 | x2=0 | x1=0 | LEDs=0000000000000000 | ALUResult=00000000 | MemWrite=0 | address=00000000 | write_data=00000000
Time=195000 | PC=0 | inst=00000513 | state(x10)=0 | x2=0 | x1=0 | LEDs=0000000000000000 | ALUResult=00000000 | MemWrite=0 | address=00000000 | write_data=00000000
Time=205000 | PC=0 | inst=00000513 | state(x10)=0 | x2=0 | x1=0 | LEDs=0000000000000000 | ALUResult=00000000 | MemWrite=0 | address=00000000 | write_data=00000000
Time=215000 | PC=0 | inst=00000513 | state(x10)=0 | x2=0 | x1=0 | LEDs=0000000000000000 | ALUResult=00000000 | MemWrite=0 | address=00000000 | write_data=00000000
Time=225000 | PC=0 | inst=00000513 | state(x10)=0 | x2=0 | x1=0 | LEDs=0000000000000000 | ALUResult=00000000 | MemWrite=0 | address=00000000 | write_data=00000000
Time=235000 | PC=0 | inst=00000513 | state(x10)=0 | x2=0 | x1=0 | LEDs=0000000000000000 | ALUResult=00000000 | MemWrite=0 | address=00000000 | write_data=00000000
Time=245000 | PC=0 | inst=00000513 | state(x10)=0 | x2=0 | x1=0 | LEDs=0000000000000000 | ALUResult=00000000 | MemWrite=0 | address=00000000 | write_data=00000000
Time=255000 | PC=0 | inst=00000513 | state(x10)=0 | x2=0 | x1=0 | LEDs=0000000000000000 | ALUResult=00000000 | MemWrite=0 | address=00000000 | write_data=00000000
Time=265000 | PC=0 | inst=00000513 | state(x10)=0 | x2=0 | x1=0 | LEDs=0000000000000000 | ALUResult=00000000 | MemWrite=0 | address=00000000 | write_data=00000000
Time=275000 | PC=0 | inst=00000513 | state(x10)=0 | x2=0 | x1=0 | LEDs=0000000000000000 | ALUResult=00000000 | MemWrite=0 | address=00000000 | write_data=00000000
Time=285000 | PC=0 | inst=00000513 | state(x10)=0 | x2=0 | x1=0 | LEDs=0000000000000000 | ALUResult=00000000 | MemWrite=0 | address=00000000 | write_data=00000000
Time=295000 | PC=0 | inst=00000513 | state(x10)=0 | x2=0 | x1=0 | LEDs=0000000000000000 | ALUResult=00000000 | MemWrite=0 | address=00000000 | write_data=00000000
Time=305000 | PC=0 | inst=00000513 | state(x10)=0 | x2=0 | x1=0 | LEDs=0000000000000000 | ALUResult=00000000 | MemWrite=0 | address=00000000 | write_data=00000000
Time=315000 | PC=0 | inst=00000513 | state(x10)=0 | x2=0 | x1=0 | LEDs=0000000000000000 | ALUResult=00000000 | MemWrite=0 | address=00000000 | write_data=00000000

=== AFTER INPUT STATE ===
state(x10) = 0 (expected 1 = COUNTDOWN)
x2 = 0 (expected 5)
Time=325000 | PC=0 | inst=00000513 | state(x10)=0 | x2=0 | x1=0 | LEDs=0000000000000000 | ALUResult=00000000 | MemWrite=0 | address=00000000 | write_data=00000000
Time=335000 | PC=0 | inst=00000513 | state(x10)=0 | x2=0 | x1=0 | LEDs=0000000000000000 | ALUResult=00000000 | MemWrite=0 | address=00000000 | write_data=00000000
Time=345000 | PC=0 | inst=00000513 | state(x10)=0 | x2=0 | x1=0 | LEDs=0000000000000000 | ALUResult=00000000 | MemWrite=0 | address=00000000 | write_data=00000000
Time=355000 | PC=0 | inst=00000513 | state(x10)=0 | x2=0 | x1=0 | LEDs=0000000000000000 | ALUResult=00000000 | MemWrite=0 | address=00000000 | write_data=00000000
Time=365000 | PC=0 | inst=00000513 | state(x10)=0 | x2=0 | x1=0 | LEDs=0000000000000000 | ALUResult=00000000 | MemWrite=0 | address=00000000 | write_data=00000000
Time=375000 | PC=0 | inst=00000513 | state(x10)=0 | x2=0 | x1=0 | LEDs=0000000000000000 | ALUResult=00000000 | MemWrite=0 | address=00000000 | write_data=00000000
Time=385000 | PC=0 | inst=00000513 | state(x10)=0 | x2=0 | x1=0 | LEDs=0000000000000000 | ALUResult=00000000 | MemWrite=0 | address=00000000 | write_data=00000000
Time=395000 | PC=0 | inst=00000513 | state(x10)=0 | x2=0 | x1=0 | LEDs=0000000000000000 | ALUResult=00000000 | MemWrite=0 | address=00000000 | write_data=00000000
Time=405000 | PC=0 | inst=00000513 | state(x10)=0 | x2=0 | x1=0 | LEDs=0000000000000000 | ALUResult=00000000 | MemWrite=0 | address=00000000 | write_data=00000000
Time=415000 | PC=0 | inst=00000513 | state(x10)=0 | x2=0 | x1=0 | LEDs=0000000000000000 | ALUResult=00000000 | MemWrite=0 | address=00000000 | write_data=00000000
Time=425000 | PC=0 | inst=00000513 | state(x10)=0 | x2=0 | x1=0 | LEDs=0000000000000000 | ALUResult=00000000 | MemWrite=0 | address=00000000 | write_data=00000000
Time=435000 | PC=0 | inst=00000513 | state(x10)=0 | x2=0 | x1=0 | LEDs=0000000000000000 | ALUResult=00000000 | MemWrite=0 | address=00000000 | write_data=00000000
Time=445000 | PC=0 | inst=00000513 | state(x10)=0 | x2=0 | x1=0 | LEDs=0000000000000000 | ALUResult=00000000 | MemWrite=0 | address=00000000 | write_data=00000000
Time=455000 | PC=0 | inst=00000513 | state(x10)=0 | x2=0 | x1=0 | LEDs=0000000000000000 | ALUResult=00000000 | MemWrite=0 | address=00000000 | write_data=00000000
Time=465000 | PC=0 | inst=00000513 | state(x10)=0 | x2=0 | x1=0 | LEDs=0000000000000000 | ALUResult=00000000 | MemWrite=0 | address=00000000 | write_data=00000000
Time=475000 | PC=0 | inst=00000513 | state(x10)=0 | x2=0 | x1=0 | LEDs=0000000000000000 | ALUResult=00000000 | MemWrite=0 | address=00000000 | write_data=00000000
Time=485000 | PC=0 | inst=00000513 | state(x10)=0 | x2=0 | x1=0 | LEDs=0000000000000000 | ALUResult=00000000 | MemWrite=0 | address=00000000 | write_data=00000000
Time=495000 | PC=0 | inst=00000513 | state(x10)=0 | x2=0 | x1=0 | LEDs=0000000000000000 | ALUResult=00000000 | MemWrite=0 | address=00000000 | write_data=00000000
Time=505000 | PC=0 | inst=00000513 | state(x10)=0 | x2=0 | x1=0 | LEDs=0000000000000000 | ALUResult=00000000 | MemWrite=0 | address=00000000 | write_data=00000000
Time=515000 | PC=0 | inst=00000513 | state(x10)=0 | x2=0 | x1=0 | LEDs=0000000000000000 | ALUResult=00000000 | MemWrite=0 | address=00000000 | write_data=00000000
Time=525000 | PC=0 | inst=00000513 | state(x10)=0 | x2=0 | x1=0 | LEDs=0000000000000000 | ALUResult=00000000 | MemWrite=0 | address=00000000 | write_data=00000000
Time=535000 | PC=0 | inst=00000513 | state(x10)=0 | x2=0 | x1=0 | LEDs=0000000000000000 | ALUResult=00000000 | MemWrite=0 | address=00000000 | write_data=00000000
Time=545000 | PC=0 | inst=00000513 | state(x10)=0 | x2=0 | x1=0 | LEDs=0000000000000000 | ALUResult=00000000 | MemWrite=0 | address=00000000 | write_data=00000000
Time=555000 | PC=0 | inst=00000513 | state(x10)=0 | x2=0 | x1=0 | LEDs=0000000000000000 | ALUResult=00000000 | MemWrite=0 | address=00000000 | write_data=00000000
Time=565000 | PC=0 | inst=00000513 | state(x10)=0 | x2=0 | x1=0 | LEDs=0000000000000000 | ALUResult=00000000 | MemWrite=0 | address=00000000 | write_data=00000000
Time=575000 | PC=0 | inst=00000513 | state(x10)=0 | x2=0 | x1=0 | LEDs=0000000000000000 | ALUResult=00000000 | MemWrite=0 | address=00000000 | write_data=00000000
Time=585000 | PC=0 | inst=00000513 | state(x10)=0 | x2=0 | x1=0 | LEDs=0000000000000000 | ALUResult=00000000 | MemWrite=0 | address=00000000 | write_data=00000000
Time=595000 | PC=0 | inst=00000513 | state(x10)=0 | x2=0 | x1=0 | LEDs=0000000000000000 | ALUResult=00000000 | MemWrite=0 | address=00000000 | write_data=00000000
Time=605000 | PC=0 | inst=00000513 | state(x10)=0 | x2=0 | x1=0 | LEDs=0000000000000000 | ALUResult=00000000 | MemWrite=0 | address=00000000 | write_data=00000000
Time=615000 | PC=0 | inst=00000513 | state(x10)=0 | x2=0 | x1=0 | LEDs=0000000000000000 | ALUResult=00000000 | MemWrite=0 | address=00000000 | write_data=00000000
Time=625000 | PC=0 | inst=00000513 | state(x10)=0 | x2=0 | x1=0 | LEDs=0000000000000000 | ALUResult=00000000 | MemWrite=0 | address=00000000 | write_data=00000000
Time=635000 | PC=0 | inst=00000513 | state(x10)=0 | x2=0 | x1=0 | LEDs=0000000000000000 | ALUResult=00000000 | MemWrite=0 | address=00000000 | write_data=00000000
Time=645000 | PC=0 | inst=00000513 | state(x10)=0 | x2=0 | x1=0 | LEDs=0000000000000000 | ALUResult=00000000 | MemWrite=0 | address=00000000 | write_data=00000000
Time=655000 | PC=0 | inst=00000513 | state(x10)=0 | x2=0 | x1=0 | LEDs=0000000000000000 | ALUResult=00000000 | MemWrite=0 | address=00000000 | write_data=00000000
Time=665000 | PC=0 | inst=00000513 | state(x10)=0 | x2=0 | x1=0 | LEDs=0000000000000000 | ALUResult=00000000 | MemWrite=0 | address=00000000 | write_data=00000000
Time=675000 | PC=0 | inst=00000513 | state(x10)=0 | x2=0 | x1=0 | LEDs=0000000000000000 | ALUResult=00000000 | MemWrite=0 | address=00000000 | write_data=00000000
Time=685000 | PC=0 | inst=00000513 | state(x10)=0 | x2=0 | x1=0 | LEDs=0000000000000000 | ALUResult=00000000 | MemWrite=0 | address=00000000 | write_data=00000000
Time=695000 | PC=0 | inst=00000513 | state(x10)=0 | x2=0 | x1=0 | LEDs=0000000000000000 | ALUResult=00000000 | MemWrite=0 | address=00000000 | write_data=00000000
Time=705000 | PC=0 | inst=00000513 | state(x10)=0 | x2=0 | x1=0 | LEDs=0000000000000000 | ALUResult=00000000 | MemWrite=0 | address=00000000 | write_data=00000000
Time=715000 | PC=0 | inst=00000513 | state(x10)=0 | x2=0 | x1=0 | LEDs=0000000000000000 | ALUResult=00000000 | MemWrite=0 | address=00000000 | write_data=00000000
Time=725000 | PC=0 | inst=00000513 | state(x10)=0 | x2=0 | x1=0 | LEDs=0000000000000000 | ALUResult=00000000 | MemWrite=0 | address=00000000 | write_data=00000000
Time=735000 | PC=0 | inst=00000513 | state(x10)=0 | x2=0 | x1=0 | LEDs=0000000000000000 | ALUResult=00000000 | MemWrite=0 | address=00000000 | write_data=00000000
Time=745000 | PC=0 | inst=00000513 | state(x10)=0 | x2=0 | x1=0 | LEDs=0000000000000000 | ALUResult=00000000 | MemWrite=0 | address=00000000 | write_data=00000000
Time=755000 | PC=0 | inst=00000513 | state(x10)=0 | x2=0 | x1=0 | LEDs=0000000000000000 | ALUResult=00000000 | MemWrite=0 | address=00000000 | write_data=00000000
Time=765000 | PC=0 | inst=00000513 | state(x10)=0 | x2=0 | x1=0 | LEDs=0000000000000000 | ALUResult=00000000 | MemWrite=0 | address=00000000 | write_data=00000000
Time=775000 | PC=0 | inst=00000513 | state(x10)=0 | x2=0 | x1=0 | LEDs=0000000000000000 | ALUResult=00000000 | MemWrite=0 | address=00000000 | write_data=00000000
Time=785000 | PC=0 | inst=00000513 | state(x10)=0 | x2=0 | x1=0 | LEDs=0000000000000000 | ALUResult=00000000 | MemWrite=0 | address=00000000 | write_data=00000000
Time=795000 | PC=0 | inst=00000513 | state(x10)=0 | x2=0 | x1=0 | LEDs=0000000000000000 | ALUResult=00000000 | MemWrite=0 | address=00000000 | write_data=00000000
Time=805000 | PC=0 | inst=00000513 | state(x10)=0 | x2=0 | x1=0 | LEDs=0000000000000000 | ALUResult=00000000 | MemWrite=0 | address=00000000 | write_data=00000000
Time=815000 | PC=0 | inst=00000513 | state(x10)=0 | x2=0 | x1=0 | LEDs=0000000000000000 | ALUResult=00000000 | MemWrite=0 | address=00000000 | write_data=00000000
Time=825000 | PC=0 | inst=00000513 | state(x10)=0 | x2=0 | x1=0 | LEDs=0000000000000000 | ALUResult=00000000 | MemWrite=0 | address=00000000 | write_data=00000000
Time=835000 | PC=0 | inst=00000513 | state(x10)=0 | x2=0 | x1=0 | LEDs=0000000000000000 | ALUResult=00000000 | MemWrite=0 | address=00000000 | write_data=00000000
Time=845000 | PC=0 | inst=00000513 | state(x10)=0 | x2=0 | x1=0 | LEDs=0000000000000000 | ALUResult=00000000 | MemWrite=0 | address=00000000 | write_data=00000000
Time=855000 | PC=0 | inst=00000513 | state(x10)=0 | x2=0 | x1=0 | LEDs=0000000000000000 | ALUResult=00000000 | MemWrite=0 | address=00000000 | write_data=00000000
Time=865000 | PC=0 | inst=00000513 | state(x10)=0 | x2=0 | x1=0 | LEDs=0000000000000000 | ALUResult=00000000 | MemWrite=0 | address=00000000 | write_data=00000000
Time=875000 | PC=0 | inst=00000513 | state(x10)=0 | x2=0 | x1=0 | LEDs=0000000000000000 | ALUResult=00000000 | MemWrite=0 | address=00000000 | write_data=00000000
Time=885000 | PC=0 | inst=00000513 | state(x10)=0 | x2=0 | x1=0 | LEDs=0000000000000000 | ALUResult=00000000 | MemWrite=0 | address=00000000 | write_data=00000000
Time=895000 | PC=0 | inst=00000513 | state(x10)=0 | x2=0 | x1=0 | LEDs=0000000000000000 | ALUResult=00000000 | MemWrite=0 | address=00000000 | write_data=00000000
Time=905000 | PC=0 | inst=00000513 | state(x10)=0 | x2=0 | x1=0 | LEDs=0000000000000000 | ALUResult=00000000 | MemWrite=0 | address=00000000 | write_data=00000000
Time=915000 | PC=0 | inst=00000513 | state(x10)=0 | x2=0 | x1=0 | LEDs=0000000000000000 | ALUResult=00000000 | MemWrite=0 | address=00000000 | write_data=00000000
Time=925000 | PC=0 | inst=00000513 | state(x10)=0 | x2=0 | x1=0 | LEDs=0000000000000000 | ALUResult=00000000 | MemWrite=0 | address=00000000 | write_data=00000000
Time=935000 | PC=0 | inst=00000513 | state(x10)=0 | x2=0 | x1=0 | LEDs=0000000000000000 | ALUResult=00000000 | MemWrite=0 | address=00000000 | write_data=00000000
Time=945000 | PC=0 | inst=00000513 | state(x10)=0 | x2=0 | x1=0 | LEDs=0000000000000000 | ALUResult=00000000 | MemWrite=0 | address=00000000 | write_data=00000000
Time=955000 | PC=0 | inst=00000513 | state(x10)=0 | x2=0 | x1=0 | LEDs=0000000000000000 | ALUResult=00000000 | MemWrite=0 | address=00000000 | write_data=00000000
Time=965000 | PC=0 | inst=00000513 | state(x10)=0 | x2=0 | x1=0 | LEDs=0000000000000000 | ALUResult=00000000 | MemWrite=0 | address=00000000 | write_data=00000000
Time=975000 | PC=0 | inst=00000513 | state(x10)=0 | x2=0 | x1=0 | LEDs=0000000000000000 | ALUResult=00000000 | MemWrite=0 | address=00000000 | write_data=00000000
Time=985000 | PC=0 | inst=00000513 | state(x10)=0 | x2=0 | x1=0 | LEDs=0000000000000000 | ALUResult=00000000 | MemWrite=0 | address=00000000 | write_data=00000000
Time=995000 | PC=0 | inst=00000513 | state(x10)=0 | x2=0 | x1=0 | LEDs=0000000000000000 | ALUResult=00000000 | MemWrite=0 | address=00000000 | write_data=00000000
INFO: [USF-XSim-96] XSim completed. Design snapshot 'tb_countdown_behav' loaded.
INFO: [USF-XSim-97] XSim simulation ran for 1000ns
launch_simulation: Time (s): cpu = 00:00:03 ; elapsed = 00:00:05 . Memory (MB): peak = 1027.758 ; gain = 0.000
close_sim
INFO: [Simtcl 6-16] Simulation closed
launch_simulation
Command: launch_simulation 
INFO: [Vivado 12-5682] Launching behavioral simulation in 'C:/Users/ha10609/Downloads/CA-Labs-T1/TopProcessor/lab11.sim/sim_1/behav/xsim'
INFO: [SIM-utils-51] Simulation object is 'sim_1'
INFO: [SIM-utils-54] Inspecting design source files for 'tb_countdown' in fileset 'sim_1'...
INFO: [SIM-utils-43] Exported 'C:/Users/ha10609/Downloads/CA-Labs-T1/TopProcessor/lab11.sim/sim_1/behav/xsim/instructions_task1.mem'
INFO: [SIM-utils-43] Exported 'C:/Users/ha10609/Downloads/CA-Labs-T1/TopProcessor/lab11.sim/sim_1/behav/xsim/instructions_task2.mem'
INFO: [SIM-utils-43] Exported 'C:/Users/ha10609/Downloads/CA-Labs-T1/TopProcessor/lab11.sim/sim_1/behav/xsim/instructions_task3.mem'
INFO: [USF-XSim-97] Finding global include files...
INFO: [USF-XSim-98] Fetching design files from 'sim_1'...
INFO: [USF-XSim-2] XSim::Compile design
INFO: [USF-XSim-61] Executing 'COMPILE and ANALYZE' step in 'C:/Users/ha10609/Downloads/CA-Labs-T1/TopProcessor/lab11.sim/sim_1/behav/xsim'
"xvlog --incr --relax -prj tb_countdown_vlog.prj"
INFO: [VRFC 10-2263] Analyzing Verilog file "C:/Users/ha10609/Downloads/CA-Labs-T1/TopProcessor/lab11.srcs/sources_1/new/2_MUX.v" into library xil_defaultlib
INFO: [VRFC 10-311] analyzing module branch_MUX
INFO: [VRFC 10-2263] Analyzing Verilog file "C:/Users/ha10609/Downloads/CA-Labs-T1/TopProcessor/lab11.srcs/sources_1/new/ALU.v" into library xil_defaultlib
INFO: [VRFC 10-311] analyzing module ALU
INFO: [VRFC 10-2263] Analyzing Verilog file "C:/Users/ha10609/Downloads/CA-Labs-T1/TopProcessor/lab11.srcs/sources_1/new/ALUControl.v" into library xil_defaultlib
INFO: [VRFC 10-311] analyzing module ALUControl
INFO: [VRFC 10-2263] Analyzing Verilog file "C:/Users/ha10609/Downloads/CA-Labs-T1/TopProcessor/lab11.srcs/sources_1/new/BranchAdd.v" into library xil_defaultlib
INFO: [VRFC 10-311] analyzing module BranchAdd
INFO: [VRFC 10-2263] Analyzing Verilog file "C:/Users/ha10609/Downloads/CA-Labs-T1/TopProcessor/lab11.srcs/sources_1/new/DataMemory.v" into library xil_defaultlib
INFO: [VRFC 10-311] analyzing module DataMemory
INFO: [VRFC 10-2263] Analyzing Verilog file "C:/Users/ha10609/Downloads/CA-Labs-T1/TopProcessor/lab11.srcs/sources_1/new/InstructionMemory.v" into library xil_defaultlib
INFO: [VRFC 10-311] analyzing module instructionMemory
INFO: [VRFC 10-2263] Analyzing Verilog file "C:/Users/ha10609/Downloads/CA-Labs-T1/TopProcessor/lab11.srcs/sources_1/new/MainControl.v" into library xil_defaultlib
INFO: [VRFC 10-311] analyzing module MainControl
INFO: [VRFC 10-2263] Analyzing Verilog file "C:/Users/ha10609/Downloads/CA-Labs-T1/TopProcessor/lab11.srcs/sources_1/new/PC.v" into library xil_defaultlib
INFO: [VRFC 10-311] analyzing module PC
INFO: [VRFC 10-2263] Analyzing Verilog file "C:/Users/ha10609/Downloads/CA-Labs-T1/TopProcessor/lab11.srcs/sources_1/new/PCAdder.v" into library xil_defaultlib
INFO: [VRFC 10-311] analyzing module PCAdder
INFO: [VRFC 10-2263] Analyzing Verilog file "C:/Users/ha10609/Downloads/CA-Labs-T1/TopProcessor/lab11.srcs/sources_1/new/Register.v" into library xil_defaultlib
INFO: [VRFC 10-311] analyzing module Register
INFO: [VRFC 10-2263] Analyzing Verilog file "C:/Users/ha10609/Downloads/CA-Labs-T1/TopProcessor/lab11.srcs/sources_1/new/TopProcessor.v" into library xil_defaultlib
INFO: [VRFC 10-311] analyzing module topProcessor
INFO: [VRFC 10-2263] Analyzing Verilog file "C:/Users/ha10609/Downloads/CA-Labs-T1/TopProcessor/lab11.srcs/sources_1/new/clockdivider.v" into library xil_defaultlib
INFO: [VRFC 10-311] analyzing module clockdivider
INFO: [VRFC 10-2263] Analyzing Verilog file "C:/Users/ha10609/Downloads/CA-Labs-T1/TopProcessor/lab11.srcs/sources_1/new/immGen.v" into library xil_defaultlib
INFO: [VRFC 10-311] analyzing module immGen
INFO: [VRFC 10-2263] Analyzing Verilog file "C:/Users/ha10609/Downloads/CA-Labs-T1/TopProcessor/lab11.srcs/sources_1/new/sevensegment.v" into library xil_defaultlib
INFO: [VRFC 10-311] analyzing module SevenSegment
INFO: [VRFC 10-2263] Analyzing Verilog file "C:/Users/ha10609/Downloads/CA-Labs-T1/TopProcessor/lab11.srcs/sources_1/new/top_module.v" into library xil_defaultlib
INFO: [VRFC 10-311] analyzing module TopModule
INFO: [VRFC 10-2263] Analyzing Verilog file "C:/Users/ha10609/Downloads/CA-Labs-T1/TopProcessor/lab11.srcs/sim_1/new/pc_tb.v" into library xil_defaultlib
INFO: [VRFC 10-311] analyzing module tb_countdown
INFO: [USF-XSim-69] 'compile' step finished in '1' seconds
INFO: [USF-XSim-3] XSim::Elaborate design
INFO: [USF-XSim-61] Executing 'ELABORATE' step in 'C:/Users/ha10609/Downloads/CA-Labs-T1/TopProcessor/lab11.sim/sim_1/behav/xsim'
"xelab -wto f8d01134f7dc4a89acf0d8e4e2a22205 --incr --debug typical --relax --mt 2 -L xil_defaultlib -L unisims_ver -L unimacro_ver -L secureip --snapshot tb_countdown_behav xil_defaultlib.tb_countdown xil_defaultlib.glbl -log elaborate.log"
Vivado Simulator 2020.1
Copyright 1986-1999, 2001-2020 Xilinx, Inc. All Rights Reserved.
Running: C:/Xilinx/Vivado/2020.1/bin/unwrapped/win64.o/xelab.exe -wto f8d01134f7dc4a89acf0d8e4e2a22205 --incr --debug typical --relax --mt 2 -L xil_defaultlib -L unisims_ver -L unimacro_ver -L secureip --snapshot tb_countdown_behav xil_defaultlib.tb_countdown xil_defaultlib.glbl -log elaborate.log 
Using 2 slave threads.
Starting static elaboration
Pass Through NonSizing Optimizer
Completed static elaboration
Starting simulation data flow analysis
Completed simulation data flow analysis
Time Resolution for simulation is 1ps
Compiling module xil_defaultlib.clockdivider
Compiling module xil_defaultlib.ALU
Compiling module xil_defaultlib.Register
Compiling module xil_defaultlib.DataMemory
Compiling module xil_defaultlib.MainControl
Compiling module xil_defaultlib.ALUControl
Compiling module xil_defaultlib.instructionMemory
Compiling module xil_defaultlib.branch_MUX
Compiling module xil_defaultlib.PC
Compiling module xil_defaultlib.PCAdder
Compiling module xil_defaultlib.BranchAdd
Compiling module xil_defaultlib.immGen
Compiling module xil_defaultlib.SevenSegment
Compiling module xil_defaultlib.topProcessor
Compiling module xil_defaultlib.TopModule
Compiling module xil_defaultlib.tb_countdown
Compiling module xil_defaultlib.glbl
Built simulation snapshot tb_countdown_behav
INFO: [USF-XSim-69] 'elaborate' step finished in '1' seconds
INFO: [USF-XSim-4] XSim::Simulate design
INFO: [USF-XSim-61] Executing 'SIMULATE' step in 'C:/Users/ha10609/Downloads/CA-Labs-T1/TopProcessor/lab11.sim/sim_1/behav/xsim'
INFO: [USF-XSim-98] *** Running xsim
   with args "tb_countdown_behav -key {Behavioral:sim_1:Functional:tb_countdown} -tclbatch {tb_countdown.tcl} -log {simulate.log}"
INFO: [USF-XSim-8] Loading simulator feature
Vivado Simulator 2020.1
Time resolution is 1 ps
source tb_countdown.tcl
# set curr_wave [current_wave_config]
# if { [string length $curr_wave] == 0 } {
#   if { [llength [get_objects]] > 0} {
#     add_wave /
#     set_property needs_save false [current_wave_config]
#   } else {
#      send_msg_id Add_Wave-1 WARNING "No top level signals found. Simulator will start without a wave window. If you want to open a wave window go to 'File->New Waveform Configuration' or type 'create_wave_config' in the TCL console."
#   }
# }
# run 1000ns
Time=25000 | PC=0 | inst=00000513 | state(x10)=0 | x2=0 | x1=0 | LEDs=0000000000000000 | ALUResult=00000000 | MemWrite=0 | address=00000000 | write_data=00000000
Time=35000 | PC=4 | inst=00500113 | state(x10)=0 | x2=0 | x1=0 | LEDs=0000000000000000 | ALUResult=00000005 | MemWrite=0 | address=00000005 | write_data=00000000
Time=45000 | PC=8 | inst=00202223 | state(x10)=0 | x2=5 | x1=0 | LEDs=0000000000000000 | ALUResult=00000004 | MemWrite=1 | address=00000004 | write_data=00000005
Time=55000 | PC=12 | inst=00002083 | state(x10)=0 | x2=5 | x1=0 | LEDs=0000000000000000 | ALUResult=00000000 | MemWrite=0 | address=00000000 | write_data=00000000
Time=65000 | PC=16 | inst=00100193 | state(x10)=0 | x2=5 | x1=0 | LEDs=0000000000000000 | ALUResult=00000001 | MemWrite=0 | address=00000001 | write_data=00000000
Time=75000 | PC=20 | inst=02308663 | state(x10)=0 | x2=5 | x1=0 | LEDs=0000000000000000 | ALUResult=ffffffff | MemWrite=0 | address=ffffffff | write_data=00000001
BRANCH | PC=20 | inst=02308663 | funct3=000 | rs1=x1 | rs2=x3 | imm=44 | ALUResult=ffffffff | zero=0 | BLT_taken=0 | PCSrc=0 | next_PC=24
Time=85000 | PC=24 | inst=00050a63 | state(x10)=0 | x2=5 | x1=0 | LEDs=0000000000000000 | ALUResult=00000000 | MemWrite=0 | address=00000000 | write_data=00000000
BRANCH | PC=24 | inst=00050a63 | funct3=000 | rs1=x10 | rs2=x0 | imm=20 | ALUResult=00000000 | zero=1 | BLT_taken=0 | PCSrc=1 | next_PC=44
Time=95000 | PC=44 | inst=00402103 | state(x10)=0 | x2=5 | x1=0 | LEDs=0000000000000000 | ALUResult=00000004 | MemWrite=0 | address=00000004 | write_data=00000000
Time=105000 | PC=48 | inst=fc010ee3 | state(x10)=0 | x2=5 | x1=0 | LEDs=0000000000000000 | ALUResult=00000005 | MemWrite=0 | address=00000005 | write_data=00000000
BRANCH | PC=48 | inst=fc010ee3 | funct3=000 | rs1=x2 | rs2=x0 | imm=-36 | ALUResult=00000005 | zero=0 | BLT_taken=0 | PCSrc=0 | next_PC=52
Time=115000 | PC=52 | inst=00202423 | state(x10)=0 | x2=5 | x1=0 | LEDs=0000000000000000 | ALUResult=00000008 | MemWrite=1 | address=00000008 | write_data=00000005

=== AFTER INIT ===
state(x10) = 0 (expected 0)
x2 = 5 (expected 5)
memory[4] = 5 (expected 5)
Time=125000 | PC=56 | inst=00100513 | state(x10)=0 | x2=5 | x1=0 | LEDs=0000000000000101 | ALUResult=00000001 | MemWrite=0 | address=00000001 | write_data=00000000
Time=135000 | PC=60 | inst=fc0008e3 | state(x10)=1 | x2=5 | x1=0 | LEDs=0000000000000101 | ALUResult=00000000 | MemWrite=0 | address=00000000 | write_data=00000000
BRANCH | PC=60 | inst=fc0008e3 | funct3=000 | rs1=x0 | rs2=x0 | imm=-48 | ALUResult=00000000 | zero=1 | BLT_taken=0 | PCSrc=1 | next_PC=12
Time=145000 | PC=12 | inst=00002083 | state(x10)=1 | x2=5 | x1=0 | LEDs=0000000000000101 | ALUResult=00000000 | MemWrite=0 | address=00000000 | write_data=00000000
Time=155000 | PC=16 | inst=00100193 | state(x10)=1 | x2=5 | x1=0 | LEDs=0000000000000101 | ALUResult=00000001 | MemWrite=0 | address=00000001 | write_data=00000000
Time=165000 | PC=20 | inst=02308663 | state(x10)=1 | x2=5 | x1=0 | LEDs=0000000000000101 | ALUResult=ffffffff | MemWrite=0 | address=ffffffff | write_data=00000001
BRANCH | PC=20 | inst=02308663 | funct3=000 | rs1=x1 | rs2=x3 | imm=44 | ALUResult=ffffffff | zero=0 | BLT_taken=0 | PCSrc=0 | next_PC=24
Time=175000 | PC=24 | inst=00050a63 | state(x10)=1 | x2=5 | x1=0 | LEDs=0000000000000101 | ALUResult=00000001 | MemWrite=0 | address=00000001 | write_data=00000000
BRANCH | PC=24 | inst=00050a63 | funct3=000 | rs1=x10 | rs2=x0 | imm=20 | ALUResult=00000001 | zero=0 | BLT_taken=0 | PCSrc=0 | next_PC=28
Time=185000 | PC=28 | inst=02010c63 | state(x10)=1 | x2=5 | x1=0 | LEDs=0000000000000101 | ALUResult=00000005 | MemWrite=0 | address=00000005 | write_data=00000000
BRANCH | PC=28 | inst=02010c63 | funct3=000 | rs1=x2 | rs2=x0 | imm=56 | ALUResult=00000005 | zero=0 | BLT_taken=0 | PCSrc=0 | next_PC=32
Time=195000 | PC=32 | inst=00202423 | state(x10)=1 | x2=5 | x1=0 | LEDs=0000000000000101 | ALUResult=00000008 | MemWrite=1 | address=00000008 | write_data=00000005
Time=205000 | PC=36 | inst=fff10113 | state(x10)=1 | x2=5 | x1=0 | LEDs=0000000000000101 | ALUResult=00000004 | MemWrite=0 | address=00000004 | write_data=00000000
Time=215000 | PC=40 | inst=fe000ae3 | state(x10)=1 | x2=4 | x1=0 | LEDs=0000000000000101 | ALUResult=00000000 | MemWrite=0 | address=00000000 | write_data=00000000
BRANCH | PC=40 | inst=fe000ae3 | funct3=000 | rs1=x0 | rs2=x0 | imm=-12 | ALUResult=00000000 | zero=1 | BLT_taken=0 | PCSrc=1 | next_PC=28
Time=225000 | PC=28 | inst=02010c63 | state(x10)=1 | x2=4 | x1=0 | LEDs=0000000000000101 | ALUResult=00000004 | MemWrite=0 | address=00000004 | write_data=00000000
BRANCH | PC=28 | inst=02010c63 | funct3=000 | rs1=x2 | rs2=x0 | imm=56 | ALUResult=00000004 | zero=0 | BLT_taken=0 | PCSrc=0 | next_PC=32
Time=235000 | PC=32 | inst=00202423 | state(x10)=1 | x2=4 | x1=0 | LEDs=0000000000000101 | ALUResult=00000008 | MemWrite=1 | address=00000008 | write_data=00000004
Time=245000 | PC=36 | inst=fff10113 | state(x10)=1 | x2=4 | x1=0 | LEDs=0000000000000100 | ALUResult=00000003 | MemWrite=0 | address=00000003 | write_data=00000000
Time=255000 | PC=40 | inst=fe000ae3 | state(x10)=1 | x2=3 | x1=0 | LEDs=0000000000000100 | ALUResult=00000000 | MemWrite=0 | address=00000000 | write_data=00000000
BRANCH | PC=40 | inst=fe000ae3 | funct3=000 | rs1=x0 | rs2=x0 | imm=-12 | ALUResult=00000000 | zero=1 | BLT_taken=0 | PCSrc=1 | next_PC=28
Time=265000 | PC=28 | inst=02010c63 | state(x10)=1 | x2=3 | x1=0 | LEDs=0000000000000100 | ALUResult=00000003 | MemWrite=0 | address=00000003 | write_data=00000000
BRANCH | PC=28 | inst=02010c63 | funct3=000 | rs1=x2 | rs2=x0 | imm=56 | ALUResult=00000003 | zero=0 | BLT_taken=0 | PCSrc=0 | next_PC=32
Time=275000 | PC=32 | inst=00202423 | state(x10)=1 | x2=3 | x1=0 | LEDs=0000000000000100 | ALUResult=00000008 | MemWrite=1 | address=00000008 | write_data=00000003
Time=285000 | PC=36 | inst=fff10113 | state(x10)=1 | x2=3 | x1=0 | LEDs=0000000000000011 | ALUResult=00000002 | MemWrite=0 | address=00000002 | write_data=00000000
Time=295000 | PC=40 | inst=fe000ae3 | state(x10)=1 | x2=2 | x1=0 | LEDs=0000000000000011 | ALUResult=00000000 | MemWrite=0 | address=00000000 | write_data=00000000
BRANCH | PC=40 | inst=fe000ae3 | funct3=000 | rs1=x0 | rs2=x0 | imm=-12 | ALUResult=00000000 | zero=1 | BLT_taken=0 | PCSrc=1 | next_PC=28
Time=305000 | PC=28 | inst=02010c63 | state(x10)=1 | x2=2 | x1=0 | LEDs=0000000000000011 | ALUResult=00000002 | MemWrite=0 | address=00000002 | write_data=00000000
BRANCH | PC=28 | inst=02010c63 | funct3=000 | rs1=x2 | rs2=x0 | imm=56 | ALUResult=00000002 | zero=0 | BLT_taken=0 | PCSrc=0 | next_PC=32
Time=315000 | PC=32 | inst=00202423 | state(x10)=1 | x2=2 | x1=0 | LEDs=0000000000000011 | ALUResult=00000008 | MemWrite=1 | address=00000008 | write_data=00000002

=== AFTER INPUT STATE ===
state(x10) = 1 (expected 1 = COUNTDOWN)
x2 = 2 (expected 5)
Time=325000 | PC=36 | inst=fff10113 | state(x10)=1 | x2=2 | x1=0 | LEDs=0000000000000010 | ALUResult=00000001 | MemWrite=0 | address=00000001 | write_data=00000000
Time=335000 | PC=40 | inst=fe000ae3 | state(x10)=1 | x2=1 | x1=0 | LEDs=0000000000000010 | ALUResult=00000000 | MemWrite=0 | address=00000000 | write_data=00000000
BRANCH | PC=40 | inst=fe000ae3 | funct3=000 | rs1=x0 | rs2=x0 | imm=-12 | ALUResult=00000000 | zero=1 | BLT_taken=0 | PCSrc=1 | next_PC=28
Time=345000 | PC=28 | inst=02010c63 | state(x10)=1 | x2=1 | x1=0 | LEDs=0000000000000010 | ALUResult=00000001 | MemWrite=0 | address=00000001 | write_data=00000000
BRANCH | PC=28 | inst=02010c63 | funct3=000 | rs1=x2 | rs2=x0 | imm=56 | ALUResult=00000001 | zero=0 | BLT_taken=0 | PCSrc=0 | next_PC=32
Time=355000 | PC=32 | inst=00202423 | state(x10)=1 | x2=1 | x1=0 | LEDs=0000000000000010 | ALUResult=00000008 | MemWrite=1 | address=00000008 | write_data=00000001
Time=365000 | PC=36 | inst=fff10113 | state(x10)=1 | x2=1 | x1=0 | LEDs=0000000000000001 | ALUResult=00000000 | MemWrite=0 | address=00000000 | write_data=00000000
Time=375000 | PC=40 | inst=fe000ae3 | state(x10)=1 | x2=0 | x1=0 | LEDs=0000000000000001 | ALUResult=00000000 | MemWrite=0 | address=00000000 | write_data=00000000
BRANCH | PC=40 | inst=fe000ae3 | funct3=000 | rs1=x0 | rs2=x0 | imm=-12 | ALUResult=00000000 | zero=1 | BLT_taken=0 | PCSrc=1 | next_PC=28
Time=385000 | PC=28 | inst=02010c63 | state(x10)=1 | x2=0 | x1=0 | LEDs=0000000000000001 | ALUResult=00000000 | MemWrite=0 | address=00000000 | write_data=00000000
BRANCH | PC=28 | inst=02010c63 | funct3=000 | rs1=x2 | rs2=x0 | imm=56 | ALUResult=00000000 | zero=1 | BLT_taken=0 | PCSrc=1 | next_PC=84
Time=395000 | PC=84 | inst=00002423 | state(x10)=1 | x2=0 | x1=0 | LEDs=0000000000000001 | ALUResult=00000008 | MemWrite=1 | address=00000008 | write_data=00000000
Time=405000 | PC=88 | inst=fa000ae3 | state(x10)=1 | x2=0 | x1=0 | LEDs=0000000000000000 | ALUResult=00000000 | MemWrite=0 | address=00000000 | write_data=00000000
BRANCH | PC=88 | inst=fa000ae3 | funct3=000 | rs1=x0 | rs2=x0 | imm=-76 | ALUResult=00000000 | zero=1 | BLT_taken=0 | PCSrc=1 | next_PC=12
Time=415000 | PC=12 | inst=00002083 | state(x10)=1 | x2=0 | x1=0 | LEDs=0000000000000000 | ALUResult=00000000 | MemWrite=0 | address=00000000 | write_data=00000000
Time=425000 | PC=16 | inst=00100193 | state(x10)=1 | x2=0 | x1=0 | LEDs=0000000000000000 | ALUResult=00000001 | MemWrite=0 | address=00000001 | write_data=00000000
Time=435000 | PC=20 | inst=02308663 | state(x10)=1 | x2=0 | x1=0 | LEDs=0000000000000000 | ALUResult=ffffffff | MemWrite=0 | address=ffffffff | write_data=00000001
BRANCH | PC=20 | inst=02308663 | funct3=000 | rs1=x1 | rs2=x3 | imm=44 | ALUResult=ffffffff | zero=0 | BLT_taken=0 | PCSrc=0 | next_PC=24
Time=445000 | PC=24 | inst=00050a63 | state(x10)=1 | x2=0 | x1=0 | LEDs=0000000000000000 | ALUResult=00000001 | MemWrite=0 | address=00000001 | write_data=00000000
BRANCH | PC=24 | inst=00050a63 | funct3=000 | rs1=x10 | rs2=x0 | imm=20 | ALUResult=00000001 | zero=0 | BLT_taken=0 | PCSrc=0 | next_PC=28
Time=455000 | PC=28 | inst=02010c63 | state(x10)=1 | x2=0 | x1=0 | LEDs=0000000000000000 | ALUResult=00000000 | MemWrite=0 | address=00000000 | write_data=00000000
BRANCH | PC=28 | inst=02010c63 | funct3=000 | rs1=x2 | rs2=x0 | imm=56 | ALUResult=00000000 | zero=1 | BLT_taken=0 | PCSrc=1 | next_PC=84
Time=465000 | PC=84 | inst=00002423 | state(x10)=1 | x2=0 | x1=0 | LEDs=0000000000000000 | ALUResult=00000008 | MemWrite=1 | address=00000008 | write_data=00000000
Time=475000 | PC=88 | inst=fa000ae3 | state(x10)=1 | x2=0 | x1=0 | LEDs=0000000000000000 | ALUResult=00000000 | MemWrite=0 | address=00000000 | write_data=00000000
BRANCH | PC=88 | inst=fa000ae3 | funct3=000 | rs1=x0 | rs2=x0 | imm=-76 | ALUResult=00000000 | zero=1 | BLT_taken=0 | PCSrc=1 | next_PC=12
Time=485000 | PC=12 | inst=00002083 | state(x10)=1 | x2=0 | x1=0 | LEDs=0000000000000000 | ALUResult=00000000 | MemWrite=0 | address=00000000 | write_data=00000000
Time=495000 | PC=16 | inst=00100193 | state(x10)=1 | x2=0 | x1=0 | LEDs=0000000000000000 | ALUResult=00000001 | MemWrite=0 | address=00000001 | write_data=00000000
Time=505000 | PC=20 | inst=02308663 | state(x10)=1 | x2=0 | x1=0 | LEDs=0000000000000000 | ALUResult=ffffffff | MemWrite=0 | address=ffffffff | write_data=00000001
BRANCH | PC=20 | inst=02308663 | funct3=000 | rs1=x1 | rs2=x3 | imm=44 | ALUResult=ffffffff | zero=0 | BLT_taken=0 | PCSrc=0 | next_PC=24
Time=515000 | PC=24 | inst=00050a63 | state(x10)=1 | x2=0 | x1=0 | LEDs=0000000000000000 | ALUResult=00000001 | MemWrite=0 | address=00000001 | write_data=00000000
BRANCH | PC=24 | inst=00050a63 | funct3=000 | rs1=x10 | rs2=x0 | imm=20 | ALUResult=00000001 | zero=0 | BLT_taken=0 | PCSrc=0 | next_PC=28
Time=525000 | PC=28 | inst=02010c63 | state(x10)=1 | x2=0 | x1=0 | LEDs=0000000000000000 | ALUResult=00000000 | MemWrite=0 | address=00000000 | write_data=00000000
BRANCH | PC=28 | inst=02010c63 | funct3=000 | rs1=x2 | rs2=x0 | imm=56 | ALUResult=00000000 | zero=1 | BLT_taken=0 | PCSrc=1 | next_PC=84
Time=535000 | PC=84 | inst=00002423 | state(x10)=1 | x2=0 | x1=0 | LEDs=0000000000000000 | ALUResult=00000008 | MemWrite=1 | address=00000008 | write_data=00000000
Time=545000 | PC=88 | inst=fa000ae3 | state(x10)=1 | x2=0 | x1=0 | LEDs=0000000000000000 | ALUResult=00000000 | MemWrite=0 | address=00000000 | write_data=00000000
BRANCH | PC=88 | inst=fa000ae3 | funct3=000 | rs1=x0 | rs2=x0 | imm=-76 | ALUResult=00000000 | zero=1 | BLT_taken=0 | PCSrc=1 | next_PC=12
Time=555000 | PC=12 | inst=00002083 | state(x10)=1 | x2=0 | x1=0 | LEDs=0000000000000000 | ALUResult=00000000 | MemWrite=0 | address=00000000 | write_data=00000000
Time=565000 | PC=16 | inst=00100193 | state(x10)=1 | x2=0 | x1=0 | LEDs=0000000000000000 | ALUResult=00000001 | MemWrite=0 | address=00000001 | write_data=00000000
Time=575000 | PC=20 | inst=02308663 | state(x10)=1 | x2=0 | x1=0 | LEDs=0000000000000000 | ALUResult=ffffffff | MemWrite=0 | address=ffffffff | write_data=00000001
BRANCH | PC=20 | inst=02308663 | funct3=000 | rs1=x1 | rs2=x3 | imm=44 | ALUResult=ffffffff | zero=0 | BLT_taken=0 | PCSrc=0 | next_PC=24
Time=585000 | PC=24 | inst=00050a63 | state(x10)=1 | x2=0 | x1=0 | LEDs=0000000000000000 | ALUResult=00000001 | MemWrite=0 | address=00000001 | write_data=00000000
BRANCH | PC=24 | inst=00050a63 | funct3=000 | rs1=x10 | rs2=x0 | imm=20 | ALUResult=00000001 | zero=0 | BLT_taken=0 | PCSrc=0 | next_PC=28
Time=595000 | PC=28 | inst=02010c63 | state(x10)=1 | x2=0 | x1=0 | LEDs=0000000000000000 | ALUResult=00000000 | MemWrite=0 | address=00000000 | write_data=00000000
BRANCH | PC=28 | inst=02010c63 | funct3=000 | rs1=x2 | rs2=x0 | imm=56 | ALUResult=00000000 | zero=1 | BLT_taken=0 | PCSrc=1 | next_PC=84
Time=605000 | PC=84 | inst=00002423 | state(x10)=1 | x2=0 | x1=0 | LEDs=0000000000000000 | ALUResult=00000008 | MemWrite=1 | address=00000008 | write_data=00000000
Time=615000 | PC=88 | inst=fa000ae3 | state(x10)=1 | x2=0 | x1=0 | LEDs=0000000000000000 | ALUResult=00000000 | MemWrite=0 | address=00000000 | write_data=00000000
BRANCH | PC=88 | inst=fa000ae3 | funct3=000 | rs1=x0 | rs2=x0 | imm=-76 | ALUResult=00000000 | zero=1 | BLT_taken=0 | PCSrc=1 | next_PC=12
Time=625000 | PC=12 | inst=00002083 | state(x10)=1 | x2=0 | x1=0 | LEDs=0000000000000000 | ALUResult=00000000 | MemWrite=0 | address=00000000 | write_data=00000000
Time=635000 | PC=16 | inst=00100193 | state(x10)=1 | x2=0 | x1=0 | LEDs=0000000000000000 | ALUResult=00000001 | MemWrite=0 | address=00000001 | write_data=00000000
Time=645000 | PC=20 | inst=02308663 | state(x10)=1 | x2=0 | x1=0 | LEDs=0000000000000000 | ALUResult=ffffffff | MemWrite=0 | address=ffffffff | write_data=00000001
BRANCH | PC=20 | inst=02308663 | funct3=000 | rs1=x1 | rs2=x3 | imm=44 | ALUResult=ffffffff | zero=0 | BLT_taken=0 | PCSrc=0 | next_PC=24
Time=655000 | PC=24 | inst=00050a63 | state(x10)=1 | x2=0 | x1=0 | LEDs=0000000000000000 | ALUResult=00000001 | MemWrite=0 | address=00000001 | write_data=00000000
BRANCH | PC=24 | inst=00050a63 | funct3=000 | rs1=x10 | rs2=x0 | imm=20 | ALUResult=00000001 | zero=0 | BLT_taken=0 | PCSrc=0 | next_PC=28
Time=665000 | PC=28 | inst=02010c63 | state(x10)=1 | x2=0 | x1=0 | LEDs=0000000000000000 | ALUResult=00000000 | MemWrite=0 | address=00000000 | write_data=00000000
BRANCH | PC=28 | inst=02010c63 | funct3=000 | rs1=x2 | rs2=x0 | imm=56 | ALUResult=00000000 | zero=1 | BLT_taken=0 | PCSrc=1 | next_PC=84
Time=675000 | PC=84 | inst=00002423 | state(x10)=1 | x2=0 | x1=0 | LEDs=0000000000000000 | ALUResult=00000008 | MemWrite=1 | address=00000008 | write_data=00000000
Time=685000 | PC=88 | inst=fa000ae3 | state(x10)=1 | x2=0 | x1=0 | LEDs=0000000000000000 | ALUResult=00000000 | MemWrite=0 | address=00000000 | write_data=00000000
BRANCH | PC=88 | inst=fa000ae3 | funct3=000 | rs1=x0 | rs2=x0 | imm=-76 | ALUResult=00000000 | zero=1 | BLT_taken=0 | PCSrc=1 | next_PC=12
Time=695000 | PC=12 | inst=00002083 | state(x10)=1 | x2=0 | x1=0 | LEDs=0000000000000000 | ALUResult=00000000 | MemWrite=0 | address=00000000 | write_data=00000000
Time=705000 | PC=16 | inst=00100193 | state(x10)=1 | x2=0 | x1=0 | LEDs=0000000000000000 | ALUResult=00000001 | MemWrite=0 | address=00000001 | write_data=00000000
Time=715000 | PC=20 | inst=02308663 | state(x10)=1 | x2=0 | x1=0 | LEDs=0000000000000000 | ALUResult=ffffffff | MemWrite=0 | address=ffffffff | write_data=00000001
BRANCH | PC=20 | inst=02308663 | funct3=000 | rs1=x1 | rs2=x3 | imm=44 | ALUResult=ffffffff | zero=0 | BLT_taken=0 | PCSrc=0 | next_PC=24
Time=725000 | PC=24 | inst=00050a63 | state(x10)=1 | x2=0 | x1=0 | LEDs=0000000000000000 | ALUResult=00000001 | MemWrite=0 | address=00000001 | write_data=00000000
BRANCH | PC=24 | inst=00050a63 | funct3=000 | rs1=x10 | rs2=x0 | imm=20 | ALUResult=00000001 | zero=0 | BLT_taken=0 | PCSrc=0 | next_PC=28
Time=735000 | PC=28 | inst=02010c63 | state(x10)=1 | x2=0 | x1=0 | LEDs=0000000000000000 | ALUResult=00000000 | MemWrite=0 | address=00000000 | write_data=00000000
BRANCH | PC=28 | inst=02010c63 | funct3=000 | rs1=x2 | rs2=x0 | imm=56 | ALUResult=00000000 | zero=1 | BLT_taken=0 | PCSrc=1 | next_PC=84
Time=745000 | PC=84 | inst=00002423 | state(x10)=1 | x2=0 | x1=0 | LEDs=0000000000000000 | ALUResult=00000008 | MemWrite=1 | address=00000008 | write_data=00000000
Time=755000 | PC=88 | inst=fa000ae3 | state(x10)=1 | x2=0 | x1=0 | LEDs=0000000000000000 | ALUResult=00000000 | MemWrite=0 | address=00000000 | write_data=00000000
BRANCH | PC=88 | inst=fa000ae3 | funct3=000 | rs1=x0 | rs2=x0 | imm=-76 | ALUResult=00000000 | zero=1 | BLT_taken=0 | PCSrc=1 | next_PC=12
Time=765000 | PC=12 | inst=00002083 | state(x10)=1 | x2=0 | x1=0 | LEDs=0000000000000000 | ALUResult=00000000 | MemWrite=0 | address=00000000 | write_data=00000000
Time=775000 | PC=16 | inst=00100193 | state(x10)=1 | x2=0 | x1=0 | LEDs=0000000000000000 | ALUResult=00000001 | MemWrite=0 | address=00000001 | write_data=00000000
Time=785000 | PC=20 | inst=02308663 | state(x10)=1 | x2=0 | x1=0 | LEDs=0000000000000000 | ALUResult=ffffffff | MemWrite=0 | address=ffffffff | write_data=00000001
BRANCH | PC=20 | inst=02308663 | funct3=000 | rs1=x1 | rs2=x3 | imm=44 | ALUResult=ffffffff | zero=0 | BLT_taken=0 | PCSrc=0 | next_PC=24
Time=795000 | PC=24 | inst=00050a63 | state(x10)=1 | x2=0 | x1=0 | LEDs=0000000000000000 | ALUResult=00000001 | MemWrite=0 | address=00000001 | write_data=00000000
BRANCH | PC=24 | inst=00050a63 | funct3=000 | rs1=x10 | rs2=x0 | imm=20 | ALUResult=00000001 | zero=0 | BLT_taken=0 | PCSrc=0 | next_PC=28
Time=805000 | PC=28 | inst=02010c63 | state(x10)=1 | x2=0 | x1=0 | LEDs=0000000000000000 | ALUResult=00000000 | MemWrite=0 | address=00000000 | write_data=00000000
BRANCH | PC=28 | inst=02010c63 | funct3=000 | rs1=x2 | rs2=x0 | imm=56 | ALUResult=00000000 | zero=1 | BLT_taken=0 | PCSrc=1 | next_PC=84
Time=815000 | PC=84 | inst=00002423 | state(x10)=1 | x2=0 | x1=0 | LEDs=0000000000000000 | ALUResult=00000008 | MemWrite=1 | address=00000008 | write_data=00000000
Time=825000 | PC=88 | inst=fa000ae3 | state(x10)=1 | x2=0 | x1=0 | LEDs=0000000000000000 | ALUResult=00000000 | MemWrite=0 | address=00000000 | write_data=00000000
BRANCH | PC=88 | inst=fa000ae3 | funct3=000 | rs1=x0 | rs2=x0 | imm=-76 | ALUResult=00000000 | zero=1 | BLT_taken=0 | PCSrc=1 | next_PC=12
Time=835000 | PC=12 | inst=00002083 | state(x10)=1 | x2=0 | x1=0 | LEDs=0000000000000000 | ALUResult=00000000 | MemWrite=0 | address=00000000 | write_data=00000000
Time=845000 | PC=16 | inst=00100193 | state(x10)=1 | x2=0 | x1=0 | LEDs=0000000000000000 | ALUResult=00000001 | MemWrite=0 | address=00000001 | write_data=00000000
Time=855000 | PC=20 | inst=02308663 | state(x10)=1 | x2=0 | x1=0 | LEDs=0000000000000000 | ALUResult=ffffffff | MemWrite=0 | address=ffffffff | write_data=00000001
BRANCH | PC=20 | inst=02308663 | funct3=000 | rs1=x1 | rs2=x3 | imm=44 | ALUResult=ffffffff | zero=0 | BLT_taken=0 | PCSrc=0 | next_PC=24
Time=865000 | PC=24 | inst=00050a63 | state(x10)=1 | x2=0 | x1=0 | LEDs=0000000000000000 | ALUResult=00000001 | MemWrite=0 | address=00000001 | write_data=00000000
BRANCH | PC=24 | inst=00050a63 | funct3=000 | rs1=x10 | rs2=x0 | imm=20 | ALUResult=00000001 | zero=0 | BLT_taken=0 | PCSrc=0 | next_PC=28
Time=875000 | PC=28 | inst=02010c63 | state(x10)=1 | x2=0 | x1=0 | LEDs=0000000000000000 | ALUResult=00000000 | MemWrite=0 | address=00000000 | write_data=00000000
BRANCH | PC=28 | inst=02010c63 | funct3=000 | rs1=x2 | rs2=x0 | imm=56 | ALUResult=00000000 | zero=1 | BLT_taken=0 | PCSrc=1 | next_PC=84
Time=885000 | PC=84 | inst=00002423 | state(x10)=1 | x2=0 | x1=0 | LEDs=0000000000000000 | ALUResult=00000008 | MemWrite=1 | address=00000008 | write_data=00000000
Time=895000 | PC=88 | inst=fa000ae3 | state(x10)=1 | x2=0 | x1=0 | LEDs=0000000000000000 | ALUResult=00000000 | MemWrite=0 | address=00000000 | write_data=00000000
BRANCH | PC=88 | inst=fa000ae3 | funct3=000 | rs1=x0 | rs2=x0 | imm=-76 | ALUResult=00000000 | zero=1 | BLT_taken=0 | PCSrc=1 | next_PC=12
Time=905000 | PC=12 | inst=00002083 | state(x10)=1 | x2=0 | x1=0 | LEDs=0000000000000000 | ALUResult=00000000 | MemWrite=0 | address=00000000 | write_data=00000000
Time=915000 | PC=16 | inst=00100193 | state(x10)=1 | x2=0 | x1=0 | LEDs=0000000000000000 | ALUResult=00000001 | MemWrite=0 | address=00000001 | write_data=00000000
Time=925000 | PC=20 | inst=02308663 | state(x10)=1 | x2=0 | x1=0 | LEDs=0000000000000000 | ALUResult=ffffffff | MemWrite=0 | address=ffffffff | write_data=00000001
BRANCH | PC=20 | inst=02308663 | funct3=000 | rs1=x1 | rs2=x3 | imm=44 | ALUResult=ffffffff | zero=0 | BLT_taken=0 | PCSrc=0 | next_PC=24
Time=935000 | PC=24 | inst=00050a63 | state(x10)=1 | x2=0 | x1=0 | LEDs=0000000000000000 | ALUResult=00000001 | MemWrite=0 | address=00000001 | write_data=00000000
BRANCH | PC=24 | inst=00050a63 | funct3=000 | rs1=x10 | rs2=x0 | imm=20 | ALUResult=00000001 | zero=0 | BLT_taken=0 | PCSrc=0 | next_PC=28
Time=945000 | PC=28 | inst=02010c63 | state(x10)=1 | x2=0 | x1=0 | LEDs=0000000000000000 | ALUResult=00000000 | MemWrite=0 | address=00000000 | write_data=00000000
BRANCH | PC=28 | inst=02010c63 | funct3=000 | rs1=x2 | rs2=x0 | imm=56 | ALUResult=00000000 | zero=1 | BLT_taken=0 | PCSrc=1 | next_PC=84
Time=955000 | PC=84 | inst=00002423 | state(x10)=1 | x2=0 | x1=0 | LEDs=0000000000000000 | ALUResult=00000008 | MemWrite=1 | address=00000008 | write_data=00000000
Time=965000 | PC=88 | inst=fa000ae3 | state(x10)=1 | x2=0 | x1=0 | LEDs=0000000000000000 | ALUResult=00000000 | MemWrite=0 | address=00000000 | write_data=00000000
BRANCH | PC=88 | inst=fa000ae3 | funct3=000 | rs1=x0 | rs2=x0 | imm=-76 | ALUResult=00000000 | zero=1 | BLT_taken=0 | PCSrc=1 | next_PC=12
Time=975000 | PC=12 | inst=00002083 | state(x10)=1 | x2=0 | x1=0 | LEDs=0000000000000000 | ALUResult=00000000 | MemWrite=0 | address=00000000 | write_data=00000000
Time=985000 | PC=16 | inst=00100193 | state(x10)=1 | x2=0 | x1=0 | LEDs=0000000000000000 | ALUResult=00000001 | MemWrite=0 | address=00000001 | write_data=00000000
Time=995000 | PC=20 | inst=02308663 | state(x10)=1 | x2=0 | x1=0 | LEDs=0000000000000000 | ALUResult=ffffffff | MemWrite=0 | address=ffffffff | write_data=00000001
BRANCH | PC=20 | inst=02308663 | funct3=000 | rs1=x1 | rs2=x3 | imm=44 | ALUResult=ffffffff | zero=0 | BLT_taken=0 | PCSrc=0 | next_PC=24
INFO: [USF-XSim-96] XSim completed. Design snapshot 'tb_countdown_behav' loaded.
INFO: [USF-XSim-97] XSim simulation ran for 1000ns
close_sim
INFO: [Simtcl 6-16] Simulation closed
launch_simulation
Command: launch_simulation 
INFO: [Vivado 12-5682] Launching behavioral simulation in 'C:/Users/ha10609/Downloads/CA-Labs-T1/TopProcessor/lab11.sim/sim_1/behav/xsim'
INFO: [SIM-utils-51] Simulation object is 'sim_1'
INFO: [SIM-utils-54] Inspecting design source files for 'tb_countdown' in fileset 'sim_1'...
INFO: [SIM-utils-43] Exported 'C:/Users/ha10609/Downloads/CA-Labs-T1/TopProcessor/lab11.sim/sim_1/behav/xsim/instructions_task1.mem'
INFO: [SIM-utils-43] Exported 'C:/Users/ha10609/Downloads/CA-Labs-T1/TopProcessor/lab11.sim/sim_1/behav/xsim/instructions_task2.mem'
INFO: [SIM-utils-43] Exported 'C:/Users/ha10609/Downloads/CA-Labs-T1/TopProcessor/lab11.sim/sim_1/behav/xsim/instructions_task3.mem'
INFO: [USF-XSim-97] Finding global include files...
INFO: [USF-XSim-98] Fetching design files from 'sim_1'...
INFO: [USF-XSim-2] XSim::Compile design
INFO: [USF-XSim-61] Executing 'COMPILE and ANALYZE' step in 'C:/Users/ha10609/Downloads/CA-Labs-T1/TopProcessor/lab11.sim/sim_1/behav/xsim'
"xvlog --incr --relax -prj tb_countdown_vlog.prj"
INFO: [VRFC 10-2263] Analyzing Verilog file "C:/Users/ha10609/Downloads/CA-Labs-T1/TopProcessor/lab11.srcs/sources_1/new/2_MUX.v" into library xil_defaultlib
INFO: [VRFC 10-311] analyzing module branch_MUX
INFO: [VRFC 10-2263] Analyzing Verilog file "C:/Users/ha10609/Downloads/CA-Labs-T1/TopProcessor/lab11.srcs/sources_1/new/ALU.v" into library xil_defaultlib
INFO: [VRFC 10-311] analyzing module ALU
INFO: [VRFC 10-2263] Analyzing Verilog file "C:/Users/ha10609/Downloads/CA-Labs-T1/TopProcessor/lab11.srcs/sources_1/new/ALUControl.v" into library xil_defaultlib
INFO: [VRFC 10-311] analyzing module ALUControl
INFO: [VRFC 10-2263] Analyzing Verilog file "C:/Users/ha10609/Downloads/CA-Labs-T1/TopProcessor/lab11.srcs/sources_1/new/BranchAdd.v" into library xil_defaultlib
INFO: [VRFC 10-311] analyzing module BranchAdd
INFO: [VRFC 10-2263] Analyzing Verilog file "C:/Users/ha10609/Downloads/CA-Labs-T1/TopProcessor/lab11.srcs/sources_1/new/DataMemory.v" into library xil_defaultlib
INFO: [VRFC 10-311] analyzing module DataMemory
INFO: [VRFC 10-2263] Analyzing Verilog file "C:/Users/ha10609/Downloads/CA-Labs-T1/TopProcessor/lab11.srcs/sources_1/new/InstructionMemory.v" into library xil_defaultlib
INFO: [VRFC 10-311] analyzing module instructionMemory
INFO: [VRFC 10-2263] Analyzing Verilog file "C:/Users/ha10609/Downloads/CA-Labs-T1/TopProcessor/lab11.srcs/sources_1/new/MainControl.v" into library xil_defaultlib
INFO: [VRFC 10-311] analyzing module MainControl
INFO: [VRFC 10-2263] Analyzing Verilog file "C:/Users/ha10609/Downloads/CA-Labs-T1/TopProcessor/lab11.srcs/sources_1/new/PC.v" into library xil_defaultlib
INFO: [VRFC 10-311] analyzing module PC
INFO: [VRFC 10-2263] Analyzing Verilog file "C:/Users/ha10609/Downloads/CA-Labs-T1/TopProcessor/lab11.srcs/sources_1/new/PCAdder.v" into library xil_defaultlib
INFO: [VRFC 10-311] analyzing module PCAdder
INFO: [VRFC 10-2263] Analyzing Verilog file "C:/Users/ha10609/Downloads/CA-Labs-T1/TopProcessor/lab11.srcs/sources_1/new/Register.v" into library xil_defaultlib
INFO: [VRFC 10-311] analyzing module Register
INFO: [VRFC 10-2263] Analyzing Verilog file "C:/Users/ha10609/Downloads/CA-Labs-T1/TopProcessor/lab11.srcs/sources_1/new/TopProcessor.v" into library xil_defaultlib
INFO: [VRFC 10-311] analyzing module topProcessor
INFO: [VRFC 10-2263] Analyzing Verilog file "C:/Users/ha10609/Downloads/CA-Labs-T1/TopProcessor/lab11.srcs/sources_1/new/clockdivider.v" into library xil_defaultlib
INFO: [VRFC 10-311] analyzing module clockdivider
INFO: [VRFC 10-2263] Analyzing Verilog file "C:/Users/ha10609/Downloads/CA-Labs-T1/TopProcessor/lab11.srcs/sources_1/new/immGen.v" into library xil_defaultlib
INFO: [VRFC 10-311] analyzing module immGen
INFO: [VRFC 10-2263] Analyzing Verilog file "C:/Users/ha10609/Downloads/CA-Labs-T1/TopProcessor/lab11.srcs/sources_1/new/sevensegment.v" into library xil_defaultlib
INFO: [VRFC 10-311] analyzing module SevenSegment
INFO: [VRFC 10-2263] Analyzing Verilog file "C:/Users/ha10609/Downloads/CA-Labs-T1/TopProcessor/lab11.srcs/sources_1/new/top_module.v" into library xil_defaultlib
INFO: [VRFC 10-311] analyzing module TopModule
INFO: [VRFC 10-2263] Analyzing Verilog file "C:/Users/ha10609/Downloads/CA-Labs-T1/TopProcessor/lab11.srcs/sim_1/new/pc_tb.v" into library xil_defaultlib
INFO: [VRFC 10-311] analyzing module tb_countdown
INFO: [USF-XSim-69] 'compile' step finished in '1' seconds
INFO: [USF-XSim-3] XSim::Elaborate design
INFO: [USF-XSim-61] Executing 'ELABORATE' step in 'C:/Users/ha10609/Downloads/CA-Labs-T1/TopProcessor/lab11.sim/sim_1/behav/xsim'
"xelab -wto f8d01134f7dc4a89acf0d8e4e2a22205 --incr --debug typical --relax --mt 2 -L xil_defaultlib -L unisims_ver -L unimacro_ver -L secureip --snapshot tb_countdown_behav xil_defaultlib.tb_countdown xil_defaultlib.glbl -log elaborate.log"
Vivado Simulator 2020.1
Copyright 1986-1999, 2001-2020 Xilinx, Inc. All Rights Reserved.
Running: C:/Xilinx/Vivado/2020.1/bin/unwrapped/win64.o/xelab.exe -wto f8d01134f7dc4a89acf0d8e4e2a22205 --incr --debug typical --relax --mt 2 -L xil_defaultlib -L unisims_ver -L unimacro_ver -L secureip --snapshot tb_countdown_behav xil_defaultlib.tb_countdown xil_defaultlib.glbl -log elaborate.log 
Using 2 slave threads.
Starting static elaboration
Pass Through NonSizing Optimizer
Completed static elaboration
Starting simulation data flow analysis
Completed simulation data flow analysis
Time Resolution for simulation is 1ps
Compiling module xil_defaultlib.clockdivider
Compiling module xil_defaultlib.ALU
Compiling module xil_defaultlib.Register
Compiling module xil_defaultlib.DataMemory
Compiling module xil_defaultlib.MainControl
Compiling module xil_defaultlib.ALUControl
Compiling module xil_defaultlib.instructionMemory
Compiling module xil_defaultlib.branch_MUX
Compiling module xil_defaultlib.PC
Compiling module xil_defaultlib.PCAdder
Compiling module xil_defaultlib.BranchAdd
Compiling module xil_defaultlib.immGen
Compiling module xil_defaultlib.SevenSegment
Compiling module xil_defaultlib.topProcessor
Compiling module xil_defaultlib.TopModule
Compiling module xil_defaultlib.tb_countdown
Compiling module xil_defaultlib.glbl
Built simulation snapshot tb_countdown_behav
INFO: [USF-XSim-69] 'elaborate' step finished in '1' seconds
INFO: [USF-XSim-4] XSim::Simulate design
INFO: [USF-XSim-61] Executing 'SIMULATE' step in 'C:/Users/ha10609/Downloads/CA-Labs-T1/TopProcessor/lab11.sim/sim_1/behav/xsim'
INFO: [USF-XSim-98] *** Running xsim
   with args "tb_countdown_behav -key {Behavioral:sim_1:Functional:tb_countdown} -tclbatch {tb_countdown.tcl} -log {simulate.log}"
INFO: [USF-XSim-8] Loading simulator feature
Vivado Simulator 2020.1
Time resolution is 1 ps
source tb_countdown.tcl
# set curr_wave [current_wave_config]
# if { [string length $curr_wave] == 0 } {
#   if { [llength [get_objects]] > 0} {
#     add_wave /
#     set_property needs_save false [current_wave_config]
#   } else {
#      send_msg_id Add_Wave-1 WARNING "No top level signals found. Simulator will start without a wave window. If you want to open a wave window go to 'File->New Waveform Configuration' or type 'create_wave_config' in the TCL console."
#   }
# }
# run 1000ns
Time=25000 | PC=0 | inst=00000513 | state(x10)=0 | x2=0 | x1=0 | LEDs=0000000000000000 | ALUResult=00000000 | MemWrite=0 | address=00000000 | write_data=00000000
Time=35000 | PC=4 | inst=00500113 | state(x10)=0 | x2=0 | x1=0 | LEDs=0000000000000000 | ALUResult=00000005 | MemWrite=0 | address=00000005 | write_data=00000000
Time=45000 | PC=8 | inst=00202223 | state(x10)=0 | x2=5 | x1=0 | LEDs=0000000000000000 | ALUResult=00000004 | MemWrite=1 | address=00000004 | write_data=00000005
Time=55000 | PC=12 | inst=00002083 | state(x10)=0 | x2=5 | x1=0 | LEDs=0000000000000000 | ALUResult=00000000 | MemWrite=0 | address=00000000 | write_data=00000000
Time=65000 | PC=16 | inst=00100193 | state(x10)=0 | x2=5 | x1=0 | LEDs=0000000000000000 | ALUResult=00000001 | MemWrite=0 | address=00000001 | write_data=00000000
Time=75000 | PC=20 | inst=02308663 | state(x10)=0 | x2=5 | x1=0 | LEDs=0000000000000000 | ALUResult=ffffffff | MemWrite=0 | address=ffffffff | write_data=00000001
BRANCH | PC=20 | inst=02308663 | funct3=000 | rs1=x1 | rs2=x3 | imm=44 | ALUResult=ffffffff | zero=0 | BLT_taken=0 | PCSrc=0 | next_PC=24
Time=85000 | PC=24 | inst=00050a63 | state(x10)=0 | x2=5 | x1=0 | LEDs=0000000000000000 | ALUResult=00000000 | MemWrite=0 | address=00000000 | write_data=00000000
BRANCH | PC=24 | inst=00050a63 | funct3=000 | rs1=x10 | rs2=x0 | imm=20 | ALUResult=00000000 | zero=1 | BLT_taken=0 | PCSrc=1 | next_PC=44
Time=95000 | PC=44 | inst=00402103 | state(x10)=0 | x2=5 | x1=0 | LEDs=0000000000000000 | ALUResult=00000004 | MemWrite=0 | address=00000004 | write_data=00000000
Time=105000 | PC=48 | inst=fc010ee3 | state(x10)=0 | x2=5 | x1=0 | LEDs=0000000000000000 | ALUResult=00000005 | MemWrite=0 | address=00000005 | write_data=00000000
BRANCH | PC=48 | inst=fc010ee3 | funct3=000 | rs1=x2 | rs2=x0 | imm=-36 | ALUResult=00000005 | zero=0 | BLT_taken=0 | PCSrc=0 | next_PC=52
Time=115000 | PC=52 | inst=00202423 | state(x10)=0 | x2=5 | x1=0 | LEDs=0000000000000000 | ALUResult=00000008 | MemWrite=1 | address=00000008 | write_data=00000005

=== AFTER INIT ===
state(x10) = 0 (expected 0)
x2 = 5 (expected 5)
memory[4] = 5 (expected 5)
Time=125000 | PC=56 | inst=00100513 | state(x10)=0 | x2=5 | x1=0 | LEDs=0000000000000101 | ALUResult=00000001 | MemWrite=0 | address=00000001 | write_data=00000000
Time=135000 | PC=60 | inst=fc0008e3 | state(x10)=1 | x2=5 | x1=0 | LEDs=0000000000000101 | ALUResult=00000000 | MemWrite=0 | address=00000000 | write_data=00000000
BRANCH | PC=60 | inst=fc0008e3 | funct3=000 | rs1=x0 | rs2=x0 | imm=-48 | ALUResult=00000000 | zero=1 | BLT_taken=0 | PCSrc=1 | next_PC=12
Time=145000 | PC=12 | inst=00002083 | state(x10)=1 | x2=5 | x1=0 | LEDs=0000000000000101 | ALUResult=00000000 | MemWrite=0 | address=00000000 | write_data=00000000
Time=155000 | PC=16 | inst=00100193 | state(x10)=1 | x2=5 | x1=0 | LEDs=0000000000000101 | ALUResult=00000001 | MemWrite=0 | address=00000001 | write_data=00000000
Time=165000 | PC=20 | inst=02308663 | state(x10)=1 | x2=5 | x1=0 | LEDs=0000000000000101 | ALUResult=ffffffff | MemWrite=0 | address=ffffffff | write_data=00000001
BRANCH | PC=20 | inst=02308663 | funct3=000 | rs1=x1 | rs2=x3 | imm=44 | ALUResult=ffffffff | zero=0 | BLT_taken=0 | PCSrc=0 | next_PC=24
Time=175000 | PC=24 | inst=00050a63 | state(x10)=1 | x2=5 | x1=0 | LEDs=0000000000000101 | ALUResult=00000001 | MemWrite=0 | address=00000001 | write_data=00000000
BRANCH | PC=24 | inst=00050a63 | funct3=000 | rs1=x10 | rs2=x0 | imm=20 | ALUResult=00000001 | zero=0 | BLT_taken=0 | PCSrc=0 | next_PC=28
Time=185000 | PC=28 | inst=02010c63 | state(x10)=1 | x2=5 | x1=0 | LEDs=0000000000000101 | ALUResult=00000005 | MemWrite=0 | address=00000005 | write_data=00000000
BRANCH | PC=28 | inst=02010c63 | funct3=000 | rs1=x2 | rs2=x0 | imm=56 | ALUResult=00000005 | zero=0 | BLT_taken=0 | PCSrc=0 | next_PC=32
Time=195000 | PC=32 | inst=00202423 | state(x10)=1 | x2=5 | x1=0 | LEDs=0000000000000101 | ALUResult=00000008 | MemWrite=1 | address=00000008 | write_data=00000005
Time=205000 | PC=36 | inst=fff10113 | state(x10)=1 | x2=5 | x1=0 | LEDs=0000000000000101 | ALUResult=00000004 | MemWrite=0 | address=00000004 | write_data=00000000
Time=215000 | PC=40 | inst=fe000ae3 | state(x10)=1 | x2=4 | x1=0 | LEDs=0000000000000101 | ALUResult=00000000 | MemWrite=0 | address=00000000 | write_data=00000000
BRANCH | PC=40 | inst=fe000ae3 | funct3=000 | rs1=x0 | rs2=x0 | imm=-12 | ALUResult=00000000 | zero=1 | BLT_taken=0 | PCSrc=1 | next_PC=28
Time=225000 | PC=28 | inst=02010c63 | state(x10)=1 | x2=4 | x1=0 | LEDs=0000000000000101 | ALUResult=00000004 | MemWrite=0 | address=00000004 | write_data=00000000
BRANCH | PC=28 | inst=02010c63 | funct3=000 | rs1=x2 | rs2=x0 | imm=56 | ALUResult=00000004 | zero=0 | BLT_taken=0 | PCSrc=0 | next_PC=32
Time=235000 | PC=32 | inst=00202423 | state(x10)=1 | x2=4 | x1=0 | LEDs=0000000000000101 | ALUResult=00000008 | MemWrite=1 | address=00000008 | write_data=00000004
Time=245000 | PC=36 | inst=fff10113 | state(x10)=1 | x2=4 | x1=0 | LEDs=0000000000000100 | ALUResult=00000003 | MemWrite=0 | address=00000003 | write_data=00000000
Time=255000 | PC=40 | inst=fe000ae3 | state(x10)=1 | x2=3 | x1=0 | LEDs=0000000000000100 | ALUResult=00000000 | MemWrite=0 | address=00000000 | write_data=00000000
BRANCH | PC=40 | inst=fe000ae3 | funct3=000 | rs1=x0 | rs2=x0 | imm=-12 | ALUResult=00000000 | zero=1 | BLT_taken=0 | PCSrc=1 | next_PC=28
Time=265000 | PC=28 | inst=02010c63 | state(x10)=1 | x2=3 | x1=0 | LEDs=0000000000000100 | ALUResult=00000003 | MemWrite=0 | address=00000003 | write_data=00000000
BRANCH | PC=28 | inst=02010c63 | funct3=000 | rs1=x2 | rs2=x0 | imm=56 | ALUResult=00000003 | zero=0 | BLT_taken=0 | PCSrc=0 | next_PC=32
Time=275000 | PC=32 | inst=00202423 | state(x10)=1 | x2=3 | x1=0 | LEDs=0000000000000100 | ALUResult=00000008 | MemWrite=1 | address=00000008 | write_data=00000003
Time=285000 | PC=36 | inst=fff10113 | state(x10)=1 | x2=3 | x1=0 | LEDs=0000000000000011 | ALUResult=00000002 | MemWrite=0 | address=00000002 | write_data=00000000
Time=295000 | PC=40 | inst=fe000ae3 | state(x10)=1 | x2=2 | x1=0 | LEDs=0000000000000011 | ALUResult=00000000 | MemWrite=0 | address=00000000 | write_data=00000000
BRANCH | PC=40 | inst=fe000ae3 | funct3=000 | rs1=x0 | rs2=x0 | imm=-12 | ALUResult=00000000 | zero=1 | BLT_taken=0 | PCSrc=1 | next_PC=28
Time=305000 | PC=28 | inst=02010c63 | state(x10)=1 | x2=2 | x1=0 | LEDs=0000000000000011 | ALUResult=00000002 | MemWrite=0 | address=00000002 | write_data=00000000
BRANCH | PC=28 | inst=02010c63 | funct3=000 | rs1=x2 | rs2=x0 | imm=56 | ALUResult=00000002 | zero=0 | BLT_taken=0 | PCSrc=0 | next_PC=32
Time=315000 | PC=32 | inst=00202423 | state(x10)=1 | x2=2 | x1=0 | LEDs=0000000000000011 | ALUResult=00000008 | MemWrite=1 | address=00000008 | write_data=00000002

=== AFTER INPUT STATE ===
state(x10) = 1 (expected 1 = COUNTDOWN)
x2 = 2 (expected 5)
Time=325000 | PC=36 | inst=fff10113 | state(x10)=1 | x2=2 | x1=0 | LEDs=0000000000000010 | ALUResult=00000001 | MemWrite=0 | address=00000001 | write_data=00000000
Time=335000 | PC=40 | inst=fe000ae3 | state(x10)=1 | x2=1 | x1=0 | LEDs=0000000000000010 | ALUResult=00000000 | MemWrite=0 | address=00000000 | write_data=00000000
BRANCH | PC=40 | inst=fe000ae3 | funct3=000 | rs1=x0 | rs2=x0 | imm=-12 | ALUResult=00000000 | zero=1 | BLT_taken=0 | PCSrc=1 | next_PC=28
Time=345000 | PC=28 | inst=02010c63 | state(x10)=1 | x2=1 | x1=0 | LEDs=0000000000000010 | ALUResult=00000001 | MemWrite=0 | address=00000001 | write_data=00000000
BRANCH | PC=28 | inst=02010c63 | funct3=000 | rs1=x2 | rs2=x0 | imm=56 | ALUResult=00000001 | zero=0 | BLT_taken=0 | PCSrc=0 | next_PC=32
Time=355000 | PC=32 | inst=00202423 | state(x10)=1 | x2=1 | x1=0 | LEDs=0000000000000010 | ALUResult=00000008 | MemWrite=1 | address=00000008 | write_data=00000001
Time=365000 | PC=36 | inst=fff10113 | state(x10)=1 | x2=1 | x1=0 | LEDs=0000000000000001 | ALUResult=00000000 | MemWrite=0 | address=00000000 | write_data=00000000
Time=375000 | PC=40 | inst=fe000ae3 | state(x10)=1 | x2=0 | x1=0 | LEDs=0000000000000001 | ALUResult=00000000 | MemWrite=0 | address=00000000 | write_data=00000000
BRANCH | PC=40 | inst=fe000ae3 | funct3=000 | rs1=x0 | rs2=x0 | imm=-12 | ALUResult=00000000 | zero=1 | BLT_taken=0 | PCSrc=1 | next_PC=28
Time=385000 | PC=28 | inst=02010c63 | state(x10)=1 | x2=0 | x1=0 | LEDs=0000000000000001 | ALUResult=00000000 | MemWrite=0 | address=00000000 | write_data=00000000
BRANCH | PC=28 | inst=02010c63 | funct3=000 | rs1=x2 | rs2=x0 | imm=56 | ALUResult=00000000 | zero=1 | BLT_taken=0 | PCSrc=1 | next_PC=84
Time=395000 | PC=84 | inst=00002423 | state(x10)=1 | x2=0 | x1=0 | LEDs=0000000000000001 | ALUResult=00000008 | MemWrite=1 | address=00000008 | write_data=00000000
Time=405000 | PC=88 | inst=fa000ae3 | state(x10)=1 | x2=0 | x1=0 | LEDs=0000000000000000 | ALUResult=00000000 | MemWrite=0 | address=00000000 | write_data=00000000
BRANCH | PC=88 | inst=fa000ae3 | funct3=000 | rs1=x0 | rs2=x0 | imm=-76 | ALUResult=00000000 | zero=1 | BLT_taken=0 | PCSrc=1 | next_PC=12
Time=415000 | PC=12 | inst=00002083 | state(x10)=1 | x2=0 | x1=0 | LEDs=0000000000000000 | ALUResult=00000000 | MemWrite=0 | address=00000000 | write_data=00000000
Time=425000 | PC=16 | inst=00100193 | state(x10)=1 | x2=0 | x1=0 | LEDs=0000000000000000 | ALUResult=00000001 | MemWrite=0 | address=00000001 | write_data=00000000
Time=435000 | PC=20 | inst=02308663 | state(x10)=1 | x2=0 | x1=0 | LEDs=0000000000000000 | ALUResult=ffffffff | MemWrite=0 | address=ffffffff | write_data=00000001
BRANCH | PC=20 | inst=02308663 | funct3=000 | rs1=x1 | rs2=x3 | imm=44 | ALUResult=ffffffff | zero=0 | BLT_taken=0 | PCSrc=0 | next_PC=24
Time=445000 | PC=24 | inst=00050a63 | state(x10)=1 | x2=0 | x1=0 | LEDs=0000000000000000 | ALUResult=00000001 | MemWrite=0 | address=00000001 | write_data=00000000
BRANCH | PC=24 | inst=00050a63 | funct3=000 | rs1=x10 | rs2=x0 | imm=20 | ALUResult=00000001 | zero=0 | BLT_taken=0 | PCSrc=0 | next_PC=28
Time=455000 | PC=28 | inst=02010c63 | state(x10)=1 | x2=0 | x1=0 | LEDs=0000000000000000 | ALUResult=00000000 | MemWrite=0 | address=00000000 | write_data=00000000
BRANCH | PC=28 | inst=02010c63 | funct3=000 | rs1=x2 | rs2=x0 | imm=56 | ALUResult=00000000 | zero=1 | BLT_taken=0 | PCSrc=1 | next_PC=84
Time=465000 | PC=84 | inst=00002423 | state(x10)=1 | x2=0 | x1=0 | LEDs=0000000000000000 | ALUResult=00000008 | MemWrite=1 | address=00000008 | write_data=00000000
Time=475000 | PC=88 | inst=fa000ae3 | state(x10)=1 | x2=0 | x1=0 | LEDs=0000000000000000 | ALUResult=00000000 | MemWrite=0 | address=00000000 | write_data=00000000
BRANCH | PC=88 | inst=fa000ae3 | funct3=000 | rs1=x0 | rs2=x0 | imm=-76 | ALUResult=00000000 | zero=1 | BLT_taken=0 | PCSrc=1 | next_PC=12
Time=485000 | PC=12 | inst=00002083 | state(x10)=1 | x2=0 | x1=0 | LEDs=0000000000000000 | ALUResult=00000000 | MemWrite=0 | address=00000000 | write_data=00000000
Time=495000 | PC=16 | inst=00100193 | state(x10)=1 | x2=0 | x1=0 | LEDs=0000000000000000 | ALUResult=00000001 | MemWrite=0 | address=00000001 | write_data=00000000
Time=505000 | PC=20 | inst=02308663 | state(x10)=1 | x2=0 | x1=0 | LEDs=0000000000000000 | ALUResult=ffffffff | MemWrite=0 | address=ffffffff | write_data=00000001
BRANCH | PC=20 | inst=02308663 | funct3=000 | rs1=x1 | rs2=x3 | imm=44 | ALUResult=ffffffff | zero=0 | BLT_taken=0 | PCSrc=0 | next_PC=24
Time=515000 | PC=24 | inst=00050a63 | state(x10)=1 | x2=0 | x1=0 | LEDs=0000000000000000 | ALUResult=00000001 | MemWrite=0 | address=00000001 | write_data=00000000
BRANCH | PC=24 | inst=00050a63 | funct3=000 | rs1=x10 | rs2=x0 | imm=20 | ALUResult=00000001 | zero=0 | BLT_taken=0 | PCSrc=0 | next_PC=28
Time=525000 | PC=28 | inst=02010c63 | state(x10)=1 | x2=0 | x1=0 | LEDs=0000000000000000 | ALUResult=00000000 | MemWrite=0 | address=00000000 | write_data=00000000
BRANCH | PC=28 | inst=02010c63 | funct3=000 | rs1=x2 | rs2=x0 | imm=56 | ALUResult=00000000 | zero=1 | BLT_taken=0 | PCSrc=1 | next_PC=84
Time=535000 | PC=84 | inst=00002423 | state(x10)=1 | x2=0 | x1=0 | LEDs=0000000000000000 | ALUResult=00000008 | MemWrite=1 | address=00000008 | write_data=00000000
Time=545000 | PC=88 | inst=fa000ae3 | state(x10)=1 | x2=0 | x1=0 | LEDs=0000000000000000 | ALUResult=00000000 | MemWrite=0 | address=00000000 | write_data=00000000
BRANCH | PC=88 | inst=fa000ae3 | funct3=000 | rs1=x0 | rs2=x0 | imm=-76 | ALUResult=00000000 | zero=1 | BLT_taken=0 | PCSrc=1 | next_PC=12
Time=555000 | PC=12 | inst=00002083 | state(x10)=1 | x2=0 | x1=0 | LEDs=0000000000000000 | ALUResult=00000000 | MemWrite=0 | address=00000000 | write_data=00000000
Time=565000 | PC=16 | inst=00100193 | state(x10)=1 | x2=0 | x1=0 | LEDs=0000000000000000 | ALUResult=00000001 | MemWrite=0 | address=00000001 | write_data=00000000
Time=575000 | PC=20 | inst=02308663 | state(x10)=1 | x2=0 | x1=0 | LEDs=0000000000000000 | ALUResult=ffffffff | MemWrite=0 | address=ffffffff | write_data=00000001
BRANCH | PC=20 | inst=02308663 | funct3=000 | rs1=x1 | rs2=x3 | imm=44 | ALUResult=ffffffff | zero=0 | BLT_taken=0 | PCSrc=0 | next_PC=24
Time=585000 | PC=24 | inst=00050a63 | state(x10)=1 | x2=0 | x1=0 | LEDs=0000000000000000 | ALUResult=00000001 | MemWrite=0 | address=00000001 | write_data=00000000
BRANCH | PC=24 | inst=00050a63 | funct3=000 | rs1=x10 | rs2=x0 | imm=20 | ALUResult=00000001 | zero=0 | BLT_taken=0 | PCSrc=0 | next_PC=28
Time=595000 | PC=28 | inst=02010c63 | state(x10)=1 | x2=0 | x1=0 | LEDs=0000000000000000 | ALUResult=00000000 | MemWrite=0 | address=00000000 | write_data=00000000
BRANCH | PC=28 | inst=02010c63 | funct3=000 | rs1=x2 | rs2=x0 | imm=56 | ALUResult=00000000 | zero=1 | BLT_taken=0 | PCSrc=1 | next_PC=84
Time=605000 | PC=84 | inst=00002423 | state(x10)=1 | x2=0 | x1=0 | LEDs=0000000000000000 | ALUResult=00000008 | MemWrite=1 | address=00000008 | write_data=00000000
Time=615000 | PC=88 | inst=fa000ae3 | state(x10)=1 | x2=0 | x1=0 | LEDs=0000000000000000 | ALUResult=00000000 | MemWrite=0 | address=00000000 | write_data=00000000
BRANCH | PC=88 | inst=fa000ae3 | funct3=000 | rs1=x0 | rs2=x0 | imm=-76 | ALUResult=00000000 | zero=1 | BLT_taken=0 | PCSrc=1 | next_PC=12
Time=625000 | PC=12 | inst=00002083 | state(x10)=1 | x2=0 | x1=0 | LEDs=0000000000000000 | ALUResult=00000000 | MemWrite=0 | address=00000000 | write_data=00000000
Time=635000 | PC=16 | inst=00100193 | state(x10)=1 | x2=0 | x1=0 | LEDs=0000000000000000 | ALUResult=00000001 | MemWrite=0 | address=00000001 | write_data=00000000
Time=645000 | PC=20 | inst=02308663 | state(x10)=1 | x2=0 | x1=0 | LEDs=0000000000000000 | ALUResult=ffffffff | MemWrite=0 | address=ffffffff | write_data=00000001
BRANCH | PC=20 | inst=02308663 | funct3=000 | rs1=x1 | rs2=x3 | imm=44 | ALUResult=ffffffff | zero=0 | BLT_taken=0 | PCSrc=0 | next_PC=24
Time=655000 | PC=24 | inst=00050a63 | state(x10)=1 | x2=0 | x1=0 | LEDs=0000000000000000 | ALUResult=00000001 | MemWrite=0 | address=00000001 | write_data=00000000
BRANCH | PC=24 | inst=00050a63 | funct3=000 | rs1=x10 | rs2=x0 | imm=20 | ALUResult=00000001 | zero=0 | BLT_taken=0 | PCSrc=0 | next_PC=28
Time=665000 | PC=28 | inst=02010c63 | state(x10)=1 | x2=0 | x1=0 | LEDs=0000000000000000 | ALUResult=00000000 | MemWrite=0 | address=00000000 | write_data=00000000
BRANCH | PC=28 | inst=02010c63 | funct3=000 | rs1=x2 | rs2=x0 | imm=56 | ALUResult=00000000 | zero=1 | BLT_taken=0 | PCSrc=1 | next_PC=84
Time=675000 | PC=84 | inst=00002423 | state(x10)=1 | x2=0 | x1=0 | LEDs=0000000000000000 | ALUResult=00000008 | MemWrite=1 | address=00000008 | write_data=00000000
Time=685000 | PC=88 | inst=fa000ae3 | state(x10)=1 | x2=0 | x1=0 | LEDs=0000000000000000 | ALUResult=00000000 | MemWrite=0 | address=00000000 | write_data=00000000
BRANCH | PC=88 | inst=fa000ae3 | funct3=000 | rs1=x0 | rs2=x0 | imm=-76 | ALUResult=00000000 | zero=1 | BLT_taken=0 | PCSrc=1 | next_PC=12
Time=695000 | PC=12 | inst=00002083 | state(x10)=1 | x2=0 | x1=0 | LEDs=0000000000000000 | ALUResult=00000000 | MemWrite=0 | address=00000000 | write_data=00000000
Time=705000 | PC=16 | inst=00100193 | state(x10)=1 | x2=0 | x1=0 | LEDs=0000000000000000 | ALUResult=00000001 | MemWrite=0 | address=00000001 | write_data=00000000
Time=715000 | PC=20 | inst=02308663 | state(x10)=1 | x2=0 | x1=0 | LEDs=0000000000000000 | ALUResult=ffffffff | MemWrite=0 | address=ffffffff | write_data=00000001
BRANCH | PC=20 | inst=02308663 | funct3=000 | rs1=x1 | rs2=x3 | imm=44 | ALUResult=ffffffff | zero=0 | BLT_taken=0 | PCSrc=0 | next_PC=24
Time=725000 | PC=24 | inst=00050a63 | state(x10)=1 | x2=0 | x1=0 | LEDs=0000000000000000 | ALUResult=00000001 | MemWrite=0 | address=00000001 | write_data=00000000
BRANCH | PC=24 | inst=00050a63 | funct3=000 | rs1=x10 | rs2=x0 | imm=20 | ALUResult=00000001 | zero=0 | BLT_taken=0 | PCSrc=0 | next_PC=28
Time=735000 | PC=28 | inst=02010c63 | state(x10)=1 | x2=0 | x1=0 | LEDs=0000000000000000 | ALUResult=00000000 | MemWrite=0 | address=00000000 | write_data=00000000
BRANCH | PC=28 | inst=02010c63 | funct3=000 | rs1=x2 | rs2=x0 | imm=56 | ALUResult=00000000 | zero=1 | BLT_taken=0 | PCSrc=1 | next_PC=84
Time=745000 | PC=84 | inst=00002423 | state(x10)=1 | x2=0 | x1=0 | LEDs=0000000000000000 | ALUResult=00000008 | MemWrite=1 | address=00000008 | write_data=00000000
Time=755000 | PC=88 | inst=fa000ae3 | state(x10)=1 | x2=0 | x1=0 | LEDs=0000000000000000 | ALUResult=00000000 | MemWrite=0 | address=00000000 | write_data=00000000
BRANCH | PC=88 | inst=fa000ae3 | funct3=000 | rs1=x0 | rs2=x0 | imm=-76 | ALUResult=00000000 | zero=1 | BLT_taken=0 | PCSrc=1 | next_PC=12
Time=765000 | PC=12 | inst=00002083 | state(x10)=1 | x2=0 | x1=0 | LEDs=0000000000000000 | ALUResult=00000000 | MemWrite=0 | address=00000000 | write_data=00000000
Time=775000 | PC=16 | inst=00100193 | state(x10)=1 | x2=0 | x1=0 | LEDs=0000000000000000 | ALUResult=00000001 | MemWrite=0 | address=00000001 | write_data=00000000
Time=785000 | PC=20 | inst=02308663 | state(x10)=1 | x2=0 | x1=0 | LEDs=0000000000000000 | ALUResult=ffffffff | MemWrite=0 | address=ffffffff | write_data=00000001
BRANCH | PC=20 | inst=02308663 | funct3=000 | rs1=x1 | rs2=x3 | imm=44 | ALUResult=ffffffff | zero=0 | BLT_taken=0 | PCSrc=0 | next_PC=24
Time=795000 | PC=24 | inst=00050a63 | state(x10)=1 | x2=0 | x1=0 | LEDs=0000000000000000 | ALUResult=00000001 | MemWrite=0 | address=00000001 | write_data=00000000
BRANCH | PC=24 | inst=00050a63 | funct3=000 | rs1=x10 | rs2=x0 | imm=20 | ALUResult=00000001 | zero=0 | BLT_taken=0 | PCSrc=0 | next_PC=28
Time=805000 | PC=28 | inst=02010c63 | state(x10)=1 | x2=0 | x1=0 | LEDs=0000000000000000 | ALUResult=00000000 | MemWrite=0 | address=00000000 | write_data=00000000
BRANCH | PC=28 | inst=02010c63 | funct3=000 | rs1=x2 | rs2=x0 | imm=56 | ALUResult=00000000 | zero=1 | BLT_taken=0 | PCSrc=1 | next_PC=84
Time=815000 | PC=84 | inst=00002423 | state(x10)=1 | x2=0 | x1=0 | LEDs=0000000000000000 | ALUResult=00000008 | MemWrite=1 | address=00000008 | write_data=00000000
Time=825000 | PC=88 | inst=fa000ae3 | state(x10)=1 | x2=0 | x1=0 | LEDs=0000000000000000 | ALUResult=00000000 | MemWrite=0 | address=00000000 | write_data=00000000
BRANCH | PC=88 | inst=fa000ae3 | funct3=000 | rs1=x0 | rs2=x0 | imm=-76 | ALUResult=00000000 | zero=1 | BLT_taken=0 | PCSrc=1 | next_PC=12
Time=835000 | PC=12 | inst=00002083 | state(x10)=1 | x2=0 | x1=0 | LEDs=0000000000000000 | ALUResult=00000000 | MemWrite=0 | address=00000000 | write_data=00000000
Time=845000 | PC=16 | inst=00100193 | state(x10)=1 | x2=0 | x1=0 | LEDs=0000000000000000 | ALUResult=00000001 | MemWrite=0 | address=00000001 | write_data=00000000
Time=855000 | PC=20 | inst=02308663 | state(x10)=1 | x2=0 | x1=0 | LEDs=0000000000000000 | ALUResult=ffffffff | MemWrite=0 | address=ffffffff | write_data=00000001
BRANCH | PC=20 | inst=02308663 | funct3=000 | rs1=x1 | rs2=x3 | imm=44 | ALUResult=ffffffff | zero=0 | BLT_taken=0 | PCSrc=0 | next_PC=24
Time=865000 | PC=24 | inst=00050a63 | state(x10)=1 | x2=0 | x1=0 | LEDs=0000000000000000 | ALUResult=00000001 | MemWrite=0 | address=00000001 | write_data=00000000
BRANCH | PC=24 | inst=00050a63 | funct3=000 | rs1=x10 | rs2=x0 | imm=20 | ALUResult=00000001 | zero=0 | BLT_taken=0 | PCSrc=0 | next_PC=28
Time=875000 | PC=28 | inst=02010c63 | state(x10)=1 | x2=0 | x1=0 | LEDs=0000000000000000 | ALUResult=00000000 | MemWrite=0 | address=00000000 | write_data=00000000
BRANCH | PC=28 | inst=02010c63 | funct3=000 | rs1=x2 | rs2=x0 | imm=56 | ALUResult=00000000 | zero=1 | BLT_taken=0 | PCSrc=1 | next_PC=84
Time=885000 | PC=84 | inst=00002423 | state(x10)=1 | x2=0 | x1=0 | LEDs=0000000000000000 | ALUResult=00000008 | MemWrite=1 | address=00000008 | write_data=00000000
Time=895000 | PC=88 | inst=fa000ae3 | state(x10)=1 | x2=0 | x1=0 | LEDs=0000000000000000 | ALUResult=00000000 | MemWrite=0 | address=00000000 | write_data=00000000
BRANCH | PC=88 | inst=fa000ae3 | funct3=000 | rs1=x0 | rs2=x0 | imm=-76 | ALUResult=00000000 | zero=1 | BLT_taken=0 | PCSrc=1 | next_PC=12
Time=905000 | PC=12 | inst=00002083 | state(x10)=1 | x2=0 | x1=0 | LEDs=0000000000000000 | ALUResult=00000000 | MemWrite=0 | address=00000000 | write_data=00000000
Time=915000 | PC=16 | inst=00100193 | state(x10)=1 | x2=0 | x1=0 | LEDs=0000000000000000 | ALUResult=00000001 | MemWrite=0 | address=00000001 | write_data=00000000
Time=925000 | PC=20 | inst=02308663 | state(x10)=1 | x2=0 | x1=0 | LEDs=0000000000000000 | ALUResult=ffffffff | MemWrite=0 | address=ffffffff | write_data=00000001
BRANCH | PC=20 | inst=02308663 | funct3=000 | rs1=x1 | rs2=x3 | imm=44 | ALUResult=ffffffff | zero=0 | BLT_taken=0 | PCSrc=0 | next_PC=24
Time=935000 | PC=24 | inst=00050a63 | state(x10)=1 | x2=0 | x1=0 | LEDs=0000000000000000 | ALUResult=00000001 | MemWrite=0 | address=00000001 | write_data=00000000
BRANCH | PC=24 | inst=00050a63 | funct3=000 | rs1=x10 | rs2=x0 | imm=20 | ALUResult=00000001 | zero=0 | BLT_taken=0 | PCSrc=0 | next_PC=28
Time=945000 | PC=28 | inst=02010c63 | state(x10)=1 | x2=0 | x1=0 | LEDs=0000000000000000 | ALUResult=00000000 | MemWrite=0 | address=00000000 | write_data=00000000
BRANCH | PC=28 | inst=02010c63 | funct3=000 | rs1=x2 | rs2=x0 | imm=56 | ALUResult=00000000 | zero=1 | BLT_taken=0 | PCSrc=1 | next_PC=84
Time=955000 | PC=84 | inst=00002423 | state(x10)=1 | x2=0 | x1=0 | LEDs=0000000000000000 | ALUResult=00000008 | MemWrite=1 | address=00000008 | write_data=00000000
Time=965000 | PC=88 | inst=fa000ae3 | state(x10)=1 | x2=0 | x1=0 | LEDs=0000000000000000 | ALUResult=00000000 | MemWrite=0 | address=00000000 | write_data=00000000
BRANCH | PC=88 | inst=fa000ae3 | funct3=000 | rs1=x0 | rs2=x0 | imm=-76 | ALUResult=00000000 | zero=1 | BLT_taken=0 | PCSrc=1 | next_PC=12
Time=975000 | PC=12 | inst=00002083 | state(x10)=1 | x2=0 | x1=0 | LEDs=0000000000000000 | ALUResult=00000000 | MemWrite=0 | address=00000000 | write_data=00000000
Time=985000 | PC=16 | inst=00100193 | state(x10)=1 | x2=0 | x1=0 | LEDs=0000000000000000 | ALUResult=00000001 | MemWrite=0 | address=00000001 | write_data=00000000
Time=995000 | PC=20 | inst=02308663 | state(x10)=1 | x2=0 | x1=0 | LEDs=0000000000000000 | ALUResult=ffffffff | MemWrite=0 | address=ffffffff | write_data=00000001
BRANCH | PC=20 | inst=02308663 | funct3=000 | rs1=x1 | rs2=x3 | imm=44 | ALUResult=ffffffff | zero=0 | BLT_taken=0 | PCSrc=0 | next_PC=24
INFO: [USF-XSim-96] XSim completed. Design snapshot 'tb_countdown_behav' loaded.
INFO: [USF-XSim-97] XSim simulation ran for 1000ns
close_sim
INFO: [Simtcl 6-16] Simulation closed
launch_runs synth_1 -jobs 7
[Wed Apr 29 15:41:11 2026] Launched synth_1...
Run output will be captured here: C:/Users/ha10609/Downloads/CA-Labs-T1/TopProcessor/lab11.runs/synth_1/runme.log
launch_runs impl_1 -jobs 7
[Wed Apr 29 15:42:47 2026] Launched impl_1...
Run output will be captured here: C:/Users/ha10609/Downloads/CA-Labs-T1/TopProcessor/lab11.runs/impl_1/runme.log
launch_runs impl_1 -to_step write_bitstream -jobs 7
[Wed Apr 29 15:44:43 2026] Launched impl_1...
Run output will be captured here: C:/Users/ha10609/Downloads/CA-Labs-T1/TopProcessor/lab11.runs/impl_1/runme.log
open_hw_manager
reset_run synth_1
launch_runs impl_1 -to_step write_bitstream -jobs 7
[Wed Apr 29 15:45:27 2026] Launched synth_1...
Run output will be captured here: C:/Users/ha10609/Downloads/CA-Labs-T1/TopProcessor/lab11.runs/synth_1/runme.log
[Wed Apr 29 15:45:27 2026] Launched impl_1...
Run output will be captured here: C:/Users/ha10609/Downloads/CA-Labs-T1/TopProcessor/lab11.runs/impl_1/runme.log
connect_hw_server -allow_non_jtag
INFO: [Labtools 27-2285] Connecting to hw_server url TCP:localhost:3121
INFO: [Labtools 27-2222] Launching hw_server...
INFO: [Labtools 27-2221] Launch Output:

****** Xilinx hw_server v2020.1
  **** Build date : May 27 2020 at 20:24:38
    ** Copyright 1986-2020 Xilinx, Inc. All Rights Reserved.


INFO: [Labtools 27-3415] Connecting to cs_server url TCP:localhost:3042
INFO: [Labtools 27-3417] Launching cs_server...
INFO: [Labtools 27-2221] Launch Output:


****** Xilinx cs_server v2020.1.0
  **** Build date : May 14 2020-06:10:29
    ** Copyright 2017-2020 Xilinx, Inc. All Rights Reserved.



connect_hw_server: Time (s): cpu = 00:00:00 ; elapsed = 00:00:07 . Memory (MB): peak = 1027.758 ; gain = 0.000
open_hw_target
INFO: [Labtoolstcl 44-466] Opening hw_target localhost:3121/xilinx_tcf/Digilent/210183AF305AA
set_property PROGRAM.FILE {C:/Users/ha10609/Downloads/CA-Labs-T1/TopProcessor/lab11.runs/impl_1/TopModule.bit} [get_hw_devices xc7a35t_0]
current_hw_device [get_hw_devices xc7a35t_0]
refresh_hw_device -update_hw_probes false [lindex [get_hw_devices xc7a35t_0] 0]
INFO: [Labtools 27-1435] Device xc7a35t (JTAG device index = 0) is not programmed (DONE status = 0).
set_property PROBES.FILE {} [get_hw_devices xc7a35t_0]
set_property FULL_PROBES.FILE {} [get_hw_devices xc7a35t_0]
set_property PROGRAM.FILE {C:/Users/ha10609/Downloads/CA-Labs-T1/TopProcessor/lab11.runs/impl_1/TopModule.bit} [get_hw_devices xc7a35t_0]
program_hw_devices [get_hw_devices xc7a35t_0]
INFO: [Labtools 27-3164] End of startup status: HIGH
refresh_hw_device [lindex [get_hw_devices xc7a35t_0] 0]
INFO: [Labtools 27-1434] Device xc7a35t (JTAG device index = 0) is programmed with a design that has no supported debug core(s) in it.
set_property PROBES.FILE {} [get_hw_devices xc7a35t_0]
set_property FULL_PROBES.FILE {} [get_hw_devices xc7a35t_0]
set_property PROGRAM.FILE {C:/Users/ha10609/Downloads/CA-Labs-T1/TopProcessor/lab11.runs/impl_1/TopModule.bit} [get_hw_devices xc7a35t_0]
program_hw_devices [get_hw_devices xc7a35t_0]
INFO: [Labtools 27-3164] End of startup status: HIGH
refresh_hw_device [lindex [get_hw_devices xc7a35t_0] 0]
INFO: [Labtools 27-1434] Device xc7a35t (JTAG device index = 0) is programmed with a design that has no supported debug core(s) in it.
refresh_hw_device [lindex [get_hw_devices xc7a35t_0] 0]
INFO: [Labtools 27-1434] Device xc7a35t (JTAG device index = 0) is programmed with a design that has no supported debug core(s) in it.
set_property PROBES.FILE {} [get_hw_devices xc7a35t_0]
set_property FULL_PROBES.FILE {} [get_hw_devices xc7a35t_0]
set_property PROGRAM.FILE {C:/Users/ha10609/Downloads/CA-Labs-T1/TopProcessor/lab11.runs/impl_1/TopModule.bit} [get_hw_devices xc7a35t_0]
program_hw_devices [get_hw_devices xc7a35t_0]
INFO: [Labtools 27-3164] End of startup status: HIGH
refresh_hw_device [lindex [get_hw_devices xc7a35t_0] 0]
INFO: [Labtools 27-1434] Device xc7a35t (JTAG device index = 0) is programmed with a design that has no supported debug core(s) in it.
set_property top tb_task2 [get_filesets sim_1]
set_property top_lib xil_defaultlib [get_filesets sim_1]
update_compile_order -fileset sim_1
launch_simulation
Command: launch_simulation 
INFO: [Vivado 12-5682] Launching behavioral simulation in 'C:/Users/ha10609/Downloads/CA-Labs-T1/TopProcessor/lab11.sim/sim_1/behav/xsim'
INFO: [SIM-utils-51] Simulation object is 'sim_1'
INFO: [SIM-utils-54] Inspecting design source files for 'tb_task2' in fileset 'sim_1'...
INFO: [SIM-utils-43] Exported 'C:/Users/ha10609/Downloads/CA-Labs-T1/TopProcessor/lab11.sim/sim_1/behav/xsim/instructions_task1.mem'
INFO: [SIM-utils-43] Exported 'C:/Users/ha10609/Downloads/CA-Labs-T1/TopProcessor/lab11.sim/sim_1/behav/xsim/instructions_task2.mem'
INFO: [SIM-utils-43] Exported 'C:/Users/ha10609/Downloads/CA-Labs-T1/TopProcessor/lab11.sim/sim_1/behav/xsim/instructions_task3.mem'
INFO: [USF-XSim-97] Finding global include files...
INFO: [USF-XSim-98] Fetching design files from 'sim_1'...
INFO: [USF-XSim-2] XSim::Compile design
INFO: [USF-XSim-61] Executing 'COMPILE and ANALYZE' step in 'C:/Users/ha10609/Downloads/CA-Labs-T1/TopProcessor/lab11.sim/sim_1/behav/xsim'
"xvlog --incr --relax -prj tb_task2_vlog.prj"
INFO: [VRFC 10-2263] Analyzing Verilog file "C:/Users/ha10609/Downloads/CA-Labs-T1/TopProcessor/lab11.srcs/sources_1/new/2_MUX.v" into library xil_defaultlib
INFO: [VRFC 10-311] analyzing module branch_MUX
INFO: [VRFC 10-2263] Analyzing Verilog file "C:/Users/ha10609/Downloads/CA-Labs-T1/TopProcessor/lab11.srcs/sources_1/new/ALU.v" into library xil_defaultlib
INFO: [VRFC 10-311] analyzing module ALU
INFO: [VRFC 10-2263] Analyzing Verilog file "C:/Users/ha10609/Downloads/CA-Labs-T1/TopProcessor/lab11.srcs/sources_1/new/ALUControl.v" into library xil_defaultlib
INFO: [VRFC 10-311] analyzing module ALUControl
INFO: [VRFC 10-2263] Analyzing Verilog file "C:/Users/ha10609/Downloads/CA-Labs-T1/TopProcessor/lab11.srcs/sources_1/new/BranchAdd.v" into library xil_defaultlib
INFO: [VRFC 10-311] analyzing module BranchAdd
INFO: [VRFC 10-2263] Analyzing Verilog file "C:/Users/ha10609/Downloads/CA-Labs-T1/TopProcessor/lab11.srcs/sources_1/new/DataMemory.v" into library xil_defaultlib
INFO: [VRFC 10-311] analyzing module DataMemory
INFO: [VRFC 10-2263] Analyzing Verilog file "C:/Users/ha10609/Downloads/CA-Labs-T1/TopProcessor/lab11.srcs/sources_1/new/InstructionMemory.v" into library xil_defaultlib
INFO: [VRFC 10-311] analyzing module instructionMemory
INFO: [VRFC 10-2263] Analyzing Verilog file "C:/Users/ha10609/Downloads/CA-Labs-T1/TopProcessor/lab11.srcs/sources_1/new/MainControl.v" into library xil_defaultlib
INFO: [VRFC 10-311] analyzing module MainControl
INFO: [VRFC 10-2263] Analyzing Verilog file "C:/Users/ha10609/Downloads/CA-Labs-T1/TopProcessor/lab11.srcs/sources_1/new/PC.v" into library xil_defaultlib
INFO: [VRFC 10-311] analyzing module PC
INFO: [VRFC 10-2263] Analyzing Verilog file "C:/Users/ha10609/Downloads/CA-Labs-T1/TopProcessor/lab11.srcs/sources_1/new/PCAdder.v" into library xil_defaultlib
INFO: [VRFC 10-311] analyzing module PCAdder
INFO: [VRFC 10-2263] Analyzing Verilog file "C:/Users/ha10609/Downloads/CA-Labs-T1/TopProcessor/lab11.srcs/sources_1/new/Register.v" into library xil_defaultlib
INFO: [VRFC 10-311] analyzing module Register
INFO: [VRFC 10-2263] Analyzing Verilog file "C:/Users/ha10609/Downloads/CA-Labs-T1/TopProcessor/lab11.srcs/sources_1/new/TopProcessor.v" into library xil_defaultlib
INFO: [VRFC 10-311] analyzing module topProcessor
INFO: [VRFC 10-2263] Analyzing Verilog file "C:/Users/ha10609/Downloads/CA-Labs-T1/TopProcessor/lab11.srcs/sources_1/new/immGen.v" into library xil_defaultlib
INFO: [VRFC 10-311] analyzing module immGen
INFO: [VRFC 10-2263] Analyzing Verilog file "C:/Users/ha10609/Downloads/CA-Labs-T1/TopProcessor/lab11.srcs/sources_1/new/sevensegment.v" into library xil_defaultlib
INFO: [VRFC 10-311] analyzing module SevenSegment
INFO: [VRFC 10-2263] Analyzing Verilog file "C:/Users/ha10609/Downloads/CA-Labs-T1/TopProcessor/lab11.srcs/sim_1/new/task2_tb.v" into library xil_defaultlib
INFO: [VRFC 10-311] analyzing module tb_task2
INFO: [USF-XSim-69] 'compile' step finished in '1' seconds
INFO: [USF-XSim-3] XSim::Elaborate design
INFO: [USF-XSim-61] Executing 'ELABORATE' step in 'C:/Users/ha10609/Downloads/CA-Labs-T1/TopProcessor/lab11.sim/sim_1/behav/xsim'
"xelab -wto f8d01134f7dc4a89acf0d8e4e2a22205 --incr --debug typical --relax --mt 2 -L xil_defaultlib -L unisims_ver -L unimacro_ver -L secureip --snapshot tb_task2_behav xil_defaultlib.tb_task2 xil_defaultlib.glbl -log elaborate.log"
Vivado Simulator 2020.1
Copyright 1986-1999, 2001-2020 Xilinx, Inc. All Rights Reserved.
Running: C:/Xilinx/Vivado/2020.1/bin/unwrapped/win64.o/xelab.exe -wto f8d01134f7dc4a89acf0d8e4e2a22205 --incr --debug typical --relax --mt 2 -L xil_defaultlib -L unisims_ver -L unimacro_ver -L secureip --snapshot tb_task2_behav xil_defaultlib.tb_task2 xil_defaultlib.glbl -log elaborate.log 
Using 2 slave threads.
Starting static elaboration
Pass Through NonSizing Optimizer
Completed static elaboration
Starting simulation data flow analysis
Completed simulation data flow analysis
Time Resolution for simulation is 1ps
Compiling module xil_defaultlib.ALU
Compiling module xil_defaultlib.Register
Compiling module xil_defaultlib.DataMemory
Compiling module xil_defaultlib.MainControl
Compiling module xil_defaultlib.ALUControl
Compiling module xil_defaultlib.instructionMemory
Compiling module xil_defaultlib.branch_MUX
Compiling module xil_defaultlib.PC
Compiling module xil_defaultlib.PCAdder
Compiling module xil_defaultlib.BranchAdd
Compiling module xil_defaultlib.immGen
Compiling module xil_defaultlib.SevenSegment
Compiling module xil_defaultlib.topProcessor
Compiling module xil_defaultlib.tb_task2
Compiling module xil_defaultlib.glbl
Built simulation snapshot tb_task2_behav
INFO: [USF-XSim-69] 'elaborate' step finished in '3' seconds
INFO: [USF-XSim-4] XSim::Simulate design
INFO: [USF-XSim-61] Executing 'SIMULATE' step in 'C:/Users/ha10609/Downloads/CA-Labs-T1/TopProcessor/lab11.sim/sim_1/behav/xsim'
INFO: [USF-XSim-98] *** Running xsim
   with args "tb_task2_behav -key {Behavioral:sim_1:Functional:tb_task2} -tclbatch {tb_task2.tcl} -log {simulate.log}"
INFO: [USF-XSim-8] Loading simulator feature
Vivado Simulator 2020.1
Time resolution is 1 ps
source tb_task2.tcl
# set curr_wave [current_wave_config]
# if { [string length $curr_wave] == 0 } {
#   if { [llength [get_objects]] > 0} {
#     add_wave /
#     set_property needs_save false [current_wave_config]
#   } else {
#      send_msg_id Add_Wave-1 WARNING "No top level signals found. Simulator will start without a wave window. If you want to open a wave window go to 'File->New Waveform Configuration' or type 'create_wave_config' in the TCL console."
#   }
# }
# run 1000ns
0	| 123450b7	| 11	| 1000		| 1		| 12345000	| 12345000	| 12345000		| 12345000		| 12345000			| 1
=== TASK 2 DEBUG ===
PC	| inst		| ALUOp	| ALUctrl	| ALUSrc	| imm		| ALU_B		| ALUResult	| writeData	| writeData_final	| RegWrite
-----------------------------------------------------------------------
4	| 00300113	| 10	| 0010		| 1		| 00000003	| 00000003	| 00000003		| 00000003		| 00000003			| 1
8	| 00700193	| 10	| 0010		| 1		| 00000007	| 00000007	| 00000007		| 00000007		| 00000007			| 1
12	| 0031c463	| 01	| 0110		| 0		| 00000008	| 00000007	| 00000000		| 00000000		| 00000000			| 0
20	| 06300213	| 10	| 0010		| 1		| 00000063	| 00000063	| 00000063		| 00000063		| 00000063			| 1
24	| 008002ef	| 00	| 0010		| 0		| 00000008	| 00000000	| 00000000		| 00000000		| 0000001c			| 1
32	| 02a00313	| 10	| 0010		| 1		| 0000002a	| 0000002a	| 0000002a		| 0000002a		| 0000002a			| 1
36	| fff10113	| 10	| 0010		| 1		| ffffffff	| ffffffff	| 00000002		| 00000002		| 00000002			| 1
40	| fe000ae3	| 01	| 0110		| 0		| fffffff4	| 00000000	| 00000000		| 00000000		| 00000000			| 0

=== RESULTS ===
LUI  PASS: x1 = 0x12345000 (expected 0x12345000)
BLT  PASS: x4 = 99 (expected 99)
JAL  PASS: x6 = 42 (expected 42)
===============
28	| 00000313	| 10	| 0010		| 1		| 00000000	| 00000000	| 00000000		| 00000000		| 00000000			| 1
32	| 02a00313	| 10	| 0010		| 1		| 0000002a	| 0000002a	| 0000002a		| 0000002a		| 0000002a			| 1
36	| fff10113	| 10	| 0010		| 1		| ffffffff	| ffffffff	| 00000001		| 00000001		| 00000001			| 1
40	| fe000ae3	| 01	| 0110		| 0		| fffffff4	| 00000000	| 00000000		| 00000000		| 00000000			| 0
28	| 00000313	| 10	| 0010		| 1		| 00000000	| 00000000	| 00000000		| 00000000		| 00000000			| 1
32	| 02a00313	| 10	| 0010		| 1		| 0000002a	| 0000002a	| 0000002a		| 0000002a		| 0000002a			| 1
36	| fff10113	| 10	| 0010		| 1		| ffffffff	| ffffffff	| 00000000		| 00000000		| 00000000			| 1
40	| fe000ae3	| 01	| 0110		| 0		| fffffff4	| 00000000	| 00000000		| 00000000		| 00000000			| 0
28	| 00000313	| 10	| 0010		| 1		| 00000000	| 00000000	| 00000000		| 00000000		| 00000000			| 1
32	| 02a00313	| 10	| 0010		| 1		| 0000002a	| 0000002a	| 0000002a		| 0000002a		| 0000002a			| 1
36	| fff10113	| 10	| 0010		| 1		| ffffffff	| ffffffff	| ffffffff		| ffffffff		| ffffffff			| 1
40	| fe000ae3	| 01	| 0110		| 0		| fffffff4	| 00000000	| 00000000		| 00000000		| 00000000			| 0
28	| 00000313	| 10	| 0010		| 1		| 00000000	| 00000000	| 00000000		| 00000000		| 00000000			| 1
32	| 02a00313	| 10	| 0010		| 1		| 0000002a	| 0000002a	| 0000002a		| 0000002a		| 0000002a			| 1
36	| fff10113	| 10	| 0010		| 1		| ffffffff	| ffffffff	| fffffffe		| fffffffe		| fffffffe			| 1
40	| fe000ae3	| 01	| 0110		| 0		| fffffff4	| 00000000	| 00000000		| 00000000		| 00000000			| 0
28	| 00000313	| 10	| 0010		| 1		| 00000000	| 00000000	| 00000000		| 00000000		| 00000000			| 1
32	| 02a00313	| 10	| 0010		| 1		| 0000002a	| 0000002a	| 0000002a		| 0000002a		| 0000002a			| 1
36	| fff10113	| 10	| 0010		| 1		| ffffffff	| ffffffff	| fffffffd		| fffffffd		| fffffffd			| 1
40	| fe000ae3	| 01	| 0110		| 0		| fffffff4	| 00000000	| 00000000		| 00000000		| 00000000			| 0
28	| 00000313	| 10	| 0010		| 1		| 00000000	| 00000000	| 00000000		| 00000000		| 00000000			| 1
32	| 02a00313	| 10	| 0010		| 1		| 0000002a	| 0000002a	| 0000002a		| 0000002a		| 0000002a			| 1
36	| fff10113	| 10	| 0010		| 1		| ffffffff	| ffffffff	| fffffffc		| fffffffc		| fffffffc			| 1
40	| fe000ae3	| 01	| 0110		| 0		| fffffff4	| 00000000	| 00000000		| 00000000		| 00000000			| 0
28	| 00000313	| 10	| 0010		| 1		| 00000000	| 00000000	| 00000000		| 00000000		| 00000000			| 1
32	| 02a00313	| 10	| 0010		| 1		| 0000002a	| 0000002a	| 0000002a		| 0000002a		| 0000002a			| 1
36	| fff10113	| 10	| 0010		| 1		| ffffffff	| ffffffff	| fffffffb		| fffffffb		| fffffffb			| 1
40	| fe000ae3	| 01	| 0110		| 0		| fffffff4	| 00000000	| 00000000		| 00000000		| 00000000			| 0
28	| 00000313	| 10	| 0010		| 1		| 00000000	| 00000000	| 00000000		| 00000000		| 00000000			| 1
32	| 02a00313	| 10	| 0010		| 1		| 0000002a	| 0000002a	| 0000002a		| 0000002a		| 0000002a			| 1
36	| fff10113	| 10	| 0010		| 1		| ffffffff	| ffffffff	| fffffffa		| fffffffa		| fffffffa			| 1
40	| fe000ae3	| 01	| 0110		| 0		| fffffff4	| 00000000	| 00000000		| 00000000		| 00000000			| 0
28	| 00000313	| 10	| 0010		| 1		| 00000000	| 00000000	| 00000000		| 00000000		| 00000000			| 1
32	| 02a00313	| 10	| 0010		| 1		| 0000002a	| 0000002a	| 0000002a		| 0000002a		| 0000002a			| 1
36	| fff10113	| 10	| 0010		| 1		| ffffffff	| ffffffff	| fffffff9		| fffffff9		| fffffff9			| 1
40	| fe000ae3	| 01	| 0110		| 0		| fffffff4	| 00000000	| 00000000		| 00000000		| 00000000			| 0
28	| 00000313	| 10	| 0010		| 1		| 00000000	| 00000000	| 00000000		| 00000000		| 00000000			| 1
32	| 02a00313	| 10	| 0010		| 1		| 0000002a	| 0000002a	| 0000002a		| 0000002a		| 0000002a			| 1
36	| fff10113	| 10	| 0010		| 1		| ffffffff	| ffffffff	| fffffff8		| fffffff8		| fffffff8			| 1
40	| fe000ae3	| 01	| 0110		| 0		| fffffff4	| 00000000	| 00000000		| 00000000		| 00000000			| 0
28	| 00000313	| 10	| 0010		| 1		| 00000000	| 00000000	| 00000000		| 00000000		| 00000000			| 1
$finish called at time : 520 ns : File "C:/Users/ha10609/Downloads/CA-Labs-T1/TopProcessor/lab11.srcs/sim_1/new/task2_tb.v" Line 52
INFO: [USF-XSim-96] XSim completed. Design snapshot 'tb_task2_behav' loaded.
INFO: [USF-XSim-97] XSim simulation ran for 1000ns
launch_simulation: Time (s): cpu = 00:00:02 ; elapsed = 00:00:06 . Memory (MB): peak = 2292.930 ; gain = 5.973
close_sim
INFO: [Simtcl 6-16] Simulation closed
launch_simulation
Command: launch_simulation 
INFO: [Vivado 12-5682] Launching behavioral simulation in 'C:/Users/ha10609/Downloads/CA-Labs-T1/TopProcessor/lab11.sim/sim_1/behav/xsim'
INFO: [SIM-utils-51] Simulation object is 'sim_1'
INFO: [SIM-utils-54] Inspecting design source files for 'tb_task2' in fileset 'sim_1'...
INFO: [SIM-utils-43] Exported 'C:/Users/ha10609/Downloads/CA-Labs-T1/TopProcessor/lab11.sim/sim_1/behav/xsim/instructions_task1.mem'
INFO: [SIM-utils-43] Exported 'C:/Users/ha10609/Downloads/CA-Labs-T1/TopProcessor/lab11.sim/sim_1/behav/xsim/instructions_task2.mem'
INFO: [SIM-utils-43] Exported 'C:/Users/ha10609/Downloads/CA-Labs-T1/TopProcessor/lab11.sim/sim_1/behav/xsim/instructions_task3.mem'
INFO: [USF-XSim-97] Finding global include files...
INFO: [USF-XSim-98] Fetching design files from 'sim_1'...
INFO: [USF-XSim-2] XSim::Compile design
INFO: [USF-XSim-61] Executing 'COMPILE and ANALYZE' step in 'C:/Users/ha10609/Downloads/CA-Labs-T1/TopProcessor/lab11.sim/sim_1/behav/xsim'
"xvlog --incr --relax -prj tb_task2_vlog.prj"
INFO: [VRFC 10-2263] Analyzing Verilog file "C:/Users/ha10609/Downloads/CA-Labs-T1/TopProcessor/lab11.srcs/sources_1/new/2_MUX.v" into library xil_defaultlib
INFO: [VRFC 10-311] analyzing module branch_MUX
INFO: [VRFC 10-2263] Analyzing Verilog file "C:/Users/ha10609/Downloads/CA-Labs-T1/TopProcessor/lab11.srcs/sources_1/new/ALU.v" into library xil_defaultlib
INFO: [VRFC 10-311] analyzing module ALU
INFO: [VRFC 10-2263] Analyzing Verilog file "C:/Users/ha10609/Downloads/CA-Labs-T1/TopProcessor/lab11.srcs/sources_1/new/ALUControl.v" into library xil_defaultlib
INFO: [VRFC 10-311] analyzing module ALUControl
INFO: [VRFC 10-2263] Analyzing Verilog file "C:/Users/ha10609/Downloads/CA-Labs-T1/TopProcessor/lab11.srcs/sources_1/new/BranchAdd.v" into library xil_defaultlib
INFO: [VRFC 10-311] analyzing module BranchAdd
INFO: [VRFC 10-2263] Analyzing Verilog file "C:/Users/ha10609/Downloads/CA-Labs-T1/TopProcessor/lab11.srcs/sources_1/new/DataMemory.v" into library xil_defaultlib
INFO: [VRFC 10-311] analyzing module DataMemory
INFO: [VRFC 10-2263] Analyzing Verilog file "C:/Users/ha10609/Downloads/CA-Labs-T1/TopProcessor/lab11.srcs/sources_1/new/InstructionMemory.v" into library xil_defaultlib
INFO: [VRFC 10-311] analyzing module instructionMemory
INFO: [VRFC 10-2263] Analyzing Verilog file "C:/Users/ha10609/Downloads/CA-Labs-T1/TopProcessor/lab11.srcs/sources_1/new/MainControl.v" into library xil_defaultlib
INFO: [VRFC 10-311] analyzing module MainControl
INFO: [VRFC 10-2263] Analyzing Verilog file "C:/Users/ha10609/Downloads/CA-Labs-T1/TopProcessor/lab11.srcs/sources_1/new/PC.v" into library xil_defaultlib
INFO: [VRFC 10-311] analyzing module PC
INFO: [VRFC 10-2263] Analyzing Verilog file "C:/Users/ha10609/Downloads/CA-Labs-T1/TopProcessor/lab11.srcs/sources_1/new/PCAdder.v" into library xil_defaultlib
INFO: [VRFC 10-311] analyzing module PCAdder
INFO: [VRFC 10-2263] Analyzing Verilog file "C:/Users/ha10609/Downloads/CA-Labs-T1/TopProcessor/lab11.srcs/sources_1/new/Register.v" into library xil_defaultlib
INFO: [VRFC 10-311] analyzing module Register
INFO: [VRFC 10-2263] Analyzing Verilog file "C:/Users/ha10609/Downloads/CA-Labs-T1/TopProcessor/lab11.srcs/sources_1/new/TopProcessor.v" into library xil_defaultlib
INFO: [VRFC 10-311] analyzing module topProcessor
INFO: [VRFC 10-2263] Analyzing Verilog file "C:/Users/ha10609/Downloads/CA-Labs-T1/TopProcessor/lab11.srcs/sources_1/new/immGen.v" into library xil_defaultlib
INFO: [VRFC 10-311] analyzing module immGen
INFO: [VRFC 10-2263] Analyzing Verilog file "C:/Users/ha10609/Downloads/CA-Labs-T1/TopProcessor/lab11.srcs/sources_1/new/sevensegment.v" into library xil_defaultlib
INFO: [VRFC 10-311] analyzing module SevenSegment
INFO: [VRFC 10-2263] Analyzing Verilog file "C:/Users/ha10609/Downloads/CA-Labs-T1/TopProcessor/lab11.srcs/sim_1/new/task2_tb.v" into library xil_defaultlib
INFO: [VRFC 10-311] analyzing module tb_task2
INFO: [USF-XSim-69] 'compile' step finished in '2' seconds
INFO: [USF-XSim-3] XSim::Elaborate design
INFO: [USF-XSim-61] Executing 'ELABORATE' step in 'C:/Users/ha10609/Downloads/CA-Labs-T1/TopProcessor/lab11.sim/sim_1/behav/xsim'
"xelab -wto f8d01134f7dc4a89acf0d8e4e2a22205 --incr --debug typical --relax --mt 2 -L xil_defaultlib -L unisims_ver -L unimacro_ver -L secureip --snapshot tb_task2_behav xil_defaultlib.tb_task2 xil_defaultlib.glbl -log elaborate.log"
Vivado Simulator 2020.1
Copyright 1986-1999, 2001-2020 Xilinx, Inc. All Rights Reserved.
Running: C:/Xilinx/Vivado/2020.1/bin/unwrapped/win64.o/xelab.exe -wto f8d01134f7dc4a89acf0d8e4e2a22205 --incr --debug typical --relax --mt 2 -L xil_defaultlib -L unisims_ver -L unimacro_ver -L secureip --snapshot tb_task2_behav xil_defaultlib.tb_task2 xil_defaultlib.glbl -log elaborate.log 
Using 2 slave threads.
Starting static elaboration
Pass Through NonSizing Optimizer
Completed static elaboration
Starting simulation data flow analysis
Completed simulation data flow analysis
Time Resolution for simulation is 1ps
Compiling module xil_defaultlib.ALU
Compiling module xil_defaultlib.Register
Compiling module xil_defaultlib.DataMemory
Compiling module xil_defaultlib.MainControl
Compiling module xil_defaultlib.ALUControl
Compiling module xil_defaultlib.instructionMemory
Compiling module xil_defaultlib.branch_MUX
Compiling module xil_defaultlib.PC
Compiling module xil_defaultlib.PCAdder
Compiling module xil_defaultlib.BranchAdd
Compiling module xil_defaultlib.immGen
Compiling module xil_defaultlib.SevenSegment
Compiling module xil_defaultlib.topProcessor
Compiling module xil_defaultlib.tb_task2
Compiling module xil_defaultlib.glbl
Built simulation snapshot tb_task2_behav
INFO: [USF-XSim-69] 'elaborate' step finished in '2' seconds
INFO: [USF-XSim-4] XSim::Simulate design
INFO: [USF-XSim-61] Executing 'SIMULATE' step in 'C:/Users/ha10609/Downloads/CA-Labs-T1/TopProcessor/lab11.sim/sim_1/behav/xsim'
INFO: [USF-XSim-98] *** Running xsim
   with args "tb_task2_behav -key {Behavioral:sim_1:Functional:tb_task2} -tclbatch {tb_task2.tcl} -log {simulate.log}"
INFO: [USF-XSim-8] Loading simulator feature
Vivado Simulator 2020.1
Time resolution is 1 ps
source tb_task2.tcl
# set curr_wave [current_wave_config]
# if { [string length $curr_wave] == 0 } {
#   if { [llength [get_objects]] > 0} {
#     add_wave /
#     set_property needs_save false [current_wave_config]
#   } else {
#      send_msg_id Add_Wave-1 WARNING "No top level signals found. Simulator will start without a wave window. If you want to open a wave window go to 'File->New Waveform Configuration' or type 'create_wave_config' in the TCL console."
#   }
# }
# run 1000ns
0	| 123450b7	| 11	| 1000		| 1		| 12345000	| 12345000	| 12345000		| 12345000		| 12345000			| 1
=== TASK 2 DEBUG ===
PC	| inst		| ALUOp	| ALUctrl	| ALUSrc	| imm		| ALU_B		| ALUResult	| writeData	| writeData_final	| RegWrite
-----------------------------------------------------------------------
4	| 00300113	| 10	| 0010		| 1		| 00000003	| 00000003	| 00000003		| 00000003		| 00000003			| 1
8	| 00700193	| 10	| 0010		| 1		| 00000007	| 00000007	| 00000007		| 00000007		| 00000007			| 1
12	| 0031c463	| 01	| 0110		| 0		| 00000008	| 00000007	| 00000000		| 00000000		| 00000000			| 0
20	| 06300213	| 10	| 0010		| 1		| 00000063	| 00000063	| 00000063		| 00000063		| 00000063			| 1
24	| 008002ef	| 00	| 0010		| 0		| 00000008	| 00000000	| 00000000		| 00000000		| 0000001c			| 1
32	| 02a00313	| 10	| 0010		| 1		| 0000002a	| 0000002a	| 0000002a		| 0000002a		| 0000002a			| 1
36	| fff10113	| 10	| 0010		| 1		| ffffffff	| ffffffff	| 00000002		| 00000002		| 00000002			| 1
40	| fe000ae3	| 01	| 0110		| 0		| fffffff4	| 00000000	| 00000000		| 00000000		| 00000000			| 0

=== RESULTS ===
LUI  PASS: x1 = 0x12345000 (expected 0x12345000)
BLT  PASS: x4 = 99 (expected 99)
JAL  PASS: x6 = 42 (expected 42)
===============
28	| 00000313	| 10	| 0010		| 1		| 00000000	| 00000000	| 00000000		| 00000000		| 00000000			| 1
32	| 02a00313	| 10	| 0010		| 1		| 0000002a	| 0000002a	| 0000002a		| 0000002a		| 0000002a			| 1
36	| fff10113	| 10	| 0010		| 1		| ffffffff	| ffffffff	| 00000001		| 00000001		| 00000001			| 1
40	| fe000ae3	| 01	| 0110		| 0		| fffffff4	| 00000000	| 00000000		| 00000000		| 00000000			| 0
28	| 00000313	| 10	| 0010		| 1		| 00000000	| 00000000	| 00000000		| 00000000		| 00000000			| 1
32	| 02a00313	| 10	| 0010		| 1		| 0000002a	| 0000002a	| 0000002a		| 0000002a		| 0000002a			| 1
36	| fff10113	| 10	| 0010		| 1		| ffffffff	| ffffffff	| 00000000		| 00000000		| 00000000			| 1
40	| fe000ae3	| 01	| 0110		| 0		| fffffff4	| 00000000	| 00000000		| 00000000		| 00000000			| 0
28	| 00000313	| 10	| 0010		| 1		| 00000000	| 00000000	| 00000000		| 00000000		| 00000000			| 1
32	| 02a00313	| 10	| 0010		| 1		| 0000002a	| 0000002a	| 0000002a		| 0000002a		| 0000002a			| 1
36	| fff10113	| 10	| 0010		| 1		| ffffffff	| ffffffff	| ffffffff		| ffffffff		| ffffffff			| 1
40	| fe000ae3	| 01	| 0110		| 0		| fffffff4	| 00000000	| 00000000		| 00000000		| 00000000			| 0
28	| 00000313	| 10	| 0010		| 1		| 00000000	| 00000000	| 00000000		| 00000000		| 00000000			| 1
32	| 02a00313	| 10	| 0010		| 1		| 0000002a	| 0000002a	| 0000002a		| 0000002a		| 0000002a			| 1
36	| fff10113	| 10	| 0010		| 1		| ffffffff	| ffffffff	| fffffffe		| fffffffe		| fffffffe			| 1
40	| fe000ae3	| 01	| 0110		| 0		| fffffff4	| 00000000	| 00000000		| 00000000		| 00000000			| 0
28	| 00000313	| 10	| 0010		| 1		| 00000000	| 00000000	| 00000000		| 00000000		| 00000000			| 1
32	| 02a00313	| 10	| 0010		| 1		| 0000002a	| 0000002a	| 0000002a		| 0000002a		| 0000002a			| 1
36	| fff10113	| 10	| 0010		| 1		| ffffffff	| ffffffff	| fffffffd		| fffffffd		| fffffffd			| 1
40	| fe000ae3	| 01	| 0110		| 0		| fffffff4	| 00000000	| 00000000		| 00000000		| 00000000			| 0
28	| 00000313	| 10	| 0010		| 1		| 00000000	| 00000000	| 00000000		| 00000000		| 00000000			| 1
32	| 02a00313	| 10	| 0010		| 1		| 0000002a	| 0000002a	| 0000002a		| 0000002a		| 0000002a			| 1
36	| fff10113	| 10	| 0010		| 1		| ffffffff	| ffffffff	| fffffffc		| fffffffc		| fffffffc			| 1
40	| fe000ae3	| 01	| 0110		| 0		| fffffff4	| 00000000	| 00000000		| 00000000		| 00000000			| 0
28	| 00000313	| 10	| 0010		| 1		| 00000000	| 00000000	| 00000000		| 00000000		| 00000000			| 1
32	| 02a00313	| 10	| 0010		| 1		| 0000002a	| 0000002a	| 0000002a		| 0000002a		| 0000002a			| 1
36	| fff10113	| 10	| 0010		| 1		| ffffffff	| ffffffff	| fffffffb		| fffffffb		| fffffffb			| 1
40	| fe000ae3	| 01	| 0110		| 0		| fffffff4	| 00000000	| 00000000		| 00000000		| 00000000			| 0
28	| 00000313	| 10	| 0010		| 1		| 00000000	| 00000000	| 00000000		| 00000000		| 00000000			| 1
32	| 02a00313	| 10	| 0010		| 1		| 0000002a	| 0000002a	| 0000002a		| 0000002a		| 0000002a			| 1
36	| fff10113	| 10	| 0010		| 1		| ffffffff	| ffffffff	| fffffffa		| fffffffa		| fffffffa			| 1
40	| fe000ae3	| 01	| 0110		| 0		| fffffff4	| 00000000	| 00000000		| 00000000		| 00000000			| 0
28	| 00000313	| 10	| 0010		| 1		| 00000000	| 00000000	| 00000000		| 00000000		| 00000000			| 1
32	| 02a00313	| 10	| 0010		| 1		| 0000002a	| 0000002a	| 0000002a		| 0000002a		| 0000002a			| 1
36	| fff10113	| 10	| 0010		| 1		| ffffffff	| ffffffff	| fffffff9		| fffffff9		| fffffff9			| 1
40	| fe000ae3	| 01	| 0110		| 0		| fffffff4	| 00000000	| 00000000		| 00000000		| 00000000			| 0
28	| 00000313	| 10	| 0010		| 1		| 00000000	| 00000000	| 00000000		| 00000000		| 00000000			| 1
32	| 02a00313	| 10	| 0010		| 1		| 0000002a	| 0000002a	| 0000002a		| 0000002a		| 0000002a			| 1
36	| fff10113	| 10	| 0010		| 1		| ffffffff	| ffffffff	| fffffff8		| fffffff8		| fffffff8			| 1
40	| fe000ae3	| 01	| 0110		| 0		| fffffff4	| 00000000	| 00000000		| 00000000		| 00000000			| 0
28	| 00000313	| 10	| 0010		| 1		| 00000000	| 00000000	| 00000000		| 00000000		| 00000000			| 1
$finish called at time : 520 ns : File "C:/Users/ha10609/Downloads/CA-Labs-T1/TopProcessor/lab11.srcs/sim_1/new/task2_tb.v" Line 52
INFO: [USF-XSim-96] XSim completed. Design snapshot 'tb_task2_behav' loaded.
INFO: [USF-XSim-97] XSim simulation ran for 1000ns
launch_simulation: Time (s): cpu = 00:00:03 ; elapsed = 00:00:06 . Memory (MB): peak = 2295.473 ; gain = 0.055
close_sim
INFO: [Simtcl 6-16] Simulation closed
launch_simulation
Command: launch_simulation 
INFO: [Vivado 12-5682] Launching behavioral simulation in 'C:/Users/ha10609/Downloads/CA-Labs-T1/TopProcessor/lab11.sim/sim_1/behav/xsim'
INFO: [SIM-utils-51] Simulation object is 'sim_1'
INFO: [SIM-utils-54] Inspecting design source files for 'tb_task2' in fileset 'sim_1'...
INFO: [SIM-utils-43] Exported 'C:/Users/ha10609/Downloads/CA-Labs-T1/TopProcessor/lab11.sim/sim_1/behav/xsim/instructions_task1.mem'
INFO: [SIM-utils-43] Exported 'C:/Users/ha10609/Downloads/CA-Labs-T1/TopProcessor/lab11.sim/sim_1/behav/xsim/instructions_task2.mem'
INFO: [SIM-utils-43] Exported 'C:/Users/ha10609/Downloads/CA-Labs-T1/TopProcessor/lab11.sim/sim_1/behav/xsim/instructions_task3.mem'
INFO: [USF-XSim-97] Finding global include files...
INFO: [USF-XSim-98] Fetching design files from 'sim_1'...
INFO: [USF-XSim-2] XSim::Compile design
INFO: [USF-XSim-61] Executing 'COMPILE and ANALYZE' step in 'C:/Users/ha10609/Downloads/CA-Labs-T1/TopProcessor/lab11.sim/sim_1/behav/xsim'
"xvlog --incr --relax -prj tb_task2_vlog.prj"
INFO: [VRFC 10-2263] Analyzing Verilog file "C:/Users/ha10609/Downloads/CA-Labs-T1/TopProcessor/lab11.srcs/sources_1/new/2_MUX.v" into library xil_defaultlib
INFO: [VRFC 10-311] analyzing module branch_MUX
INFO: [VRFC 10-2263] Analyzing Verilog file "C:/Users/ha10609/Downloads/CA-Labs-T1/TopProcessor/lab11.srcs/sources_1/new/ALU.v" into library xil_defaultlib
INFO: [VRFC 10-311] analyzing module ALU
INFO: [VRFC 10-2263] Analyzing Verilog file "C:/Users/ha10609/Downloads/CA-Labs-T1/TopProcessor/lab11.srcs/sources_1/new/ALUControl.v" into library xil_defaultlib
INFO: [VRFC 10-311] analyzing module ALUControl
INFO: [VRFC 10-2263] Analyzing Verilog file "C:/Users/ha10609/Downloads/CA-Labs-T1/TopProcessor/lab11.srcs/sources_1/new/BranchAdd.v" into library xil_defaultlib
INFO: [VRFC 10-311] analyzing module BranchAdd
INFO: [VRFC 10-2263] Analyzing Verilog file "C:/Users/ha10609/Downloads/CA-Labs-T1/TopProcessor/lab11.srcs/sources_1/new/DataMemory.v" into library xil_defaultlib
INFO: [VRFC 10-311] analyzing module DataMemory
INFO: [VRFC 10-2263] Analyzing Verilog file "C:/Users/ha10609/Downloads/CA-Labs-T1/TopProcessor/lab11.srcs/sources_1/new/InstructionMemory.v" into library xil_defaultlib
INFO: [VRFC 10-311] analyzing module instructionMemory
INFO: [VRFC 10-2263] Analyzing Verilog file "C:/Users/ha10609/Downloads/CA-Labs-T1/TopProcessor/lab11.srcs/sources_1/new/MainControl.v" into library xil_defaultlib
INFO: [VRFC 10-311] analyzing module MainControl
INFO: [VRFC 10-2263] Analyzing Verilog file "C:/Users/ha10609/Downloads/CA-Labs-T1/TopProcessor/lab11.srcs/sources_1/new/PC.v" into library xil_defaultlib
INFO: [VRFC 10-311] analyzing module PC
INFO: [VRFC 10-2263] Analyzing Verilog file "C:/Users/ha10609/Downloads/CA-Labs-T1/TopProcessor/lab11.srcs/sources_1/new/PCAdder.v" into library xil_defaultlib
INFO: [VRFC 10-311] analyzing module PCAdder
INFO: [VRFC 10-2263] Analyzing Verilog file "C:/Users/ha10609/Downloads/CA-Labs-T1/TopProcessor/lab11.srcs/sources_1/new/Register.v" into library xil_defaultlib
INFO: [VRFC 10-311] analyzing module Register
INFO: [VRFC 10-2263] Analyzing Verilog file "C:/Users/ha10609/Downloads/CA-Labs-T1/TopProcessor/lab11.srcs/sources_1/new/TopProcessor.v" into library xil_defaultlib
INFO: [VRFC 10-311] analyzing module topProcessor
INFO: [VRFC 10-2263] Analyzing Verilog file "C:/Users/ha10609/Downloads/CA-Labs-T1/TopProcessor/lab11.srcs/sources_1/new/immGen.v" into library xil_defaultlib
INFO: [VRFC 10-311] analyzing module immGen
INFO: [VRFC 10-2263] Analyzing Verilog file "C:/Users/ha10609/Downloads/CA-Labs-T1/TopProcessor/lab11.srcs/sources_1/new/sevensegment.v" into library xil_defaultlib
INFO: [VRFC 10-311] analyzing module SevenSegment
INFO: [VRFC 10-2263] Analyzing Verilog file "C:/Users/ha10609/Downloads/CA-Labs-T1/TopProcessor/lab11.srcs/sim_1/new/task2_tb.v" into library xil_defaultlib
INFO: [VRFC 10-311] analyzing module tb_task2
INFO: [USF-XSim-69] 'compile' step finished in '1' seconds
INFO: [USF-XSim-3] XSim::Elaborate design
INFO: [USF-XSim-61] Executing 'ELABORATE' step in 'C:/Users/ha10609/Downloads/CA-Labs-T1/TopProcessor/lab11.sim/sim_1/behav/xsim'
"xelab -wto f8d01134f7dc4a89acf0d8e4e2a22205 --incr --debug typical --relax --mt 2 -L xil_defaultlib -L unisims_ver -L unimacro_ver -L secureip --snapshot tb_task2_behav xil_defaultlib.tb_task2 xil_defaultlib.glbl -log elaborate.log"
Vivado Simulator 2020.1
Copyright 1986-1999, 2001-2020 Xilinx, Inc. All Rights Reserved.
Running: C:/Xilinx/Vivado/2020.1/bin/unwrapped/win64.o/xelab.exe -wto f8d01134f7dc4a89acf0d8e4e2a22205 --incr --debug typical --relax --mt 2 -L xil_defaultlib -L unisims_ver -L unimacro_ver -L secureip --snapshot tb_task2_behav xil_defaultlib.tb_task2 xil_defaultlib.glbl -log elaborate.log 
Using 2 slave threads.
Starting static elaboration
Pass Through NonSizing Optimizer
Completed static elaboration
Starting simulation data flow analysis
Completed simulation data flow analysis
Time Resolution for simulation is 1ps
Compiling module xil_defaultlib.ALU
Compiling module xil_defaultlib.Register
Compiling module xil_defaultlib.DataMemory
Compiling module xil_defaultlib.MainControl
Compiling module xil_defaultlib.ALUControl
Compiling module xil_defaultlib.instructionMemory
Compiling module xil_defaultlib.branch_MUX
Compiling module xil_defaultlib.PC
Compiling module xil_defaultlib.PCAdder
Compiling module xil_defaultlib.BranchAdd
Compiling module xil_defaultlib.immGen
Compiling module xil_defaultlib.SevenSegment
Compiling module xil_defaultlib.topProcessor
Compiling module xil_defaultlib.tb_task2
Compiling module xil_defaultlib.glbl
Built simulation snapshot tb_task2_behav
INFO: [USF-XSim-69] 'elaborate' step finished in '2' seconds
INFO: [USF-XSim-4] XSim::Simulate design
INFO: [USF-XSim-61] Executing 'SIMULATE' step in 'C:/Users/ha10609/Downloads/CA-Labs-T1/TopProcessor/lab11.sim/sim_1/behav/xsim'
INFO: [USF-XSim-98] *** Running xsim
   with args "tb_task2_behav -key {Behavioral:sim_1:Functional:tb_task2} -tclbatch {tb_task2.tcl} -log {simulate.log}"
INFO: [USF-XSim-8] Loading simulator feature
Vivado Simulator 2020.1
Time resolution is 1 ps
source tb_task2.tcl
# set curr_wave [current_wave_config]
# if { [string length $curr_wave] == 0 } {
#   if { [llength [get_objects]] > 0} {
#     add_wave /
#     set_property needs_save false [current_wave_config]
#   } else {
#      send_msg_id Add_Wave-1 WARNING "No top level signals found. Simulator will start without a wave window. If you want to open a wave window go to 'File->New Waveform Configuration' or type 'create_wave_config' in the TCL console."
#   }
# }
# run 1000ns
0	| 123450b7	| 11	| 1000		| 1		| 12345000	| 12345000	| 12345000		| 12345000		| 12345000			| 1
=== TASK 2 DEBUG ===
PC	| inst		| ALUOp	| ALUctrl	| ALUSrc	| imm		| ALU_B		| ALUResult	| writeData	| writeData_final	| RegWrite
-----------------------------------------------------------------------
4	| 00300113	| 10	| 0010		| 1		| 00000003	| 00000003	| 00000003		| 00000003		| 00000003			| 1
8	| 00700193	| 10	| 0010		| 1		| 00000007	| 00000007	| 00000007		| 00000007		| 00000007			| 1
12	| 0031c463	| 01	| 0110		| 0		| 00000008	| 00000007	| 00000000		| 00000000		| 00000000			| 0
20	| 06300213	| 10	| 0010		| 1		| 00000063	| 00000063	| 00000063		| 00000063		| 00000063			| 1
24	| 008002ef	| 00	| 0010		| 0		| 00000008	| 00000000	| 00000000		| 00000000		| 0000001c			| 1
32	| 02a00313	| 10	| 0010		| 1		| 0000002a	| 0000002a	| 0000002a		| 0000002a		| 0000002a			| 1
36	| fff10113	| 10	| 0010		| 1		| ffffffff	| ffffffff	| 00000002		| 00000002		| 00000002			| 1
40	| fe000ae3	| 01	| 0110		| 0		| fffffff4	| 00000000	| 00000000		| 00000000		| 00000000			| 0

=== RESULTS ===
LUI  PASS: x1 = 0x12345000 (expected 0x12345000)
BLT  PASS: x4 = 99 (expected 99)
JAL  PASS: x6 = 42 (expected 42)
===============
28	| 00000313	| 10	| 0010		| 1		| 00000000	| 00000000	| 00000000		| 00000000		| 00000000			| 1
32	| 02a00313	| 10	| 0010		| 1		| 0000002a	| 0000002a	| 0000002a		| 0000002a		| 0000002a			| 1
36	| fff10113	| 10	| 0010		| 1		| ffffffff	| ffffffff	| 00000001		| 00000001		| 00000001			| 1
40	| fe000ae3	| 01	| 0110		| 0		| fffffff4	| 00000000	| 00000000		| 00000000		| 00000000			| 0
28	| 00000313	| 10	| 0010		| 1		| 00000000	| 00000000	| 00000000		| 00000000		| 00000000			| 1
32	| 02a00313	| 10	| 0010		| 1		| 0000002a	| 0000002a	| 0000002a		| 0000002a		| 0000002a			| 1
36	| fff10113	| 10	| 0010		| 1		| ffffffff	| ffffffff	| 00000000		| 00000000		| 00000000			| 1
40	| fe000ae3	| 01	| 0110		| 0		| fffffff4	| 00000000	| 00000000		| 00000000		| 00000000			| 0
28	| 00000313	| 10	| 0010		| 1		| 00000000	| 00000000	| 00000000		| 00000000		| 00000000			| 1
32	| 02a00313	| 10	| 0010		| 1		| 0000002a	| 0000002a	| 0000002a		| 0000002a		| 0000002a			| 1
36	| fff10113	| 10	| 0010		| 1		| ffffffff	| ffffffff	| ffffffff		| ffffffff		| ffffffff			| 1
40	| fe000ae3	| 01	| 0110		| 0		| fffffff4	| 00000000	| 00000000		| 00000000		| 00000000			| 0
28	| 00000313	| 10	| 0010		| 1		| 00000000	| 00000000	| 00000000		| 00000000		| 00000000			| 1
32	| 02a00313	| 10	| 0010		| 1		| 0000002a	| 0000002a	| 0000002a		| 0000002a		| 0000002a			| 1
36	| fff10113	| 10	| 0010		| 1		| ffffffff	| ffffffff	| fffffffe		| fffffffe		| fffffffe			| 1
40	| fe000ae3	| 01	| 0110		| 0		| fffffff4	| 00000000	| 00000000		| 00000000		| 00000000			| 0
28	| 00000313	| 10	| 0010		| 1		| 00000000	| 00000000	| 00000000		| 00000000		| 00000000			| 1
32	| 02a00313	| 10	| 0010		| 1		| 0000002a	| 0000002a	| 0000002a		| 0000002a		| 0000002a			| 1
36	| fff10113	| 10	| 0010		| 1		| ffffffff	| ffffffff	| fffffffd		| fffffffd		| fffffffd			| 1
40	| fe000ae3	| 01	| 0110		| 0		| fffffff4	| 00000000	| 00000000		| 00000000		| 00000000			| 0
28	| 00000313	| 10	| 0010		| 1		| 00000000	| 00000000	| 00000000		| 00000000		| 00000000			| 1
32	| 02a00313	| 10	| 0010		| 1		| 0000002a	| 0000002a	| 0000002a		| 0000002a		| 0000002a			| 1
36	| fff10113	| 10	| 0010		| 1		| ffffffff	| ffffffff	| fffffffc		| fffffffc		| fffffffc			| 1
40	| fe000ae3	| 01	| 0110		| 0		| fffffff4	| 00000000	| 00000000		| 00000000		| 00000000			| 0
28	| 00000313	| 10	| 0010		| 1		| 00000000	| 00000000	| 00000000		| 00000000		| 00000000			| 1
32	| 02a00313	| 10	| 0010		| 1		| 0000002a	| 0000002a	| 0000002a		| 0000002a		| 0000002a			| 1
36	| fff10113	| 10	| 0010		| 1		| ffffffff	| ffffffff	| fffffffb		| fffffffb		| fffffffb			| 1
40	| fe000ae3	| 01	| 0110		| 0		| fffffff4	| 00000000	| 00000000		| 00000000		| 00000000			| 0
28	| 00000313	| 10	| 0010		| 1		| 00000000	| 00000000	| 00000000		| 00000000		| 00000000			| 1
32	| 02a00313	| 10	| 0010		| 1		| 0000002a	| 0000002a	| 0000002a		| 0000002a		| 0000002a			| 1
36	| fff10113	| 10	| 0010		| 1		| ffffffff	| ffffffff	| fffffffa		| fffffffa		| fffffffa			| 1
40	| fe000ae3	| 01	| 0110		| 0		| fffffff4	| 00000000	| 00000000		| 00000000		| 00000000			| 0
28	| 00000313	| 10	| 0010		| 1		| 00000000	| 00000000	| 00000000		| 00000000		| 00000000			| 1
32	| 02a00313	| 10	| 0010		| 1		| 0000002a	| 0000002a	| 0000002a		| 0000002a		| 0000002a			| 1
36	| fff10113	| 10	| 0010		| 1		| ffffffff	| ffffffff	| fffffff9		| fffffff9		| fffffff9			| 1
40	| fe000ae3	| 01	| 0110		| 0		| fffffff4	| 00000000	| 00000000		| 00000000		| 00000000			| 0
28	| 00000313	| 10	| 0010		| 1		| 00000000	| 00000000	| 00000000		| 00000000		| 00000000			| 1
32	| 02a00313	| 10	| 0010		| 1		| 0000002a	| 0000002a	| 0000002a		| 0000002a		| 0000002a			| 1
36	| fff10113	| 10	| 0010		| 1		| ffffffff	| ffffffff	| fffffff8		| fffffff8		| fffffff8			| 1
40	| fe000ae3	| 01	| 0110		| 0		| fffffff4	| 00000000	| 00000000		| 00000000		| 00000000			| 0
28	| 00000313	| 10	| 0010		| 1		| 00000000	| 00000000	| 00000000		| 00000000		| 00000000			| 1
$finish called at time : 520 ns : File "C:/Users/ha10609/Downloads/CA-Labs-T1/TopProcessor/lab11.srcs/sim_1/new/task2_tb.v" Line 52
INFO: [USF-XSim-96] XSim completed. Design snapshot 'tb_task2_behav' loaded.
INFO: [USF-XSim-97] XSim simulation ran for 1000ns
reset_run synth_1
WARNING: [Vivado 12-1017] Problems encountered:
1. Failed to delete one or more files in run directory C:/Users/ha10609/Downloads/CA-Labs-T1/TopProcessor/lab11.runs/synth_1

launch_runs impl_1 -to_step write_bitstream -jobs 7
[Wed Apr 29 16:08:27 2026] Launched synth_1...
Run output will be captured here: C:/Users/ha10609/Downloads/CA-Labs-T1/TopProcessor/lab11.runs/synth_1/runme.log
[Wed Apr 29 16:08:27 2026] Launched impl_1...
Run output will be captured here: C:/Users/ha10609/Downloads/CA-Labs-T1/TopProcessor/lab11.runs/impl_1/runme.log
reset_run synth_1
WARNING: [Vivado 12-1017] Problems encountered:
1. Failed to delete one or more files in run directory C:/Users/ha10609/Downloads/CA-Labs-T1/TopProcessor/lab11.runs/synth_1

launch_runs impl_1 -to_step write_bitstream -jobs 7
[Wed Apr 29 16:08:53 2026] Launched synth_1...
Run output will be captured here: C:/Users/ha10609/Downloads/CA-Labs-T1/TopProcessor/lab11.runs/synth_1/runme.log
[Wed Apr 29 16:08:53 2026] Launched impl_1...
Run output will be captured here: C:/Users/ha10609/Downloads/CA-Labs-T1/TopProcessor/lab11.runs/impl_1/runme.log
set_property PROBES.FILE {} [get_hw_devices xc7a35t_0]
set_property FULL_PROBES.FILE {} [get_hw_devices xc7a35t_0]
set_property PROGRAM.FILE {C:/Users/ha10609/Downloads/CA-Labs-T1/TopProcessor/lab11.runs/impl_1/TopModule.bit} [get_hw_devices xc7a35t_0]
program_hw_devices [get_hw_devices xc7a35t_0]
INFO: [Labtools 27-3164] End of startup status: HIGH
refresh_hw_device [lindex [get_hw_devices xc7a35t_0] 0]
INFO: [Labtools 27-1434] Device xc7a35t (JTAG device index = 0) is programmed with a design that has no supported debug core(s) in it.
set_property PROBES.FILE {} [get_hw_devices xc7a35t_0]
set_property FULL_PROBES.FILE {} [get_hw_devices xc7a35t_0]
set_property PROGRAM.FILE {C:/Users/ha10609/Downloads/CA-Labs-T1/TopProcessor/lab11.runs/impl_1/TopModule.bit} [get_hw_devices xc7a35t_0]
program_hw_devices [get_hw_devices xc7a35t_0]
INFO: [Labtools 27-3164] End of startup status: HIGH
refresh_hw_device [lindex [get_hw_devices xc7a35t_0] 0]
INFO: [Labtools 27-1434] Device xc7a35t (JTAG device index = 0) is programmed with a design that has no supported debug core(s) in it.
set_property PROBES.FILE {} [get_hw_devices xc7a35t_0]
set_property FULL_PROBES.FILE {} [get_hw_devices xc7a35t_0]
set_property PROGRAM.FILE {C:/Users/ha10609/Downloads/CA-Labs-T1/TopProcessor/lab11.runs/impl_1/TopModule.bit} [get_hw_devices xc7a35t_0]
program_hw_devices [get_hw_devices xc7a35t_0]
INFO: [Labtools 27-3164] End of startup status: HIGH
refresh_hw_device [lindex [get_hw_devices xc7a35t_0] 0]
INFO: [Labtools 27-1434] Device xc7a35t (JTAG device index = 0) is programmed with a design that has no supported debug core(s) in it.
close_sim
INFO: [Simtcl 6-16] Simulation closed
set_property top tb_countdown [get_filesets sim_1]
set_property top_lib xil_defaultlib [get_filesets sim_1]
update_compile_order -fileset sim_1
launch_simulation
Command: launch_simulation 
INFO: [Vivado 12-5682] Launching behavioral simulation in 'C:/Users/ha10609/Downloads/CA-Labs-T1/TopProcessor/lab11.sim/sim_1/behav/xsim'
INFO: [SIM-utils-51] Simulation object is 'sim_1'
INFO: [SIM-utils-54] Inspecting design source files for 'tb_countdown' in fileset 'sim_1'...
INFO: [SIM-utils-43] Exported 'C:/Users/ha10609/Downloads/CA-Labs-T1/TopProcessor/lab11.sim/sim_1/behav/xsim/instructions_task1.mem'
INFO: [SIM-utils-43] Exported 'C:/Users/ha10609/Downloads/CA-Labs-T1/TopProcessor/lab11.sim/sim_1/behav/xsim/instructions_task2.mem'
INFO: [SIM-utils-43] Exported 'C:/Users/ha10609/Downloads/CA-Labs-T1/TopProcessor/lab11.sim/sim_1/behav/xsim/instructions_task3.mem'
INFO: [USF-XSim-97] Finding global include files...
INFO: [USF-XSim-98] Fetching design files from 'sim_1'...
INFO: [USF-XSim-2] XSim::Compile design
INFO: [USF-XSim-61] Executing 'COMPILE and ANALYZE' step in 'C:/Users/ha10609/Downloads/CA-Labs-T1/TopProcessor/lab11.sim/sim_1/behav/xsim'
"xvlog --incr --relax -prj tb_countdown_vlog.prj"
INFO: [VRFC 10-2263] Analyzing Verilog file "C:/Users/ha10609/Downloads/CA-Labs-T1/TopProcessor/lab11.srcs/sources_1/new/2_MUX.v" into library xil_defaultlib
INFO: [VRFC 10-311] analyzing module branch_MUX
INFO: [VRFC 10-2263] Analyzing Verilog file "C:/Users/ha10609/Downloads/CA-Labs-T1/TopProcessor/lab11.srcs/sources_1/new/ALU.v" into library xil_defaultlib
INFO: [VRFC 10-311] analyzing module ALU
INFO: [VRFC 10-2263] Analyzing Verilog file "C:/Users/ha10609/Downloads/CA-Labs-T1/TopProcessor/lab11.srcs/sources_1/new/ALUControl.v" into library xil_defaultlib
INFO: [VRFC 10-311] analyzing module ALUControl
INFO: [VRFC 10-2263] Analyzing Verilog file "C:/Users/ha10609/Downloads/CA-Labs-T1/TopProcessor/lab11.srcs/sources_1/new/BranchAdd.v" into library xil_defaultlib
INFO: [VRFC 10-311] analyzing module BranchAdd
INFO: [VRFC 10-2263] Analyzing Verilog file "C:/Users/ha10609/Downloads/CA-Labs-T1/TopProcessor/lab11.srcs/sources_1/new/DataMemory.v" into library xil_defaultlib
INFO: [VRFC 10-311] analyzing module DataMemory
INFO: [VRFC 10-2263] Analyzing Verilog file "C:/Users/ha10609/Downloads/CA-Labs-T1/TopProcessor/lab11.srcs/sources_1/new/InstructionMemory.v" into library xil_defaultlib
INFO: [VRFC 10-311] analyzing module instructionMemory
INFO: [VRFC 10-2263] Analyzing Verilog file "C:/Users/ha10609/Downloads/CA-Labs-T1/TopProcessor/lab11.srcs/sources_1/new/MainControl.v" into library xil_defaultlib
INFO: [VRFC 10-311] analyzing module MainControl
INFO: [VRFC 10-2263] Analyzing Verilog file "C:/Users/ha10609/Downloads/CA-Labs-T1/TopProcessor/lab11.srcs/sources_1/new/PC.v" into library xil_defaultlib
INFO: [VRFC 10-311] analyzing module PC
INFO: [VRFC 10-2263] Analyzing Verilog file "C:/Users/ha10609/Downloads/CA-Labs-T1/TopProcessor/lab11.srcs/sources_1/new/PCAdder.v" into library xil_defaultlib
INFO: [VRFC 10-311] analyzing module PCAdder
INFO: [VRFC 10-2263] Analyzing Verilog file "C:/Users/ha10609/Downloads/CA-Labs-T1/TopProcessor/lab11.srcs/sources_1/new/Register.v" into library xil_defaultlib
INFO: [VRFC 10-311] analyzing module Register
INFO: [VRFC 10-2263] Analyzing Verilog file "C:/Users/ha10609/Downloads/CA-Labs-T1/TopProcessor/lab11.srcs/sources_1/new/TopProcessor.v" into library xil_defaultlib
INFO: [VRFC 10-311] analyzing module topProcessor
INFO: [VRFC 10-2263] Analyzing Verilog file "C:/Users/ha10609/Downloads/CA-Labs-T1/TopProcessor/lab11.srcs/sources_1/new/clockdivider.v" into library xil_defaultlib
INFO: [VRFC 10-311] analyzing module clockdivider
INFO: [VRFC 10-2263] Analyzing Verilog file "C:/Users/ha10609/Downloads/CA-Labs-T1/TopProcessor/lab11.srcs/sources_1/new/immGen.v" into library xil_defaultlib
INFO: [VRFC 10-311] analyzing module immGen
INFO: [VRFC 10-2263] Analyzing Verilog file "C:/Users/ha10609/Downloads/CA-Labs-T1/TopProcessor/lab11.srcs/sources_1/new/sevensegment.v" into library xil_defaultlib
INFO: [VRFC 10-311] analyzing module SevenSegment
INFO: [VRFC 10-2263] Analyzing Verilog file "C:/Users/ha10609/Downloads/CA-Labs-T1/TopProcessor/lab11.srcs/sources_1/new/top_module.v" into library xil_defaultlib
INFO: [VRFC 10-311] analyzing module TopModule
INFO: [VRFC 10-2263] Analyzing Verilog file "C:/Users/ha10609/Downloads/CA-Labs-T1/TopProcessor/lab11.srcs/sim_1/new/pc_tb.v" into library xil_defaultlib
INFO: [VRFC 10-311] analyzing module tb_countdown
INFO: [USF-XSim-69] 'compile' step finished in '1' seconds
INFO: [USF-XSim-3] XSim::Elaborate design
INFO: [USF-XSim-61] Executing 'ELABORATE' step in 'C:/Users/ha10609/Downloads/CA-Labs-T1/TopProcessor/lab11.sim/sim_1/behav/xsim'
"xelab -wto f8d01134f7dc4a89acf0d8e4e2a22205 --incr --debug typical --relax --mt 2 -L xil_defaultlib -L unisims_ver -L unimacro_ver -L secureip --snapshot tb_countdown_behav xil_defaultlib.tb_countdown xil_defaultlib.glbl -log elaborate.log"
Vivado Simulator 2020.1
Copyright 1986-1999, 2001-2020 Xilinx, Inc. All Rights Reserved.
Running: C:/Xilinx/Vivado/2020.1/bin/unwrapped/win64.o/xelab.exe -wto f8d01134f7dc4a89acf0d8e4e2a22205 --incr --debug typical --relax --mt 2 -L xil_defaultlib -L unisims_ver -L unimacro_ver -L secureip --snapshot tb_countdown_behav xil_defaultlib.tb_countdown xil_defaultlib.glbl -log elaborate.log 
Using 2 slave threads.
Starting static elaboration
Pass Through NonSizing Optimizer
Completed static elaboration
Starting simulation data flow analysis
Completed simulation data flow analysis
Time Resolution for simulation is 1ps
Compiling module xil_defaultlib.clockdivider
Compiling module xil_defaultlib.ALU
Compiling module xil_defaultlib.Register
Compiling module xil_defaultlib.DataMemory
Compiling module xil_defaultlib.MainControl
Compiling module xil_defaultlib.ALUControl
Compiling module xil_defaultlib.instructionMemory
Compiling module xil_defaultlib.branch_MUX
Compiling module xil_defaultlib.PC
Compiling module xil_defaultlib.PCAdder
Compiling module xil_defaultlib.BranchAdd
Compiling module xil_defaultlib.immGen
Compiling module xil_defaultlib.SevenSegment
Compiling module xil_defaultlib.topProcessor
Compiling module xil_defaultlib.TopModule
Compiling module xil_defaultlib.tb_countdown
Compiling module xil_defaultlib.glbl
Built simulation snapshot tb_countdown_behav

****** Webtalk v2020.1 (64-bit)
  **** SW Build 2902540 on Wed May 27 19:54:49 MDT 2020
  **** IP Build 2902112 on Wed May 27 22:43:36 MDT 2020
    ** Copyright 1986-2020 Xilinx, Inc. All Rights Reserved.

source C:/Users/ha10609/Downloads/CA-Labs-T1/TopProcessor/lab11.sim/sim_1/behav/xsim/xsim.dir/tb_countdown_behav/webtalk/xsim_webtalk.tcl -notrace
INFO: [Common 17-206] Exiting Webtalk at Wed Apr 29 16:16:34 2026...
INFO: [USF-XSim-69] 'elaborate' step finished in '5' seconds
INFO: [USF-XSim-4] XSim::Simulate design
INFO: [USF-XSim-61] Executing 'SIMULATE' step in 'C:/Users/ha10609/Downloads/CA-Labs-T1/TopProcessor/lab11.sim/sim_1/behav/xsim'
INFO: [USF-XSim-98] *** Running xsim
   with args "tb_countdown_behav -key {Behavioral:sim_1:Functional:tb_countdown} -tclbatch {tb_countdown.tcl} -log {simulate.log}"
INFO: [USF-XSim-8] Loading simulator feature
Vivado Simulator 2020.1
Time resolution is 1 ps
source tb_countdown.tcl
# set curr_wave [current_wave_config]
# if { [string length $curr_wave] == 0 } {
#   if { [llength [get_objects]] > 0} {
#     add_wave /
#     set_property needs_save false [current_wave_config]
#   } else {
#      send_msg_id Add_Wave-1 WARNING "No top level signals found. Simulator will start without a wave window. If you want to open a wave window go to 'File->New Waveform Configuration' or type 'create_wave_config' in the TCL console."
#   }
# }
# run 1000ns
Time=25000 | PC=0 | inst=00000513 | state(x10)=0 | x2=0 | x1=0 | LEDs=0000000000000000 | ALUResult=00000000 | MemWrite=0 | address=00000000 | write_data=00000000
Time=35000 | PC=4 | inst=00500113 | state(x10)=0 | x2=0 | x1=0 | LEDs=0000000000000101 | ALUResult=00000005 | MemWrite=0 | address=00000005 | write_data=00000000
Time=45000 | PC=8 | inst=00202223 | state(x10)=0 | x2=5 | x1=0 | LEDs=0000000000000100 | ALUResult=00000004 | MemWrite=1 | address=00000004 | write_data=00000005
Time=55000 | PC=12 | inst=00002083 | state(x10)=0 | x2=5 | x1=0 | LEDs=0000000000000000 | ALUResult=00000000 | MemWrite=0 | address=00000000 | write_data=00000000
Time=65000 | PC=16 | inst=00100193 | state(x10)=0 | x2=5 | x1=0 | LEDs=0000000000000001 | ALUResult=00000001 | MemWrite=0 | address=00000001 | write_data=00000000
Time=75000 | PC=20 | inst=02308663 | state(x10)=0 | x2=5 | x1=0 | LEDs=1111111111111111 | ALUResult=ffffffff | MemWrite=0 | address=ffffffff | write_data=00000001
BRANCH | PC=20 | inst=02308663 | funct3=000 | rs1=x1 | rs2=x3 | imm=44 | ALUResult=ffffffff | zero=0 | BLT_taken=0 | PCSrc=0 | next_PC=24
Time=85000 | PC=24 | inst=00050a63 | state(x10)=0 | x2=5 | x1=0 | LEDs=0000000000000000 | ALUResult=00000000 | MemWrite=0 | address=00000000 | write_data=00000000
BRANCH | PC=24 | inst=00050a63 | funct3=000 | rs1=x10 | rs2=x0 | imm=20 | ALUResult=00000000 | zero=1 | BLT_taken=0 | PCSrc=1 | next_PC=44
Time=95000 | PC=44 | inst=00402103 | state(x10)=0 | x2=5 | x1=0 | LEDs=0000000000000100 | ALUResult=00000004 | MemWrite=0 | address=00000004 | write_data=00000000
Time=105000 | PC=48 | inst=fc010ee3 | state(x10)=0 | x2=5 | x1=0 | LEDs=0000000000000101 | ALUResult=00000005 | MemWrite=0 | address=00000005 | write_data=00000000
BRANCH | PC=48 | inst=fc010ee3 | funct3=000 | rs1=x2 | rs2=x0 | imm=-36 | ALUResult=00000005 | zero=0 | BLT_taken=0 | PCSrc=0 | next_PC=52
Time=115000 | PC=52 | inst=00202423 | state(x10)=0 | x2=5 | x1=0 | LEDs=0000000000001000 | ALUResult=00000008 | MemWrite=1 | address=00000008 | write_data=00000005

=== AFTER INIT ===
state(x10) = 0 (expected 0)
x2 = 5 (expected 5)
memory[4] = 5 (expected 5)
Time=125000 | PC=56 | inst=00100513 | state(x10)=0 | x2=5 | x1=0 | LEDs=0000000000000001 | ALUResult=00000001 | MemWrite=0 | address=00000001 | write_data=00000000
Time=135000 | PC=60 | inst=fc0008e3 | state(x10)=1 | x2=5 | x1=0 | LEDs=0000000000000000 | ALUResult=00000000 | MemWrite=0 | address=00000000 | write_data=00000000
BRANCH | PC=60 | inst=fc0008e3 | funct3=000 | rs1=x0 | rs2=x0 | imm=-48 | ALUResult=00000000 | zero=1 | BLT_taken=0 | PCSrc=1 | next_PC=12
Time=145000 | PC=12 | inst=00002083 | state(x10)=1 | x2=5 | x1=0 | LEDs=0000000000000000 | ALUResult=00000000 | MemWrite=0 | address=00000000 | write_data=00000000
Time=155000 | PC=16 | inst=00100193 | state(x10)=1 | x2=5 | x1=0 | LEDs=0000000000000001 | ALUResult=00000001 | MemWrite=0 | address=00000001 | write_data=00000000
Time=165000 | PC=20 | inst=02308663 | state(x10)=1 | x2=5 | x1=0 | LEDs=1111111111111111 | ALUResult=ffffffff | MemWrite=0 | address=ffffffff | write_data=00000001
BRANCH | PC=20 | inst=02308663 | funct3=000 | rs1=x1 | rs2=x3 | imm=44 | ALUResult=ffffffff | zero=0 | BLT_taken=0 | PCSrc=0 | next_PC=24
Time=175000 | PC=24 | inst=00050a63 | state(x10)=1 | x2=5 | x1=0 | LEDs=0000000000000001 | ALUResult=00000001 | MemWrite=0 | address=00000001 | write_data=00000000
BRANCH | PC=24 | inst=00050a63 | funct3=000 | rs1=x10 | rs2=x0 | imm=20 | ALUResult=00000001 | zero=0 | BLT_taken=0 | PCSrc=0 | next_PC=28
Time=185000 | PC=28 | inst=02010c63 | state(x10)=1 | x2=5 | x1=0 | LEDs=0000000000000101 | ALUResult=00000005 | MemWrite=0 | address=00000005 | write_data=00000000
BRANCH | PC=28 | inst=02010c63 | funct3=000 | rs1=x2 | rs2=x0 | imm=56 | ALUResult=00000005 | zero=0 | BLT_taken=0 | PCSrc=0 | next_PC=32
Time=195000 | PC=32 | inst=00202423 | state(x10)=1 | x2=5 | x1=0 | LEDs=0000000000001000 | ALUResult=00000008 | MemWrite=1 | address=00000008 | write_data=00000005
Time=205000 | PC=36 | inst=fff10113 | state(x10)=1 | x2=5 | x1=0 | LEDs=0000000000000100 | ALUResult=00000004 | MemWrite=0 | address=00000004 | write_data=00000000
Time=215000 | PC=40 | inst=fe000ae3 | state(x10)=1 | x2=4 | x1=0 | LEDs=0000000000000000 | ALUResult=00000000 | MemWrite=0 | address=00000000 | write_data=00000000
BRANCH | PC=40 | inst=fe000ae3 | funct3=000 | rs1=x0 | rs2=x0 | imm=-12 | ALUResult=00000000 | zero=1 | BLT_taken=0 | PCSrc=1 | next_PC=28
Time=225000 | PC=28 | inst=02010c63 | state(x10)=1 | x2=4 | x1=0 | LEDs=0000000000000100 | ALUResult=00000004 | MemWrite=0 | address=00000004 | write_data=00000000
BRANCH | PC=28 | inst=02010c63 | funct3=000 | rs1=x2 | rs2=x0 | imm=56 | ALUResult=00000004 | zero=0 | BLT_taken=0 | PCSrc=0 | next_PC=32
Time=235000 | PC=32 | inst=00202423 | state(x10)=1 | x2=4 | x1=0 | LEDs=0000000000001000 | ALUResult=00000008 | MemWrite=1 | address=00000008 | write_data=00000004
Time=245000 | PC=36 | inst=fff10113 | state(x10)=1 | x2=4 | x1=0 | LEDs=0000000000000011 | ALUResult=00000003 | MemWrite=0 | address=00000003 | write_data=00000000
Time=255000 | PC=40 | inst=fe000ae3 | state(x10)=1 | x2=3 | x1=0 | LEDs=0000000000000000 | ALUResult=00000000 | MemWrite=0 | address=00000000 | write_data=00000000
BRANCH | PC=40 | inst=fe000ae3 | funct3=000 | rs1=x0 | rs2=x0 | imm=-12 | ALUResult=00000000 | zero=1 | BLT_taken=0 | PCSrc=1 | next_PC=28
Time=265000 | PC=28 | inst=02010c63 | state(x10)=1 | x2=3 | x1=0 | LEDs=0000000000000011 | ALUResult=00000003 | MemWrite=0 | address=00000003 | write_data=00000000
BRANCH | PC=28 | inst=02010c63 | funct3=000 | rs1=x2 | rs2=x0 | imm=56 | ALUResult=00000003 | zero=0 | BLT_taken=0 | PCSrc=0 | next_PC=32
Time=275000 | PC=32 | inst=00202423 | state(x10)=1 | x2=3 | x1=0 | LEDs=0000000000001000 | ALUResult=00000008 | MemWrite=1 | address=00000008 | write_data=00000003
Time=285000 | PC=36 | inst=fff10113 | state(x10)=1 | x2=3 | x1=0 | LEDs=0000000000000010 | ALUResult=00000002 | MemWrite=0 | address=00000002 | write_data=00000000
Time=295000 | PC=40 | inst=fe000ae3 | state(x10)=1 | x2=2 | x1=0 | LEDs=0000000000000000 | ALUResult=00000000 | MemWrite=0 | address=00000000 | write_data=00000000
BRANCH | PC=40 | inst=fe000ae3 | funct3=000 | rs1=x0 | rs2=x0 | imm=-12 | ALUResult=00000000 | zero=1 | BLT_taken=0 | PCSrc=1 | next_PC=28
Time=305000 | PC=28 | inst=02010c63 | state(x10)=1 | x2=2 | x1=0 | LEDs=0000000000000010 | ALUResult=00000002 | MemWrite=0 | address=00000002 | write_data=00000000
BRANCH | PC=28 | inst=02010c63 | funct3=000 | rs1=x2 | rs2=x0 | imm=56 | ALUResult=00000002 | zero=0 | BLT_taken=0 | PCSrc=0 | next_PC=32
Time=315000 | PC=32 | inst=00202423 | state(x10)=1 | x2=2 | x1=0 | LEDs=0000000000001000 | ALUResult=00000008 | MemWrite=1 | address=00000008 | write_data=00000002

=== AFTER INPUT STATE ===
state(x10) = 1 (expected 1 = COUNTDOWN)
x2 = 2 (expected 5)
Time=325000 | PC=36 | inst=fff10113 | state(x10)=1 | x2=2 | x1=0 | LEDs=0000000000000001 | ALUResult=00000001 | MemWrite=0 | address=00000001 | write_data=00000000
Time=335000 | PC=40 | inst=fe000ae3 | state(x10)=1 | x2=1 | x1=0 | LEDs=0000000000000000 | ALUResult=00000000 | MemWrite=0 | address=00000000 | write_data=00000000
BRANCH | PC=40 | inst=fe000ae3 | funct3=000 | rs1=x0 | rs2=x0 | imm=-12 | ALUResult=00000000 | zero=1 | BLT_taken=0 | PCSrc=1 | next_PC=28
Time=345000 | PC=28 | inst=02010c63 | state(x10)=1 | x2=1 | x1=0 | LEDs=0000000000000001 | ALUResult=00000001 | MemWrite=0 | address=00000001 | write_data=00000000
BRANCH | PC=28 | inst=02010c63 | funct3=000 | rs1=x2 | rs2=x0 | imm=56 | ALUResult=00000001 | zero=0 | BLT_taken=0 | PCSrc=0 | next_PC=32
Time=355000 | PC=32 | inst=00202423 | state(x10)=1 | x2=1 | x1=0 | LEDs=0000000000001000 | ALUResult=00000008 | MemWrite=1 | address=00000008 | write_data=00000001
Time=365000 | PC=36 | inst=fff10113 | state(x10)=1 | x2=1 | x1=0 | LEDs=0000000000000000 | ALUResult=00000000 | MemWrite=0 | address=00000000 | write_data=00000000
Time=375000 | PC=40 | inst=fe000ae3 | state(x10)=1 | x2=0 | x1=0 | LEDs=0000000000000000 | ALUResult=00000000 | MemWrite=0 | address=00000000 | write_data=00000000
BRANCH | PC=40 | inst=fe000ae3 | funct3=000 | rs1=x0 | rs2=x0 | imm=-12 | ALUResult=00000000 | zero=1 | BLT_taken=0 | PCSrc=1 | next_PC=28
Time=385000 | PC=28 | inst=02010c63 | state(x10)=1 | x2=0 | x1=0 | LEDs=0000000000000000 | ALUResult=00000000 | MemWrite=0 | address=00000000 | write_data=00000000
BRANCH | PC=28 | inst=02010c63 | funct3=000 | rs1=x2 | rs2=x0 | imm=56 | ALUResult=00000000 | zero=1 | BLT_taken=0 | PCSrc=1 | next_PC=84
Time=395000 | PC=84 | inst=00002423 | state(x10)=1 | x2=0 | x1=0 | LEDs=0000000000001000 | ALUResult=00000008 | MemWrite=1 | address=00000008 | write_data=00000000
Time=405000 | PC=88 | inst=fa000ae3 | state(x10)=1 | x2=0 | x1=0 | LEDs=0000000000000000 | ALUResult=00000000 | MemWrite=0 | address=00000000 | write_data=00000000
BRANCH | PC=88 | inst=fa000ae3 | funct3=000 | rs1=x0 | rs2=x0 | imm=-76 | ALUResult=00000000 | zero=1 | BLT_taken=0 | PCSrc=1 | next_PC=12
Time=415000 | PC=12 | inst=00002083 | state(x10)=1 | x2=0 | x1=0 | LEDs=0000000000000000 | ALUResult=00000000 | MemWrite=0 | address=00000000 | write_data=00000000
Time=425000 | PC=16 | inst=00100193 | state(x10)=1 | x2=0 | x1=0 | LEDs=0000000000000001 | ALUResult=00000001 | MemWrite=0 | address=00000001 | write_data=00000000
Time=435000 | PC=20 | inst=02308663 | state(x10)=1 | x2=0 | x1=0 | LEDs=1111111111111111 | ALUResult=ffffffff | MemWrite=0 | address=ffffffff | write_data=00000001
BRANCH | PC=20 | inst=02308663 | funct3=000 | rs1=x1 | rs2=x3 | imm=44 | ALUResult=ffffffff | zero=0 | BLT_taken=0 | PCSrc=0 | next_PC=24
Time=445000 | PC=24 | inst=00050a63 | state(x10)=1 | x2=0 | x1=0 | LEDs=0000000000000001 | ALUResult=00000001 | MemWrite=0 | address=00000001 | write_data=00000000
BRANCH | PC=24 | inst=00050a63 | funct3=000 | rs1=x10 | rs2=x0 | imm=20 | ALUResult=00000001 | zero=0 | BLT_taken=0 | PCSrc=0 | next_PC=28
Time=455000 | PC=28 | inst=02010c63 | state(x10)=1 | x2=0 | x1=0 | LEDs=0000000000000000 | ALUResult=00000000 | MemWrite=0 | address=00000000 | write_data=00000000
BRANCH | PC=28 | inst=02010c63 | funct3=000 | rs1=x2 | rs2=x0 | imm=56 | ALUResult=00000000 | zero=1 | BLT_taken=0 | PCSrc=1 | next_PC=84
Time=465000 | PC=84 | inst=00002423 | state(x10)=1 | x2=0 | x1=0 | LEDs=0000000000001000 | ALUResult=00000008 | MemWrite=1 | address=00000008 | write_data=00000000
Time=475000 | PC=88 | inst=fa000ae3 | state(x10)=1 | x2=0 | x1=0 | LEDs=0000000000000000 | ALUResult=00000000 | MemWrite=0 | address=00000000 | write_data=00000000
BRANCH | PC=88 | inst=fa000ae3 | funct3=000 | rs1=x0 | rs2=x0 | imm=-76 | ALUResult=00000000 | zero=1 | BLT_taken=0 | PCSrc=1 | next_PC=12
Time=485000 | PC=12 | inst=00002083 | state(x10)=1 | x2=0 | x1=0 | LEDs=0000000000000000 | ALUResult=00000000 | MemWrite=0 | address=00000000 | write_data=00000000
Time=495000 | PC=16 | inst=00100193 | state(x10)=1 | x2=0 | x1=0 | LEDs=0000000000000001 | ALUResult=00000001 | MemWrite=0 | address=00000001 | write_data=00000000
Time=505000 | PC=20 | inst=02308663 | state(x10)=1 | x2=0 | x1=0 | LEDs=1111111111111111 | ALUResult=ffffffff | MemWrite=0 | address=ffffffff | write_data=00000001
BRANCH | PC=20 | inst=02308663 | funct3=000 | rs1=x1 | rs2=x3 | imm=44 | ALUResult=ffffffff | zero=0 | BLT_taken=0 | PCSrc=0 | next_PC=24
Time=515000 | PC=24 | inst=00050a63 | state(x10)=1 | x2=0 | x1=0 | LEDs=0000000000000001 | ALUResult=00000001 | MemWrite=0 | address=00000001 | write_data=00000000
BRANCH | PC=24 | inst=00050a63 | funct3=000 | rs1=x10 | rs2=x0 | imm=20 | ALUResult=00000001 | zero=0 | BLT_taken=0 | PCSrc=0 | next_PC=28
Time=525000 | PC=28 | inst=02010c63 | state(x10)=1 | x2=0 | x1=0 | LEDs=0000000000000000 | ALUResult=00000000 | MemWrite=0 | address=00000000 | write_data=00000000
BRANCH | PC=28 | inst=02010c63 | funct3=000 | rs1=x2 | rs2=x0 | imm=56 | ALUResult=00000000 | zero=1 | BLT_taken=0 | PCSrc=1 | next_PC=84
Time=535000 | PC=84 | inst=00002423 | state(x10)=1 | x2=0 | x1=0 | LEDs=0000000000001000 | ALUResult=00000008 | MemWrite=1 | address=00000008 | write_data=00000000
Time=545000 | PC=88 | inst=fa000ae3 | state(x10)=1 | x2=0 | x1=0 | LEDs=0000000000000000 | ALUResult=00000000 | MemWrite=0 | address=00000000 | write_data=00000000
BRANCH | PC=88 | inst=fa000ae3 | funct3=000 | rs1=x0 | rs2=x0 | imm=-76 | ALUResult=00000000 | zero=1 | BLT_taken=0 | PCSrc=1 | next_PC=12
Time=555000 | PC=12 | inst=00002083 | state(x10)=1 | x2=0 | x1=0 | LEDs=0000000000000000 | ALUResult=00000000 | MemWrite=0 | address=00000000 | write_data=00000000
Time=565000 | PC=16 | inst=00100193 | state(x10)=1 | x2=0 | x1=0 | LEDs=0000000000000001 | ALUResult=00000001 | MemWrite=0 | address=00000001 | write_data=00000000
Time=575000 | PC=20 | inst=02308663 | state(x10)=1 | x2=0 | x1=0 | LEDs=1111111111111111 | ALUResult=ffffffff | MemWrite=0 | address=ffffffff | write_data=00000001
BRANCH | PC=20 | inst=02308663 | funct3=000 | rs1=x1 | rs2=x3 | imm=44 | ALUResult=ffffffff | zero=0 | BLT_taken=0 | PCSrc=0 | next_PC=24
Time=585000 | PC=24 | inst=00050a63 | state(x10)=1 | x2=0 | x1=0 | LEDs=0000000000000001 | ALUResult=00000001 | MemWrite=0 | address=00000001 | write_data=00000000
BRANCH | PC=24 | inst=00050a63 | funct3=000 | rs1=x10 | rs2=x0 | imm=20 | ALUResult=00000001 | zero=0 | BLT_taken=0 | PCSrc=0 | next_PC=28
Time=595000 | PC=28 | inst=02010c63 | state(x10)=1 | x2=0 | x1=0 | LEDs=0000000000000000 | ALUResult=00000000 | MemWrite=0 | address=00000000 | write_data=00000000
BRANCH | PC=28 | inst=02010c63 | funct3=000 | rs1=x2 | rs2=x0 | imm=56 | ALUResult=00000000 | zero=1 | BLT_taken=0 | PCSrc=1 | next_PC=84
Time=605000 | PC=84 | inst=00002423 | state(x10)=1 | x2=0 | x1=0 | LEDs=0000000000001000 | ALUResult=00000008 | MemWrite=1 | address=00000008 | write_data=00000000
Time=615000 | PC=88 | inst=fa000ae3 | state(x10)=1 | x2=0 | x1=0 | LEDs=0000000000000000 | ALUResult=00000000 | MemWrite=0 | address=00000000 | write_data=00000000
BRANCH | PC=88 | inst=fa000ae3 | funct3=000 | rs1=x0 | rs2=x0 | imm=-76 | ALUResult=00000000 | zero=1 | BLT_taken=0 | PCSrc=1 | next_PC=12
Time=625000 | PC=12 | inst=00002083 | state(x10)=1 | x2=0 | x1=0 | LEDs=0000000000000000 | ALUResult=00000000 | MemWrite=0 | address=00000000 | write_data=00000000
Time=635000 | PC=16 | inst=00100193 | state(x10)=1 | x2=0 | x1=0 | LEDs=0000000000000001 | ALUResult=00000001 | MemWrite=0 | address=00000001 | write_data=00000000
Time=645000 | PC=20 | inst=02308663 | state(x10)=1 | x2=0 | x1=0 | LEDs=1111111111111111 | ALUResult=ffffffff | MemWrite=0 | address=ffffffff | write_data=00000001
BRANCH | PC=20 | inst=02308663 | funct3=000 | rs1=x1 | rs2=x3 | imm=44 | ALUResult=ffffffff | zero=0 | BLT_taken=0 | PCSrc=0 | next_PC=24
Time=655000 | PC=24 | inst=00050a63 | state(x10)=1 | x2=0 | x1=0 | LEDs=0000000000000001 | ALUResult=00000001 | MemWrite=0 | address=00000001 | write_data=00000000
BRANCH | PC=24 | inst=00050a63 | funct3=000 | rs1=x10 | rs2=x0 | imm=20 | ALUResult=00000001 | zero=0 | BLT_taken=0 | PCSrc=0 | next_PC=28
Time=665000 | PC=28 | inst=02010c63 | state(x10)=1 | x2=0 | x1=0 | LEDs=0000000000000000 | ALUResult=00000000 | MemWrite=0 | address=00000000 | write_data=00000000
BRANCH | PC=28 | inst=02010c63 | funct3=000 | rs1=x2 | rs2=x0 | imm=56 | ALUResult=00000000 | zero=1 | BLT_taken=0 | PCSrc=1 | next_PC=84
Time=675000 | PC=84 | inst=00002423 | state(x10)=1 | x2=0 | x1=0 | LEDs=0000000000001000 | ALUResult=00000008 | MemWrite=1 | address=00000008 | write_data=00000000
Time=685000 | PC=88 | inst=fa000ae3 | state(x10)=1 | x2=0 | x1=0 | LEDs=0000000000000000 | ALUResult=00000000 | MemWrite=0 | address=00000000 | write_data=00000000
BRANCH | PC=88 | inst=fa000ae3 | funct3=000 | rs1=x0 | rs2=x0 | imm=-76 | ALUResult=00000000 | zero=1 | BLT_taken=0 | PCSrc=1 | next_PC=12
Time=695000 | PC=12 | inst=00002083 | state(x10)=1 | x2=0 | x1=0 | LEDs=0000000000000000 | ALUResult=00000000 | MemWrite=0 | address=00000000 | write_data=00000000
Time=705000 | PC=16 | inst=00100193 | state(x10)=1 | x2=0 | x1=0 | LEDs=0000000000000001 | ALUResult=00000001 | MemWrite=0 | address=00000001 | write_data=00000000
Time=715000 | PC=20 | inst=02308663 | state(x10)=1 | x2=0 | x1=0 | LEDs=1111111111111111 | ALUResult=ffffffff | MemWrite=0 | address=ffffffff | write_data=00000001
BRANCH | PC=20 | inst=02308663 | funct3=000 | rs1=x1 | rs2=x3 | imm=44 | ALUResult=ffffffff | zero=0 | BLT_taken=0 | PCSrc=0 | next_PC=24
Time=725000 | PC=24 | inst=00050a63 | state(x10)=1 | x2=0 | x1=0 | LEDs=0000000000000001 | ALUResult=00000001 | MemWrite=0 | address=00000001 | write_data=00000000
BRANCH | PC=24 | inst=00050a63 | funct3=000 | rs1=x10 | rs2=x0 | imm=20 | ALUResult=00000001 | zero=0 | BLT_taken=0 | PCSrc=0 | next_PC=28
Time=735000 | PC=28 | inst=02010c63 | state(x10)=1 | x2=0 | x1=0 | LEDs=0000000000000000 | ALUResult=00000000 | MemWrite=0 | address=00000000 | write_data=00000000
BRANCH | PC=28 | inst=02010c63 | funct3=000 | rs1=x2 | rs2=x0 | imm=56 | ALUResult=00000000 | zero=1 | BLT_taken=0 | PCSrc=1 | next_PC=84
Time=745000 | PC=84 | inst=00002423 | state(x10)=1 | x2=0 | x1=0 | LEDs=0000000000001000 | ALUResult=00000008 | MemWrite=1 | address=00000008 | write_data=00000000
Time=755000 | PC=88 | inst=fa000ae3 | state(x10)=1 | x2=0 | x1=0 | LEDs=0000000000000000 | ALUResult=00000000 | MemWrite=0 | address=00000000 | write_data=00000000
BRANCH | PC=88 | inst=fa000ae3 | funct3=000 | rs1=x0 | rs2=x0 | imm=-76 | ALUResult=00000000 | zero=1 | BLT_taken=0 | PCSrc=1 | next_PC=12
Time=765000 | PC=12 | inst=00002083 | state(x10)=1 | x2=0 | x1=0 | LEDs=0000000000000000 | ALUResult=00000000 | MemWrite=0 | address=00000000 | write_data=00000000
Time=775000 | PC=16 | inst=00100193 | state(x10)=1 | x2=0 | x1=0 | LEDs=0000000000000001 | ALUResult=00000001 | MemWrite=0 | address=00000001 | write_data=00000000
Time=785000 | PC=20 | inst=02308663 | state(x10)=1 | x2=0 | x1=0 | LEDs=1111111111111111 | ALUResult=ffffffff | MemWrite=0 | address=ffffffff | write_data=00000001
BRANCH | PC=20 | inst=02308663 | funct3=000 | rs1=x1 | rs2=x3 | imm=44 | ALUResult=ffffffff | zero=0 | BLT_taken=0 | PCSrc=0 | next_PC=24
Time=795000 | PC=24 | inst=00050a63 | state(x10)=1 | x2=0 | x1=0 | LEDs=0000000000000001 | ALUResult=00000001 | MemWrite=0 | address=00000001 | write_data=00000000
BRANCH | PC=24 | inst=00050a63 | funct3=000 | rs1=x10 | rs2=x0 | imm=20 | ALUResult=00000001 | zero=0 | BLT_taken=0 | PCSrc=0 | next_PC=28
Time=805000 | PC=28 | inst=02010c63 | state(x10)=1 | x2=0 | x1=0 | LEDs=0000000000000000 | ALUResult=00000000 | MemWrite=0 | address=00000000 | write_data=00000000
BRANCH | PC=28 | inst=02010c63 | funct3=000 | rs1=x2 | rs2=x0 | imm=56 | ALUResult=00000000 | zero=1 | BLT_taken=0 | PCSrc=1 | next_PC=84
Time=815000 | PC=84 | inst=00002423 | state(x10)=1 | x2=0 | x1=0 | LEDs=0000000000001000 | ALUResult=00000008 | MemWrite=1 | address=00000008 | write_data=00000000
Time=825000 | PC=88 | inst=fa000ae3 | state(x10)=1 | x2=0 | x1=0 | LEDs=0000000000000000 | ALUResult=00000000 | MemWrite=0 | address=00000000 | write_data=00000000
BRANCH | PC=88 | inst=fa000ae3 | funct3=000 | rs1=x0 | rs2=x0 | imm=-76 | ALUResult=00000000 | zero=1 | BLT_taken=0 | PCSrc=1 | next_PC=12
Time=835000 | PC=12 | inst=00002083 | state(x10)=1 | x2=0 | x1=0 | LEDs=0000000000000000 | ALUResult=00000000 | MemWrite=0 | address=00000000 | write_data=00000000
Time=845000 | PC=16 | inst=00100193 | state(x10)=1 | x2=0 | x1=0 | LEDs=0000000000000001 | ALUResult=00000001 | MemWrite=0 | address=00000001 | write_data=00000000
Time=855000 | PC=20 | inst=02308663 | state(x10)=1 | x2=0 | x1=0 | LEDs=1111111111111111 | ALUResult=ffffffff | MemWrite=0 | address=ffffffff | write_data=00000001
BRANCH | PC=20 | inst=02308663 | funct3=000 | rs1=x1 | rs2=x3 | imm=44 | ALUResult=ffffffff | zero=0 | BLT_taken=0 | PCSrc=0 | next_PC=24
Time=865000 | PC=24 | inst=00050a63 | state(x10)=1 | x2=0 | x1=0 | LEDs=0000000000000001 | ALUResult=00000001 | MemWrite=0 | address=00000001 | write_data=00000000
BRANCH | PC=24 | inst=00050a63 | funct3=000 | rs1=x10 | rs2=x0 | imm=20 | ALUResult=00000001 | zero=0 | BLT_taken=0 | PCSrc=0 | next_PC=28
Time=875000 | PC=28 | inst=02010c63 | state(x10)=1 | x2=0 | x1=0 | LEDs=0000000000000000 | ALUResult=00000000 | MemWrite=0 | address=00000000 | write_data=00000000
BRANCH | PC=28 | inst=02010c63 | funct3=000 | rs1=x2 | rs2=x0 | imm=56 | ALUResult=00000000 | zero=1 | BLT_taken=0 | PCSrc=1 | next_PC=84
Time=885000 | PC=84 | inst=00002423 | state(x10)=1 | x2=0 | x1=0 | LEDs=0000000000001000 | ALUResult=00000008 | MemWrite=1 | address=00000008 | write_data=00000000
Time=895000 | PC=88 | inst=fa000ae3 | state(x10)=1 | x2=0 | x1=0 | LEDs=0000000000000000 | ALUResult=00000000 | MemWrite=0 | address=00000000 | write_data=00000000
BRANCH | PC=88 | inst=fa000ae3 | funct3=000 | rs1=x0 | rs2=x0 | imm=-76 | ALUResult=00000000 | zero=1 | BLT_taken=0 | PCSrc=1 | next_PC=12
Time=905000 | PC=12 | inst=00002083 | state(x10)=1 | x2=0 | x1=0 | LEDs=0000000000000000 | ALUResult=00000000 | MemWrite=0 | address=00000000 | write_data=00000000
Time=915000 | PC=16 | inst=00100193 | state(x10)=1 | x2=0 | x1=0 | LEDs=0000000000000001 | ALUResult=00000001 | MemWrite=0 | address=00000001 | write_data=00000000
Time=925000 | PC=20 | inst=02308663 | state(x10)=1 | x2=0 | x1=0 | LEDs=1111111111111111 | ALUResult=ffffffff | MemWrite=0 | address=ffffffff | write_data=00000001
BRANCH | PC=20 | inst=02308663 | funct3=000 | rs1=x1 | rs2=x3 | imm=44 | ALUResult=ffffffff | zero=0 | BLT_taken=0 | PCSrc=0 | next_PC=24
Time=935000 | PC=24 | inst=00050a63 | state(x10)=1 | x2=0 | x1=0 | LEDs=0000000000000001 | ALUResult=00000001 | MemWrite=0 | address=00000001 | write_data=00000000
BRANCH | PC=24 | inst=00050a63 | funct3=000 | rs1=x10 | rs2=x0 | imm=20 | ALUResult=00000001 | zero=0 | BLT_taken=0 | PCSrc=0 | next_PC=28
Time=945000 | PC=28 | inst=02010c63 | state(x10)=1 | x2=0 | x1=0 | LEDs=0000000000000000 | ALUResult=00000000 | MemWrite=0 | address=00000000 | write_data=00000000
BRANCH | PC=28 | inst=02010c63 | funct3=000 | rs1=x2 | rs2=x0 | imm=56 | ALUResult=00000000 | zero=1 | BLT_taken=0 | PCSrc=1 | next_PC=84
Time=955000 | PC=84 | inst=00002423 | state(x10)=1 | x2=0 | x1=0 | LEDs=0000000000001000 | ALUResult=00000008 | MemWrite=1 | address=00000008 | write_data=00000000
Time=965000 | PC=88 | inst=fa000ae3 | state(x10)=1 | x2=0 | x1=0 | LEDs=0000000000000000 | ALUResult=00000000 | MemWrite=0 | address=00000000 | write_data=00000000
BRANCH | PC=88 | inst=fa000ae3 | funct3=000 | rs1=x0 | rs2=x0 | imm=-76 | ALUResult=00000000 | zero=1 | BLT_taken=0 | PCSrc=1 | next_PC=12
Time=975000 | PC=12 | inst=00002083 | state(x10)=1 | x2=0 | x1=0 | LEDs=0000000000000000 | ALUResult=00000000 | MemWrite=0 | address=00000000 | write_data=00000000
Time=985000 | PC=16 | inst=00100193 | state(x10)=1 | x2=0 | x1=0 | LEDs=0000000000000001 | ALUResult=00000001 | MemWrite=0 | address=00000001 | write_data=00000000
Time=995000 | PC=20 | inst=02308663 | state(x10)=1 | x2=0 | x1=0 | LEDs=1111111111111111 | ALUResult=ffffffff | MemWrite=0 | address=ffffffff | write_data=00000001
BRANCH | PC=20 | inst=02308663 | funct3=000 | rs1=x1 | rs2=x3 | imm=44 | ALUResult=ffffffff | zero=0 | BLT_taken=0 | PCSrc=0 | next_PC=24
INFO: [USF-XSim-96] XSim completed. Design snapshot 'tb_countdown_behav' loaded.
INFO: [USF-XSim-97] XSim simulation ran for 1000ns
launch_simulation: Time (s): cpu = 00:00:03 ; elapsed = 00:00:07 . Memory (MB): peak = 2343.113 ; gain = 8.738
close_sim
INFO: [Simtcl 6-16] Simulation closed
launch_simulation
Command: launch_simulation 
INFO: [Vivado 12-5682] Launching behavioral simulation in 'C:/Users/ha10609/Downloads/CA-Labs-T1/TopProcessor/lab11.sim/sim_1/behav/xsim'
INFO: [SIM-utils-51] Simulation object is 'sim_1'
INFO: [SIM-utils-54] Inspecting design source files for 'tb_countdown' in fileset 'sim_1'...
INFO: [SIM-utils-43] Exported 'C:/Users/ha10609/Downloads/CA-Labs-T1/TopProcessor/lab11.sim/sim_1/behav/xsim/instructions_task1.mem'
INFO: [SIM-utils-43] Exported 'C:/Users/ha10609/Downloads/CA-Labs-T1/TopProcessor/lab11.sim/sim_1/behav/xsim/instructions_task2.mem'
INFO: [SIM-utils-43] Exported 'C:/Users/ha10609/Downloads/CA-Labs-T1/TopProcessor/lab11.sim/sim_1/behav/xsim/instructions_task3.mem'
INFO: [USF-XSim-97] Finding global include files...
INFO: [USF-XSim-98] Fetching design files from 'sim_1'...
INFO: [USF-XSim-2] XSim::Compile design
INFO: [USF-XSim-61] Executing 'COMPILE and ANALYZE' step in 'C:/Users/ha10609/Downloads/CA-Labs-T1/TopProcessor/lab11.sim/sim_1/behav/xsim'
"xvlog --incr --relax -prj tb_countdown_vlog.prj"
INFO: [VRFC 10-2263] Analyzing Verilog file "C:/Users/ha10609/Downloads/CA-Labs-T1/TopProcessor/lab11.srcs/sources_1/new/2_MUX.v" into library xil_defaultlib
INFO: [VRFC 10-311] analyzing module branch_MUX
INFO: [VRFC 10-2263] Analyzing Verilog file "C:/Users/ha10609/Downloads/CA-Labs-T1/TopProcessor/lab11.srcs/sources_1/new/ALU.v" into library xil_defaultlib
INFO: [VRFC 10-311] analyzing module ALU
INFO: [VRFC 10-2263] Analyzing Verilog file "C:/Users/ha10609/Downloads/CA-Labs-T1/TopProcessor/lab11.srcs/sources_1/new/ALUControl.v" into library xil_defaultlib
INFO: [VRFC 10-311] analyzing module ALUControl
INFO: [VRFC 10-2263] Analyzing Verilog file "C:/Users/ha10609/Downloads/CA-Labs-T1/TopProcessor/lab11.srcs/sources_1/new/BranchAdd.v" into library xil_defaultlib
INFO: [VRFC 10-311] analyzing module BranchAdd
INFO: [VRFC 10-2263] Analyzing Verilog file "C:/Users/ha10609/Downloads/CA-Labs-T1/TopProcessor/lab11.srcs/sources_1/new/DataMemory.v" into library xil_defaultlib
INFO: [VRFC 10-311] analyzing module DataMemory
INFO: [VRFC 10-2263] Analyzing Verilog file "C:/Users/ha10609/Downloads/CA-Labs-T1/TopProcessor/lab11.srcs/sources_1/new/InstructionMemory.v" into library xil_defaultlib
INFO: [VRFC 10-311] analyzing module instructionMemory
INFO: [VRFC 10-2263] Analyzing Verilog file "C:/Users/ha10609/Downloads/CA-Labs-T1/TopProcessor/lab11.srcs/sources_1/new/MainControl.v" into library xil_defaultlib
INFO: [VRFC 10-311] analyzing module MainControl
INFO: [VRFC 10-2263] Analyzing Verilog file "C:/Users/ha10609/Downloads/CA-Labs-T1/TopProcessor/lab11.srcs/sources_1/new/PC.v" into library xil_defaultlib
INFO: [VRFC 10-311] analyzing module PC
INFO: [VRFC 10-2263] Analyzing Verilog file "C:/Users/ha10609/Downloads/CA-Labs-T1/TopProcessor/lab11.srcs/sources_1/new/PCAdder.v" into library xil_defaultlib
INFO: [VRFC 10-311] analyzing module PCAdder
INFO: [VRFC 10-2263] Analyzing Verilog file "C:/Users/ha10609/Downloads/CA-Labs-T1/TopProcessor/lab11.srcs/sources_1/new/Register.v" into library xil_defaultlib
INFO: [VRFC 10-311] analyzing module Register
INFO: [VRFC 10-2263] Analyzing Verilog file "C:/Users/ha10609/Downloads/CA-Labs-T1/TopProcessor/lab11.srcs/sources_1/new/TopProcessor.v" into library xil_defaultlib
INFO: [VRFC 10-311] analyzing module topProcessor
INFO: [VRFC 10-2263] Analyzing Verilog file "C:/Users/ha10609/Downloads/CA-Labs-T1/TopProcessor/lab11.srcs/sources_1/new/clockdivider.v" into library xil_defaultlib
INFO: [VRFC 10-311] analyzing module clockdivider
INFO: [VRFC 10-2263] Analyzing Verilog file "C:/Users/ha10609/Downloads/CA-Labs-T1/TopProcessor/lab11.srcs/sources_1/new/immGen.v" into library xil_defaultlib
INFO: [VRFC 10-311] analyzing module immGen
INFO: [VRFC 10-2263] Analyzing Verilog file "C:/Users/ha10609/Downloads/CA-Labs-T1/TopProcessor/lab11.srcs/sources_1/new/sevensegment.v" into library xil_defaultlib
INFO: [VRFC 10-311] analyzing module SevenSegment
INFO: [VRFC 10-2263] Analyzing Verilog file "C:/Users/ha10609/Downloads/CA-Labs-T1/TopProcessor/lab11.srcs/sources_1/new/top_module.v" into library xil_defaultlib
INFO: [VRFC 10-311] analyzing module TopModule
INFO: [VRFC 10-2263] Analyzing Verilog file "C:/Users/ha10609/Downloads/CA-Labs-T1/TopProcessor/lab11.srcs/sim_1/new/pc_tb.v" into library xil_defaultlib
INFO: [VRFC 10-311] analyzing module tb_countdown
INFO: [USF-XSim-69] 'compile' step finished in '1' seconds
INFO: [USF-XSim-3] XSim::Elaborate design
INFO: [USF-XSim-61] Executing 'ELABORATE' step in 'C:/Users/ha10609/Downloads/CA-Labs-T1/TopProcessor/lab11.sim/sim_1/behav/xsim'
"xelab -wto f8d01134f7dc4a89acf0d8e4e2a22205 --incr --debug typical --relax --mt 2 -L xil_defaultlib -L unisims_ver -L unimacro_ver -L secureip --snapshot tb_countdown_behav xil_defaultlib.tb_countdown xil_defaultlib.glbl -log elaborate.log"
Vivado Simulator 2020.1
Copyright 1986-1999, 2001-2020 Xilinx, Inc. All Rights Reserved.
Running: C:/Xilinx/Vivado/2020.1/bin/unwrapped/win64.o/xelab.exe -wto f8d01134f7dc4a89acf0d8e4e2a22205 --incr --debug typical --relax --mt 2 -L xil_defaultlib -L unisims_ver -L unimacro_ver -L secureip --snapshot tb_countdown_behav xil_defaultlib.tb_countdown xil_defaultlib.glbl -log elaborate.log 
Using 2 slave threads.
Starting static elaboration
Pass Through NonSizing Optimizer
Completed static elaboration
Starting simulation data flow analysis
Completed simulation data flow analysis
Time Resolution for simulation is 1ps
Compiling module xil_defaultlib.clockdivider
Compiling module xil_defaultlib.ALU
Compiling module xil_defaultlib.Register
Compiling module xil_defaultlib.DataMemory
Compiling module xil_defaultlib.MainControl
Compiling module xil_defaultlib.ALUControl
Compiling module xil_defaultlib.instructionMemory
Compiling module xil_defaultlib.branch_MUX
Compiling module xil_defaultlib.PC
Compiling module xil_defaultlib.PCAdder
Compiling module xil_defaultlib.BranchAdd
Compiling module xil_defaultlib.immGen
Compiling module xil_defaultlib.SevenSegment
Compiling module xil_defaultlib.topProcessor
Compiling module xil_defaultlib.TopModule
Compiling module xil_defaultlib.tb_countdown
Compiling module xil_defaultlib.glbl
Built simulation snapshot tb_countdown_behav
INFO: [USF-XSim-69] 'elaborate' step finished in '1' seconds
INFO: [USF-XSim-4] XSim::Simulate design
INFO: [USF-XSim-61] Executing 'SIMULATE' step in 'C:/Users/ha10609/Downloads/CA-Labs-T1/TopProcessor/lab11.sim/sim_1/behav/xsim'
INFO: [USF-XSim-98] *** Running xsim
   with args "tb_countdown_behav -key {Behavioral:sim_1:Functional:tb_countdown} -tclbatch {tb_countdown.tcl} -log {simulate.log}"
INFO: [USF-XSim-8] Loading simulator feature
Vivado Simulator 2020.1
Time resolution is 1 ps
source tb_countdown.tcl
# set curr_wave [current_wave_config]
# if { [string length $curr_wave] == 0 } {
#   if { [llength [get_objects]] > 0} {
#     add_wave /
#     set_property needs_save false [current_wave_config]
#   } else {
#      send_msg_id Add_Wave-1 WARNING "No top level signals found. Simulator will start without a wave window. If you want to open a wave window go to 'File->New Waveform Configuration' or type 'create_wave_config' in the TCL console."
#   }
# }
# run 1000ns
Time=25000 | PC=0 | inst=00000513 | state(x10)=0 | x2=0 | x1=0 | LEDs=0000000000000000 | ALUResult=00000000 | MemWrite=0 | address=00000000 | write_data=00000000
Time=35000 | PC=4 | inst=00500113 | state(x10)=0 | x2=0 | x1=0 | LEDs=0000000000000000 | ALUResult=00000005 | MemWrite=0 | address=00000005 | write_data=00000000
Time=45000 | PC=8 | inst=00202223 | state(x10)=0 | x2=5 | x1=0 | LEDs=0000000000000000 | ALUResult=00000004 | MemWrite=1 | address=00000004 | write_data=00000005
Time=55000 | PC=12 | inst=00002083 | state(x10)=0 | x2=5 | x1=0 | LEDs=0000000000000000 | ALUResult=00000000 | MemWrite=0 | address=00000000 | write_data=00000000
Time=65000 | PC=16 | inst=00100193 | state(x10)=0 | x2=5 | x1=0 | LEDs=0000000000000000 | ALUResult=00000001 | MemWrite=0 | address=00000001 | write_data=00000000
Time=75000 | PC=20 | inst=02308663 | state(x10)=0 | x2=5 | x1=0 | LEDs=0000000000000000 | ALUResult=ffffffff | MemWrite=0 | address=ffffffff | write_data=00000001
BRANCH | PC=20 | inst=02308663 | funct3=000 | rs1=x1 | rs2=x3 | imm=44 | ALUResult=ffffffff | zero=0 | BLT_taken=0 | PCSrc=0 | next_PC=24
Time=85000 | PC=24 | inst=00050a63 | state(x10)=0 | x2=5 | x1=0 | LEDs=0000000000000000 | ALUResult=00000000 | MemWrite=0 | address=00000000 | write_data=00000000
BRANCH | PC=24 | inst=00050a63 | funct3=000 | rs1=x10 | rs2=x0 | imm=20 | ALUResult=00000000 | zero=1 | BLT_taken=0 | PCSrc=1 | next_PC=44
Time=95000 | PC=44 | inst=00402103 | state(x10)=0 | x2=5 | x1=0 | LEDs=0000000000000000 | ALUResult=00000004 | MemWrite=0 | address=00000004 | write_data=00000000
Time=105000 | PC=48 | inst=fc010ee3 | state(x10)=0 | x2=5 | x1=0 | LEDs=0000000000000000 | ALUResult=00000005 | MemWrite=0 | address=00000005 | write_data=00000000
BRANCH | PC=48 | inst=fc010ee3 | funct3=000 | rs1=x2 | rs2=x0 | imm=-36 | ALUResult=00000005 | zero=0 | BLT_taken=0 | PCSrc=0 | next_PC=52
Time=115000 | PC=52 | inst=00202423 | state(x10)=0 | x2=5 | x1=0 | LEDs=0000000000000000 | ALUResult=00000008 | MemWrite=1 | address=00000008 | write_data=00000005

=== AFTER INIT ===
state(x10) = 0 (expected 0)
x2 = 5 (expected 5)
memory[4] = 5 (expected 5)
Time=125000 | PC=56 | inst=00100513 | state(x10)=0 | x2=5 | x1=0 | LEDs=0000000000000101 | ALUResult=00000001 | MemWrite=0 | address=00000001 | write_data=00000000
Time=135000 | PC=60 | inst=fc0008e3 | state(x10)=1 | x2=5 | x1=0 | LEDs=0000000000000101 | ALUResult=00000000 | MemWrite=0 | address=00000000 | write_data=00000000
BRANCH | PC=60 | inst=fc0008e3 | funct3=000 | rs1=x0 | rs2=x0 | imm=-48 | ALUResult=00000000 | zero=1 | BLT_taken=0 | PCSrc=1 | next_PC=12
Time=145000 | PC=12 | inst=00002083 | state(x10)=1 | x2=5 | x1=0 | LEDs=0000000000000101 | ALUResult=00000000 | MemWrite=0 | address=00000000 | write_data=00000000
Time=155000 | PC=16 | inst=00100193 | state(x10)=1 | x2=5 | x1=0 | LEDs=0000000000000101 | ALUResult=00000001 | MemWrite=0 | address=00000001 | write_data=00000000
Time=165000 | PC=20 | inst=02308663 | state(x10)=1 | x2=5 | x1=0 | LEDs=0000000000000101 | ALUResult=ffffffff | MemWrite=0 | address=ffffffff | write_data=00000001
BRANCH | PC=20 | inst=02308663 | funct3=000 | rs1=x1 | rs2=x3 | imm=44 | ALUResult=ffffffff | zero=0 | BLT_taken=0 | PCSrc=0 | next_PC=24
Time=175000 | PC=24 | inst=00050a63 | state(x10)=1 | x2=5 | x1=0 | LEDs=0000000000000101 | ALUResult=00000001 | MemWrite=0 | address=00000001 | write_data=00000000
BRANCH | PC=24 | inst=00050a63 | funct3=000 | rs1=x10 | rs2=x0 | imm=20 | ALUResult=00000001 | zero=0 | BLT_taken=0 | PCSrc=0 | next_PC=28
Time=185000 | PC=28 | inst=02010c63 | state(x10)=1 | x2=5 | x1=0 | LEDs=0000000000000101 | ALUResult=00000005 | MemWrite=0 | address=00000005 | write_data=00000000
BRANCH | PC=28 | inst=02010c63 | funct3=000 | rs1=x2 | rs2=x0 | imm=56 | ALUResult=00000005 | zero=0 | BLT_taken=0 | PCSrc=0 | next_PC=32
Time=195000 | PC=32 | inst=00202423 | state(x10)=1 | x2=5 | x1=0 | LEDs=0000000000000101 | ALUResult=00000008 | MemWrite=1 | address=00000008 | write_data=00000005
Time=205000 | PC=36 | inst=fff10113 | state(x10)=1 | x2=5 | x1=0 | LEDs=0000000000000101 | ALUResult=00000004 | MemWrite=0 | address=00000004 | write_data=00000000
Time=215000 | PC=40 | inst=fe000ae3 | state(x10)=1 | x2=4 | x1=0 | LEDs=0000000000000101 | ALUResult=00000000 | MemWrite=0 | address=00000000 | write_data=00000000
BRANCH | PC=40 | inst=fe000ae3 | funct3=000 | rs1=x0 | rs2=x0 | imm=-12 | ALUResult=00000000 | zero=1 | BLT_taken=0 | PCSrc=1 | next_PC=28
Time=225000 | PC=28 | inst=02010c63 | state(x10)=1 | x2=4 | x1=0 | LEDs=0000000000000101 | ALUResult=00000004 | MemWrite=0 | address=00000004 | write_data=00000000
BRANCH | PC=28 | inst=02010c63 | funct3=000 | rs1=x2 | rs2=x0 | imm=56 | ALUResult=00000004 | zero=0 | BLT_taken=0 | PCSrc=0 | next_PC=32
Time=235000 | PC=32 | inst=00202423 | state(x10)=1 | x2=4 | x1=0 | LEDs=0000000000000101 | ALUResult=00000008 | MemWrite=1 | address=00000008 | write_data=00000004
Time=245000 | PC=36 | inst=fff10113 | state(x10)=1 | x2=4 | x1=0 | LEDs=0000000000000100 | ALUResult=00000003 | MemWrite=0 | address=00000003 | write_data=00000000
Time=255000 | PC=40 | inst=fe000ae3 | state(x10)=1 | x2=3 | x1=0 | LEDs=0000000000000100 | ALUResult=00000000 | MemWrite=0 | address=00000000 | write_data=00000000
BRANCH | PC=40 | inst=fe000ae3 | funct3=000 | rs1=x0 | rs2=x0 | imm=-12 | ALUResult=00000000 | zero=1 | BLT_taken=0 | PCSrc=1 | next_PC=28
Time=265000 | PC=28 | inst=02010c63 | state(x10)=1 | x2=3 | x1=0 | LEDs=0000000000000100 | ALUResult=00000003 | MemWrite=0 | address=00000003 | write_data=00000000
BRANCH | PC=28 | inst=02010c63 | funct3=000 | rs1=x2 | rs2=x0 | imm=56 | ALUResult=00000003 | zero=0 | BLT_taken=0 | PCSrc=0 | next_PC=32
Time=275000 | PC=32 | inst=00202423 | state(x10)=1 | x2=3 | x1=0 | LEDs=0000000000000100 | ALUResult=00000008 | MemWrite=1 | address=00000008 | write_data=00000003
Time=285000 | PC=36 | inst=fff10113 | state(x10)=1 | x2=3 | x1=0 | LEDs=0000000000000011 | ALUResult=00000002 | MemWrite=0 | address=00000002 | write_data=00000000
Time=295000 | PC=40 | inst=fe000ae3 | state(x10)=1 | x2=2 | x1=0 | LEDs=0000000000000011 | ALUResult=00000000 | MemWrite=0 | address=00000000 | write_data=00000000
BRANCH | PC=40 | inst=fe000ae3 | funct3=000 | rs1=x0 | rs2=x0 | imm=-12 | ALUResult=00000000 | zero=1 | BLT_taken=0 | PCSrc=1 | next_PC=28
Time=305000 | PC=28 | inst=02010c63 | state(x10)=1 | x2=2 | x1=0 | LEDs=0000000000000011 | ALUResult=00000002 | MemWrite=0 | address=00000002 | write_data=00000000
BRANCH | PC=28 | inst=02010c63 | funct3=000 | rs1=x2 | rs2=x0 | imm=56 | ALUResult=00000002 | zero=0 | BLT_taken=0 | PCSrc=0 | next_PC=32
Time=315000 | PC=32 | inst=00202423 | state(x10)=1 | x2=2 | x1=0 | LEDs=0000000000000011 | ALUResult=00000008 | MemWrite=1 | address=00000008 | write_data=00000002

=== AFTER INPUT STATE ===
state(x10) = 1 (expected 1 = COUNTDOWN)
x2 = 2 (expected 5)
Time=325000 | PC=36 | inst=fff10113 | state(x10)=1 | x2=2 | x1=0 | LEDs=0000000000000010 | ALUResult=00000001 | MemWrite=0 | address=00000001 | write_data=00000000
Time=335000 | PC=40 | inst=fe000ae3 | state(x10)=1 | x2=1 | x1=0 | LEDs=0000000000000010 | ALUResult=00000000 | MemWrite=0 | address=00000000 | write_data=00000000
BRANCH | PC=40 | inst=fe000ae3 | funct3=000 | rs1=x0 | rs2=x0 | imm=-12 | ALUResult=00000000 | zero=1 | BLT_taken=0 | PCSrc=1 | next_PC=28
Time=345000 | PC=28 | inst=02010c63 | state(x10)=1 | x2=1 | x1=0 | LEDs=0000000000000010 | ALUResult=00000001 | MemWrite=0 | address=00000001 | write_data=00000000
BRANCH | PC=28 | inst=02010c63 | funct3=000 | rs1=x2 | rs2=x0 | imm=56 | ALUResult=00000001 | zero=0 | BLT_taken=0 | PCSrc=0 | next_PC=32
Time=355000 | PC=32 | inst=00202423 | state(x10)=1 | x2=1 | x1=0 | LEDs=0000000000000010 | ALUResult=00000008 | MemWrite=1 | address=00000008 | write_data=00000001
Time=365000 | PC=36 | inst=fff10113 | state(x10)=1 | x2=1 | x1=0 | LEDs=0000000000000001 | ALUResult=00000000 | MemWrite=0 | address=00000000 | write_data=00000000
Time=375000 | PC=40 | inst=fe000ae3 | state(x10)=1 | x2=0 | x1=0 | LEDs=0000000000000001 | ALUResult=00000000 | MemWrite=0 | address=00000000 | write_data=00000000
BRANCH | PC=40 | inst=fe000ae3 | funct3=000 | rs1=x0 | rs2=x0 | imm=-12 | ALUResult=00000000 | zero=1 | BLT_taken=0 | PCSrc=1 | next_PC=28
Time=385000 | PC=28 | inst=02010c63 | state(x10)=1 | x2=0 | x1=0 | LEDs=0000000000000001 | ALUResult=00000000 | MemWrite=0 | address=00000000 | write_data=00000000
BRANCH | PC=28 | inst=02010c63 | funct3=000 | rs1=x2 | rs2=x0 | imm=56 | ALUResult=00000000 | zero=1 | BLT_taken=0 | PCSrc=1 | next_PC=84
Time=395000 | PC=84 | inst=00002423 | state(x10)=1 | x2=0 | x1=0 | LEDs=0000000000000001 | ALUResult=00000008 | MemWrite=1 | address=00000008 | write_data=00000000
Time=405000 | PC=88 | inst=fa000ae3 | state(x10)=1 | x2=0 | x1=0 | LEDs=0000000000000000 | ALUResult=00000000 | MemWrite=0 | address=00000000 | write_data=00000000
BRANCH | PC=88 | inst=fa000ae3 | funct3=000 | rs1=x0 | rs2=x0 | imm=-76 | ALUResult=00000000 | zero=1 | BLT_taken=0 | PCSrc=1 | next_PC=12
Time=415000 | PC=12 | inst=00002083 | state(x10)=1 | x2=0 | x1=0 | LEDs=0000000000000000 | ALUResult=00000000 | MemWrite=0 | address=00000000 | write_data=00000000
Time=425000 | PC=16 | inst=00100193 | state(x10)=1 | x2=0 | x1=0 | LEDs=0000000000000000 | ALUResult=00000001 | MemWrite=0 | address=00000001 | write_data=00000000
Time=435000 | PC=20 | inst=02308663 | state(x10)=1 | x2=0 | x1=0 | LEDs=0000000000000000 | ALUResult=ffffffff | MemWrite=0 | address=ffffffff | write_data=00000001
BRANCH | PC=20 | inst=02308663 | funct3=000 | rs1=x1 | rs2=x3 | imm=44 | ALUResult=ffffffff | zero=0 | BLT_taken=0 | PCSrc=0 | next_PC=24
Time=445000 | PC=24 | inst=00050a63 | state(x10)=1 | x2=0 | x1=0 | LEDs=0000000000000000 | ALUResult=00000001 | MemWrite=0 | address=00000001 | write_data=00000000
BRANCH | PC=24 | inst=00050a63 | funct3=000 | rs1=x10 | rs2=x0 | imm=20 | ALUResult=00000001 | zero=0 | BLT_taken=0 | PCSrc=0 | next_PC=28
Time=455000 | PC=28 | inst=02010c63 | state(x10)=1 | x2=0 | x1=0 | LEDs=0000000000000000 | ALUResult=00000000 | MemWrite=0 | address=00000000 | write_data=00000000
BRANCH | PC=28 | inst=02010c63 | funct3=000 | rs1=x2 | rs2=x0 | imm=56 | ALUResult=00000000 | zero=1 | BLT_taken=0 | PCSrc=1 | next_PC=84
Time=465000 | PC=84 | inst=00002423 | state(x10)=1 | x2=0 | x1=0 | LEDs=0000000000000000 | ALUResult=00000008 | MemWrite=1 | address=00000008 | write_data=00000000
Time=475000 | PC=88 | inst=fa000ae3 | state(x10)=1 | x2=0 | x1=0 | LEDs=0000000000000000 | ALUResult=00000000 | MemWrite=0 | address=00000000 | write_data=00000000
BRANCH | PC=88 | inst=fa000ae3 | funct3=000 | rs1=x0 | rs2=x0 | imm=-76 | ALUResult=00000000 | zero=1 | BLT_taken=0 | PCSrc=1 | next_PC=12
Time=485000 | PC=12 | inst=00002083 | state(x10)=1 | x2=0 | x1=0 | LEDs=0000000000000000 | ALUResult=00000000 | MemWrite=0 | address=00000000 | write_data=00000000
Time=495000 | PC=16 | inst=00100193 | state(x10)=1 | x2=0 | x1=0 | LEDs=0000000000000000 | ALUResult=00000001 | MemWrite=0 | address=00000001 | write_data=00000000
Time=505000 | PC=20 | inst=02308663 | state(x10)=1 | x2=0 | x1=0 | LEDs=0000000000000000 | ALUResult=ffffffff | MemWrite=0 | address=ffffffff | write_data=00000001
BRANCH | PC=20 | inst=02308663 | funct3=000 | rs1=x1 | rs2=x3 | imm=44 | ALUResult=ffffffff | zero=0 | BLT_taken=0 | PCSrc=0 | next_PC=24
Time=515000 | PC=24 | inst=00050a63 | state(x10)=1 | x2=0 | x1=0 | LEDs=0000000000000000 | ALUResult=00000001 | MemWrite=0 | address=00000001 | write_data=00000000
BRANCH | PC=24 | inst=00050a63 | funct3=000 | rs1=x10 | rs2=x0 | imm=20 | ALUResult=00000001 | zero=0 | BLT_taken=0 | PCSrc=0 | next_PC=28
Time=525000 | PC=28 | inst=02010c63 | state(x10)=1 | x2=0 | x1=0 | LEDs=0000000000000000 | ALUResult=00000000 | MemWrite=0 | address=00000000 | write_data=00000000
BRANCH | PC=28 | inst=02010c63 | funct3=000 | rs1=x2 | rs2=x0 | imm=56 | ALUResult=00000000 | zero=1 | BLT_taken=0 | PCSrc=1 | next_PC=84
Time=535000 | PC=84 | inst=00002423 | state(x10)=1 | x2=0 | x1=0 | LEDs=0000000000000000 | ALUResult=00000008 | MemWrite=1 | address=00000008 | write_data=00000000
Time=545000 | PC=88 | inst=fa000ae3 | state(x10)=1 | x2=0 | x1=0 | LEDs=0000000000000000 | ALUResult=00000000 | MemWrite=0 | address=00000000 | write_data=00000000
BRANCH | PC=88 | inst=fa000ae3 | funct3=000 | rs1=x0 | rs2=x0 | imm=-76 | ALUResult=00000000 | zero=1 | BLT_taken=0 | PCSrc=1 | next_PC=12
Time=555000 | PC=12 | inst=00002083 | state(x10)=1 | x2=0 | x1=0 | LEDs=0000000000000000 | ALUResult=00000000 | MemWrite=0 | address=00000000 | write_data=00000000
Time=565000 | PC=16 | inst=00100193 | state(x10)=1 | x2=0 | x1=0 | LEDs=0000000000000000 | ALUResult=00000001 | MemWrite=0 | address=00000001 | write_data=00000000
Time=575000 | PC=20 | inst=02308663 | state(x10)=1 | x2=0 | x1=0 | LEDs=0000000000000000 | ALUResult=ffffffff | MemWrite=0 | address=ffffffff | write_data=00000001
BRANCH | PC=20 | inst=02308663 | funct3=000 | rs1=x1 | rs2=x3 | imm=44 | ALUResult=ffffffff | zero=0 | BLT_taken=0 | PCSrc=0 | next_PC=24
Time=585000 | PC=24 | inst=00050a63 | state(x10)=1 | x2=0 | x1=0 | LEDs=0000000000000000 | ALUResult=00000001 | MemWrite=0 | address=00000001 | write_data=00000000
BRANCH | PC=24 | inst=00050a63 | funct3=000 | rs1=x10 | rs2=x0 | imm=20 | ALUResult=00000001 | zero=0 | BLT_taken=0 | PCSrc=0 | next_PC=28
Time=595000 | PC=28 | inst=02010c63 | state(x10)=1 | x2=0 | x1=0 | LEDs=0000000000000000 | ALUResult=00000000 | MemWrite=0 | address=00000000 | write_data=00000000
BRANCH | PC=28 | inst=02010c63 | funct3=000 | rs1=x2 | rs2=x0 | imm=56 | ALUResult=00000000 | zero=1 | BLT_taken=0 | PCSrc=1 | next_PC=84
Time=605000 | PC=84 | inst=00002423 | state(x10)=1 | x2=0 | x1=0 | LEDs=0000000000000000 | ALUResult=00000008 | MemWrite=1 | address=00000008 | write_data=00000000
Time=615000 | PC=88 | inst=fa000ae3 | state(x10)=1 | x2=0 | x1=0 | LEDs=0000000000000000 | ALUResult=00000000 | MemWrite=0 | address=00000000 | write_data=00000000
BRANCH | PC=88 | inst=fa000ae3 | funct3=000 | rs1=x0 | rs2=x0 | imm=-76 | ALUResult=00000000 | zero=1 | BLT_taken=0 | PCSrc=1 | next_PC=12
Time=625000 | PC=12 | inst=00002083 | state(x10)=1 | x2=0 | x1=0 | LEDs=0000000000000000 | ALUResult=00000000 | MemWrite=0 | address=00000000 | write_data=00000000
Time=635000 | PC=16 | inst=00100193 | state(x10)=1 | x2=0 | x1=0 | LEDs=0000000000000000 | ALUResult=00000001 | MemWrite=0 | address=00000001 | write_data=00000000
Time=645000 | PC=20 | inst=02308663 | state(x10)=1 | x2=0 | x1=0 | LEDs=0000000000000000 | ALUResult=ffffffff | MemWrite=0 | address=ffffffff | write_data=00000001
BRANCH | PC=20 | inst=02308663 | funct3=000 | rs1=x1 | rs2=x3 | imm=44 | ALUResult=ffffffff | zero=0 | BLT_taken=0 | PCSrc=0 | next_PC=24
Time=655000 | PC=24 | inst=00050a63 | state(x10)=1 | x2=0 | x1=0 | LEDs=0000000000000000 | ALUResult=00000001 | MemWrite=0 | address=00000001 | write_data=00000000
BRANCH | PC=24 | inst=00050a63 | funct3=000 | rs1=x10 | rs2=x0 | imm=20 | ALUResult=00000001 | zero=0 | BLT_taken=0 | PCSrc=0 | next_PC=28
Time=665000 | PC=28 | inst=02010c63 | state(x10)=1 | x2=0 | x1=0 | LEDs=0000000000000000 | ALUResult=00000000 | MemWrite=0 | address=00000000 | write_data=00000000
BRANCH | PC=28 | inst=02010c63 | funct3=000 | rs1=x2 | rs2=x0 | imm=56 | ALUResult=00000000 | zero=1 | BLT_taken=0 | PCSrc=1 | next_PC=84
Time=675000 | PC=84 | inst=00002423 | state(x10)=1 | x2=0 | x1=0 | LEDs=0000000000000000 | ALUResult=00000008 | MemWrite=1 | address=00000008 | write_data=00000000
Time=685000 | PC=88 | inst=fa000ae3 | state(x10)=1 | x2=0 | x1=0 | LEDs=0000000000000000 | ALUResult=00000000 | MemWrite=0 | address=00000000 | write_data=00000000
BRANCH | PC=88 | inst=fa000ae3 | funct3=000 | rs1=x0 | rs2=x0 | imm=-76 | ALUResult=00000000 | zero=1 | BLT_taken=0 | PCSrc=1 | next_PC=12
Time=695000 | PC=12 | inst=00002083 | state(x10)=1 | x2=0 | x1=0 | LEDs=0000000000000000 | ALUResult=00000000 | MemWrite=0 | address=00000000 | write_data=00000000
Time=705000 | PC=16 | inst=00100193 | state(x10)=1 | x2=0 | x1=0 | LEDs=0000000000000000 | ALUResult=00000001 | MemWrite=0 | address=00000001 | write_data=00000000
Time=715000 | PC=20 | inst=02308663 | state(x10)=1 | x2=0 | x1=0 | LEDs=0000000000000000 | ALUResult=ffffffff | MemWrite=0 | address=ffffffff | write_data=00000001
BRANCH | PC=20 | inst=02308663 | funct3=000 | rs1=x1 | rs2=x3 | imm=44 | ALUResult=ffffffff | zero=0 | BLT_taken=0 | PCSrc=0 | next_PC=24
Time=725000 | PC=24 | inst=00050a63 | state(x10)=1 | x2=0 | x1=0 | LEDs=0000000000000000 | ALUResult=00000001 | MemWrite=0 | address=00000001 | write_data=00000000
BRANCH | PC=24 | inst=00050a63 | funct3=000 | rs1=x10 | rs2=x0 | imm=20 | ALUResult=00000001 | zero=0 | BLT_taken=0 | PCSrc=0 | next_PC=28
Time=735000 | PC=28 | inst=02010c63 | state(x10)=1 | x2=0 | x1=0 | LEDs=0000000000000000 | ALUResult=00000000 | MemWrite=0 | address=00000000 | write_data=00000000
BRANCH | PC=28 | inst=02010c63 | funct3=000 | rs1=x2 | rs2=x0 | imm=56 | ALUResult=00000000 | zero=1 | BLT_taken=0 | PCSrc=1 | next_PC=84
Time=745000 | PC=84 | inst=00002423 | state(x10)=1 | x2=0 | x1=0 | LEDs=0000000000000000 | ALUResult=00000008 | MemWrite=1 | address=00000008 | write_data=00000000
Time=755000 | PC=88 | inst=fa000ae3 | state(x10)=1 | x2=0 | x1=0 | LEDs=0000000000000000 | ALUResult=00000000 | MemWrite=0 | address=00000000 | write_data=00000000
BRANCH | PC=88 | inst=fa000ae3 | funct3=000 | rs1=x0 | rs2=x0 | imm=-76 | ALUResult=00000000 | zero=1 | BLT_taken=0 | PCSrc=1 | next_PC=12
Time=765000 | PC=12 | inst=00002083 | state(x10)=1 | x2=0 | x1=0 | LEDs=0000000000000000 | ALUResult=00000000 | MemWrite=0 | address=00000000 | write_data=00000000
Time=775000 | PC=16 | inst=00100193 | state(x10)=1 | x2=0 | x1=0 | LEDs=0000000000000000 | ALUResult=00000001 | MemWrite=0 | address=00000001 | write_data=00000000
Time=785000 | PC=20 | inst=02308663 | state(x10)=1 | x2=0 | x1=0 | LEDs=0000000000000000 | ALUResult=ffffffff | MemWrite=0 | address=ffffffff | write_data=00000001
BRANCH | PC=20 | inst=02308663 | funct3=000 | rs1=x1 | rs2=x3 | imm=44 | ALUResult=ffffffff | zero=0 | BLT_taken=0 | PCSrc=0 | next_PC=24
Time=795000 | PC=24 | inst=00050a63 | state(x10)=1 | x2=0 | x1=0 | LEDs=0000000000000000 | ALUResult=00000001 | MemWrite=0 | address=00000001 | write_data=00000000
BRANCH | PC=24 | inst=00050a63 | funct3=000 | rs1=x10 | rs2=x0 | imm=20 | ALUResult=00000001 | zero=0 | BLT_taken=0 | PCSrc=0 | next_PC=28
Time=805000 | PC=28 | inst=02010c63 | state(x10)=1 | x2=0 | x1=0 | LEDs=0000000000000000 | ALUResult=00000000 | MemWrite=0 | address=00000000 | write_data=00000000
BRANCH | PC=28 | inst=02010c63 | funct3=000 | rs1=x2 | rs2=x0 | imm=56 | ALUResult=00000000 | zero=1 | BLT_taken=0 | PCSrc=1 | next_PC=84
Time=815000 | PC=84 | inst=00002423 | state(x10)=1 | x2=0 | x1=0 | LEDs=0000000000000000 | ALUResult=00000008 | MemWrite=1 | address=00000008 | write_data=00000000
Time=825000 | PC=88 | inst=fa000ae3 | state(x10)=1 | x2=0 | x1=0 | LEDs=0000000000000000 | ALUResult=00000000 | MemWrite=0 | address=00000000 | write_data=00000000
BRANCH | PC=88 | inst=fa000ae3 | funct3=000 | rs1=x0 | rs2=x0 | imm=-76 | ALUResult=00000000 | zero=1 | BLT_taken=0 | PCSrc=1 | next_PC=12
Time=835000 | PC=12 | inst=00002083 | state(x10)=1 | x2=0 | x1=0 | LEDs=0000000000000000 | ALUResult=00000000 | MemWrite=0 | address=00000000 | write_data=00000000
Time=845000 | PC=16 | inst=00100193 | state(x10)=1 | x2=0 | x1=0 | LEDs=0000000000000000 | ALUResult=00000001 | MemWrite=0 | address=00000001 | write_data=00000000
Time=855000 | PC=20 | inst=02308663 | state(x10)=1 | x2=0 | x1=0 | LEDs=0000000000000000 | ALUResult=ffffffff | MemWrite=0 | address=ffffffff | write_data=00000001
BRANCH | PC=20 | inst=02308663 | funct3=000 | rs1=x1 | rs2=x3 | imm=44 | ALUResult=ffffffff | zero=0 | BLT_taken=0 | PCSrc=0 | next_PC=24
Time=865000 | PC=24 | inst=00050a63 | state(x10)=1 | x2=0 | x1=0 | LEDs=0000000000000000 | ALUResult=00000001 | MemWrite=0 | address=00000001 | write_data=00000000
BRANCH | PC=24 | inst=00050a63 | funct3=000 | rs1=x10 | rs2=x0 | imm=20 | ALUResult=00000001 | zero=0 | BLT_taken=0 | PCSrc=0 | next_PC=28
Time=875000 | PC=28 | inst=02010c63 | state(x10)=1 | x2=0 | x1=0 | LEDs=0000000000000000 | ALUResult=00000000 | MemWrite=0 | address=00000000 | write_data=00000000
BRANCH | PC=28 | inst=02010c63 | funct3=000 | rs1=x2 | rs2=x0 | imm=56 | ALUResult=00000000 | zero=1 | BLT_taken=0 | PCSrc=1 | next_PC=84
Time=885000 | PC=84 | inst=00002423 | state(x10)=1 | x2=0 | x1=0 | LEDs=0000000000000000 | ALUResult=00000008 | MemWrite=1 | address=00000008 | write_data=00000000
Time=895000 | PC=88 | inst=fa000ae3 | state(x10)=1 | x2=0 | x1=0 | LEDs=0000000000000000 | ALUResult=00000000 | MemWrite=0 | address=00000000 | write_data=00000000
BRANCH | PC=88 | inst=fa000ae3 | funct3=000 | rs1=x0 | rs2=x0 | imm=-76 | ALUResult=00000000 | zero=1 | BLT_taken=0 | PCSrc=1 | next_PC=12
Time=905000 | PC=12 | inst=00002083 | state(x10)=1 | x2=0 | x1=0 | LEDs=0000000000000000 | ALUResult=00000000 | MemWrite=0 | address=00000000 | write_data=00000000
Time=915000 | PC=16 | inst=00100193 | state(x10)=1 | x2=0 | x1=0 | LEDs=0000000000000000 | ALUResult=00000001 | MemWrite=0 | address=00000001 | write_data=00000000
Time=925000 | PC=20 | inst=02308663 | state(x10)=1 | x2=0 | x1=0 | LEDs=0000000000000000 | ALUResult=ffffffff | MemWrite=0 | address=ffffffff | write_data=00000001
BRANCH | PC=20 | inst=02308663 | funct3=000 | rs1=x1 | rs2=x3 | imm=44 | ALUResult=ffffffff | zero=0 | BLT_taken=0 | PCSrc=0 | next_PC=24
Time=935000 | PC=24 | inst=00050a63 | state(x10)=1 | x2=0 | x1=0 | LEDs=0000000000000000 | ALUResult=00000001 | MemWrite=0 | address=00000001 | write_data=00000000
BRANCH | PC=24 | inst=00050a63 | funct3=000 | rs1=x10 | rs2=x0 | imm=20 | ALUResult=00000001 | zero=0 | BLT_taken=0 | PCSrc=0 | next_PC=28
Time=945000 | PC=28 | inst=02010c63 | state(x10)=1 | x2=0 | x1=0 | LEDs=0000000000000000 | ALUResult=00000000 | MemWrite=0 | address=00000000 | write_data=00000000
BRANCH | PC=28 | inst=02010c63 | funct3=000 | rs1=x2 | rs2=x0 | imm=56 | ALUResult=00000000 | zero=1 | BLT_taken=0 | PCSrc=1 | next_PC=84
Time=955000 | PC=84 | inst=00002423 | state(x10)=1 | x2=0 | x1=0 | LEDs=0000000000000000 | ALUResult=00000008 | MemWrite=1 | address=00000008 | write_data=00000000
Time=965000 | PC=88 | inst=fa000ae3 | state(x10)=1 | x2=0 | x1=0 | LEDs=0000000000000000 | ALUResult=00000000 | MemWrite=0 | address=00000000 | write_data=00000000
BRANCH | PC=88 | inst=fa000ae3 | funct3=000 | rs1=x0 | rs2=x0 | imm=-76 | ALUResult=00000000 | zero=1 | BLT_taken=0 | PCSrc=1 | next_PC=12
Time=975000 | PC=12 | inst=00002083 | state(x10)=1 | x2=0 | x1=0 | LEDs=0000000000000000 | ALUResult=00000000 | MemWrite=0 | address=00000000 | write_data=00000000
Time=985000 | PC=16 | inst=00100193 | state(x10)=1 | x2=0 | x1=0 | LEDs=0000000000000000 | ALUResult=00000001 | MemWrite=0 | address=00000001 | write_data=00000000
Time=995000 | PC=20 | inst=02308663 | state(x10)=1 | x2=0 | x1=0 | LEDs=0000000000000000 | ALUResult=ffffffff | MemWrite=0 | address=ffffffff | write_data=00000001
BRANCH | PC=20 | inst=02308663 | funct3=000 | rs1=x1 | rs2=x3 | imm=44 | ALUResult=ffffffff | zero=0 | BLT_taken=0 | PCSrc=0 | next_PC=24
INFO: [USF-XSim-96] XSim completed. Design snapshot 'tb_countdown_behav' loaded.
INFO: [USF-XSim-97] XSim simulation ran for 1000ns
reset_run synth_1
WARNING: [Vivado 12-1017] Problems encountered:
1. Failed to delete one or more files in run directory C:/Users/ha10609/Downloads/CA-Labs-T1/TopProcessor/lab11.runs/synth_1

launch_runs impl_1 -to_step write_bitstream -jobs 7
[Wed Apr 29 16:23:47 2026] Launched synth_1...
Run output will be captured here: C:/Users/ha10609/Downloads/CA-Labs-T1/TopProcessor/lab11.runs/synth_1/runme.log
[Wed Apr 29 16:23:47 2026] Launched impl_1...
Run output will be captured here: C:/Users/ha10609/Downloads/CA-Labs-T1/TopProcessor/lab11.runs/impl_1/runme.log
set_property PROBES.FILE {} [get_hw_devices xc7a35t_0]
set_property FULL_PROBES.FILE {} [get_hw_devices xc7a35t_0]
set_property PROGRAM.FILE {C:/Users/ha10609/Downloads/CA-Labs-T1/TopProcessor/lab11.runs/impl_1/TopModule.bit} [get_hw_devices xc7a35t_0]
program_hw_devices [get_hw_devices xc7a35t_0]
INFO: [Labtools 27-3164] End of startup status: HIGH
refresh_hw_device [lindex [get_hw_devices xc7a35t_0] 0]
INFO: [Labtools 27-1434] Device xc7a35t (JTAG device index = 0) is programmed with a design that has no supported debug core(s) in it.
set_property PROBES.FILE {} [get_hw_devices xc7a35t_0]
set_property FULL_PROBES.FILE {} [get_hw_devices xc7a35t_0]
set_property PROGRAM.FILE {C:/Users/ha10609/Downloads/CA-Labs-T1/TopProcessor/lab11.runs/impl_1/TopModule.bit} [get_hw_devices xc7a35t_0]
program_hw_devices [get_hw_devices xc7a35t_0]
INFO: [Labtools 27-3164] End of startup status: HIGH
refresh_hw_device [lindex [get_hw_devices xc7a35t_0] 0]
INFO: [Labtools 27-1434] Device xc7a35t (JTAG device index = 0) is programmed with a design that has no supported debug core(s) in it.
close_hw_manager
reset_run synth_1
WARNING: [Vivado 12-1017] Problems encountered:
1. Failed to delete one or more files in run directory C:/Users/ha10609/Downloads/CA-Labs-T1/TopProcessor/lab11.runs/synth_1

launch_runs impl_1 -to_step write_bitstream -jobs 7
[Wed Apr 29 16:50:34 2026] Launched synth_1...
Run output will be captured here: C:/Users/ha10609/Downloads/CA-Labs-T1/TopProcessor/lab11.runs/synth_1/runme.log
[Wed Apr 29 16:50:34 2026] Launched impl_1...
Run output will be captured here: C:/Users/ha10609/Downloads/CA-Labs-T1/TopProcessor/lab11.runs/impl_1/runme.log
open_hw_manager
connect_hw_server -allow_non_jtag
INFO: [Labtools 27-2285] Connecting to hw_server url TCP:localhost:3121
INFO: [Labtools 27-2222] Launching hw_server...
INFO: [Labtools 27-2221] Launch Output:

****** Xilinx hw_server v2020.1
  **** Build date : May 27 2020 at 20:24:38
    ** Copyright 1986-2020 Xilinx, Inc. All Rights Reserved.


INFO: [Labtools 27-3415] Connecting to cs_server url TCP:localhost:3042
INFO: [Labtools 27-3417] Launching cs_server...
INFO: [Labtools 27-2221] Launch Output:


****** Xilinx cs_server v2020.1.0
  **** Build date : May 14 2020-06:10:29
    ** Copyright 2017-2020 Xilinx, Inc. All Rights Reserved.



connect_hw_server: Time (s): cpu = 00:00:00 ; elapsed = 00:00:06 . Memory (MB): peak = 2378.359 ; gain = 0.000
open_hw_target
INFO: [Labtoolstcl 44-466] Opening hw_target localhost:3121/xilinx_tcf/Digilent/210183AF305AA
set_property PROGRAM.FILE {C:/Users/ha10609/Downloads/CA-Labs-T1/TopProcessor/lab11.runs/impl_1/TopModule.bit} [get_hw_devices xc7a35t_0]
current_hw_device [get_hw_devices xc7a35t_0]
refresh_hw_device -update_hw_probes false [lindex [get_hw_devices xc7a35t_0] 0]
INFO: [Labtools 27-1434] Device xc7a35t (JTAG device index = 0) is programmed with a design that has no supported debug core(s) in it.
set_property PROBES.FILE {} [get_hw_devices xc7a35t_0]
set_property FULL_PROBES.FILE {} [get_hw_devices xc7a35t_0]
set_property PROGRAM.FILE {C:/Users/ha10609/Downloads/CA-Labs-T1/TopProcessor/lab11.runs/impl_1/TopModule.bit} [get_hw_devices xc7a35t_0]
program_hw_devices [get_hw_devices xc7a35t_0]
INFO: [Labtools 27-3164] End of startup status: HIGH
refresh_hw_device [lindex [get_hw_devices xc7a35t_0] 0]
INFO: [Labtools 27-1434] Device xc7a35t (JTAG device index = 0) is programmed with a design that has no supported debug core(s) in it.
close_hw_manager
reset_run synth_1
WARNING: [Vivado 12-1017] Problems encountered:
1. Failed to delete one or more files in run directory C:/Users/ha10609/Downloads/CA-Labs-T1/TopProcessor/lab11.runs/synth_1

launch_runs impl_1 -to_step write_bitstream -jobs 7
[Wed Apr 29 16:55:46 2026] Launched synth_1...
Run output will be captured here: C:/Users/ha10609/Downloads/CA-Labs-T1/TopProcessor/lab11.runs/synth_1/runme.log
[Wed Apr 29 16:55:46 2026] Launched impl_1...
Run output will be captured here: C:/Users/ha10609/Downloads/CA-Labs-T1/TopProcessor/lab11.runs/impl_1/runme.log
open_hw_manager
connect_hw_server -allow_non_jtag
INFO: [Labtools 27-2285] Connecting to hw_server url TCP:localhost:3121
INFO: [Labtools 27-2222] Launching hw_server...
INFO: [Labtools 27-2221] Launch Output:

****** Xilinx hw_server v2020.1
  **** Build date : May 27 2020 at 20:24:38
    ** Copyright 1986-2020 Xilinx, Inc. All Rights Reserved.


INFO: [Labtools 27-3415] Connecting to cs_server url TCP:localhost:3042
INFO: [Labtools 27-3417] Launching cs_server...
INFO: [Labtools 27-2221] Launch Output:


****** Xilinx cs_server v2020.1.0
  **** Build date : May 14 2020-06:10:29
    ** Copyright 2017-2020 Xilinx, Inc. All Rights Reserved.



connect_hw_server: Time (s): cpu = 00:00:01 ; elapsed = 00:00:06 . Memory (MB): peak = 3279.246 ; gain = 0.000
open_hw_target
INFO: [Labtoolstcl 44-466] Opening hw_target localhost:3121/xilinx_tcf/Digilent/210183AF305AA
set_property PROGRAM.FILE {C:/Users/ha10609/Downloads/CA-Labs-T1/TopProcessor/lab11.runs/impl_1/TopModule.bit} [get_hw_devices xc7a35t_0]
current_hw_device [get_hw_devices xc7a35t_0]
refresh_hw_device -update_hw_probes false [lindex [get_hw_devices xc7a35t_0] 0]
INFO: [Labtools 27-1434] Device xc7a35t (JTAG device index = 0) is programmed with a design that has no supported debug core(s) in it.
set_property PROBES.FILE {} [get_hw_devices xc7a35t_0]
set_property FULL_PROBES.FILE {} [get_hw_devices xc7a35t_0]
set_property PROGRAM.FILE {C:/Users/ha10609/Downloads/CA-Labs-T1/TopProcessor/lab11.runs/impl_1/TopModule.bit} [get_hw_devices xc7a35t_0]
program_hw_devices [get_hw_devices xc7a35t_0]
INFO: [Labtools 27-3164] End of startup status: HIGH
refresh_hw_device [lindex [get_hw_devices xc7a35t_0] 0]
INFO: [Labtools 27-1434] Device xc7a35t (JTAG device index = 0) is programmed with a design that has no supported debug core(s) in it.
ERROR: [Labtoolstcl 44-513] HW Target shutdown. Closing target: localhost:3121/xilinx_tcf/Digilent/210183AF305AA
close_sim
INFO: [Simtcl 6-16] Simulation closed
exit
INFO: [Common 17-206] Exiting Vivado at Wed Apr 29 17:07:10 2026...
