Copyright 1986-2020 Xilinx, Inc. All Rights Reserved.
-----------------------------------------------------------------------------------------------------------------------------------------------------------------
| Tool Version : Vivado v.2020.1 (win64) Build 2902540 Wed May 27 19:54:49 MDT 2020
| Date         : Thu Apr 30 11:36:25 2026
| Host         : Hydra running 64-bit major release  (build 9200)
| Command      : report_methodology -file TopModule_methodology_drc_routed.rpt -pb TopModule_methodology_drc_routed.pb -rpx TopModule_methodology_drc_routed.rpx
| Design       : TopModule
| Device       : xc7a35tcpg236-1
| Speed File   : -1
| Design State : Fully Routed
-----------------------------------------------------------------------------------------------------------------------------------------------------------------

Report Methodology

Table of Contents
-----------------
1. REPORT SUMMARY
2. REPORT DETAILS

1. REPORT SUMMARY
-----------------
            Netlist: netlist
          Floorplan: design_1
      Design limits: <entire design considered>
             Max violations: <unlimited>
             Violations found: 1029
+-----------+----------+-------------------------------+------------+
| Rule      | Severity | Description                   | Violations |
+-----------+----------+-------------------------------+------------+
| TIMING-16 | Warning  | Large setup violation         | 1000       |
| TIMING-18 | Warning  | Missing input or output delay | 29         |
+-----------+----------+-------------------------------+------------+

2. REPORT DETAILS
-----------------
TIMING-16#1 Warning
Large setup violation  
There is a large setup violation of -2.053 ns between my_cpu/pc_inst/PCout_reg[1]/C (clocked by sys_clk_pin) and my_cpu/data_mem_inst/memory_reg[31][5]/D (clocked by sys_clk_pin). Large setup violations at the end of those stages might be difficult to fix during the post-placement implementation flow and could be the result of non-optimal XDC constraints or non-optimal design architecture
Related violations: <none>

TIMING-16#2 Warning
Large setup violation  
There is a large setup violation of -2.180 ns between my_cpu/pc_inst/PCout_reg[1]/C (clocked by sys_clk_pin) and my_cpu/data_mem_inst/memory_reg[31][4]/D (clocked by sys_clk_pin). Large setup violations at the end of those stages might be difficult to fix during the post-placement implementation flow and could be the result of non-optimal XDC constraints or non-optimal design architecture
Related violations: <none>

TIMING-16#3 Warning
Large setup violation  
There is a large setup violation of -2.181 ns between my_cpu/pc_inst/PCout_reg[1]/C (clocked by sys_clk_pin) and my_cpu/data_mem_inst/memory_reg[35][4]/D (clocked by sys_clk_pin). Large setup violations at the end of those stages might be difficult to fix during the post-placement implementation flow and could be the result of non-optimal XDC constraints or non-optimal design architecture
Related violations: <none>

TIMING-16#4 Warning
Large setup violation  
There is a large setup violation of -2.185 ns between my_cpu/pc_inst/PCout_reg[1]/C (clocked by sys_clk_pin) and my_cpu/data_mem_inst/memory_reg[35][5]/D (clocked by sys_clk_pin). Large setup violations at the end of those stages might be difficult to fix during the post-placement implementation flow and could be the result of non-optimal XDC constraints or non-optimal design architecture
Related violations: <none>

TIMING-16#5 Warning
Large setup violation  
There is a large setup violation of -2.188 ns between my_cpu/pc_inst/PCout_reg[1]/C (clocked by sys_clk_pin) and my_cpu/data_mem_inst/memory_reg[35][3]/D (clocked by sys_clk_pin). Large setup violations at the end of those stages might be difficult to fix during the post-placement implementation flow and could be the result of non-optimal XDC constraints or non-optimal design architecture
Related violations: <none>

TIMING-16#6 Warning
Large setup violation  
There is a large setup violation of -2.195 ns between my_cpu/pc_inst/PCout_reg[1]/C (clocked by sys_clk_pin) and my_cpu/data_mem_inst/memory_reg[31][3]/D (clocked by sys_clk_pin). Large setup violations at the end of those stages might be difficult to fix during the post-placement implementation flow and could be the result of non-optimal XDC constraints or non-optimal design architecture
Related violations: <none>

TIMING-16#7 Warning
Large setup violation  
There is a large setup violation of -2.229 ns between my_cpu/pc_inst/PCout_reg[1]/C (clocked by sys_clk_pin) and my_cpu/data_mem_inst/memory_reg[31][1]/D (clocked by sys_clk_pin). Large setup violations at the end of those stages might be difficult to fix during the post-placement implementation flow and could be the result of non-optimal XDC constraints or non-optimal design architecture
Related violations: <none>

TIMING-16#8 Warning
Large setup violation  
There is a large setup violation of -2.232 ns between my_cpu/pc_inst/PCout_reg[1]/C (clocked by sys_clk_pin) and my_cpu/data_mem_inst/memory_reg[31][2]/D (clocked by sys_clk_pin). Large setup violations at the end of those stages might be difficult to fix during the post-placement implementation flow and could be the result of non-optimal XDC constraints or non-optimal design architecture
Related violations: <none>

TIMING-16#9 Warning
Large setup violation  
There is a large setup violation of -2.256 ns between my_cpu/pc_inst/PCout_reg[1]/C (clocked by sys_clk_pin) and my_cpu/data_mem_inst/memory_reg[1][0]/D (clocked by sys_clk_pin). Large setup violations at the end of those stages might be difficult to fix during the post-placement implementation flow and could be the result of non-optimal XDC constraints or non-optimal design architecture
Related violations: <none>

TIMING-16#10 Warning
Large setup violation  
There is a large setup violation of -2.256 ns between my_cpu/pc_inst/PCout_reg[1]/C (clocked by sys_clk_pin) and my_cpu/data_mem_inst/memory_reg[1][6]/D (clocked by sys_clk_pin). Large setup violations at the end of those stages might be difficult to fix during the post-placement implementation flow and could be the result of non-optimal XDC constraints or non-optimal design architecture
Related violations: <none>

TIMING-16#11 Warning
Large setup violation  
There is a large setup violation of -2.268 ns between my_cpu/pc_inst/PCout_reg[1]/C (clocked by sys_clk_pin) and my_cpu/data_mem_inst/memory_reg[35][6]/D (clocked by sys_clk_pin). Large setup violations at the end of those stages might be difficult to fix during the post-placement implementation flow and could be the result of non-optimal XDC constraints or non-optimal design architecture
Related violations: <none>

TIMING-16#12 Warning
Large setup violation  
There is a large setup violation of -2.272 ns between my_cpu/pc_inst/PCout_reg[1]/C (clocked by sys_clk_pin) and my_cpu/data_mem_inst/memory_reg[35][7]/D (clocked by sys_clk_pin). Large setup violations at the end of those stages might be difficult to fix during the post-placement implementation flow and could be the result of non-optimal XDC constraints or non-optimal design architecture
Related violations: <none>

TIMING-16#13 Warning
Large setup violation  
There is a large setup violation of -2.311 ns between my_cpu/pc_inst/PCout_reg[1]/C (clocked by sys_clk_pin) and my_cpu/data_mem_inst/memory_reg[31][7]/D (clocked by sys_clk_pin). Large setup violations at the end of those stages might be difficult to fix during the post-placement implementation flow and could be the result of non-optimal XDC constraints or non-optimal design architecture
Related violations: <none>

TIMING-16#14 Warning
Large setup violation  
There is a large setup violation of -2.313 ns between my_cpu/pc_inst/PCout_reg[1]/C (clocked by sys_clk_pin) and my_cpu/data_mem_inst/memory_reg[1][5]/D (clocked by sys_clk_pin). Large setup violations at the end of those stages might be difficult to fix during the post-placement implementation flow and could be the result of non-optimal XDC constraints or non-optimal design architecture
Related violations: <none>

TIMING-16#15 Warning
Large setup violation  
There is a large setup violation of -2.329 ns between my_cpu/pc_inst/PCout_reg[1]/C (clocked by sys_clk_pin) and my_cpu/data_mem_inst/memory_reg[5][2]/D (clocked by sys_clk_pin). Large setup violations at the end of those stages might be difficult to fix during the post-placement implementation flow and could be the result of non-optimal XDC constraints or non-optimal design architecture
Related violations: <none>

TIMING-16#16 Warning
Large setup violation  
There is a large setup violation of -2.360 ns between my_cpu/pc_inst/PCout_reg[1]/C (clocked by sys_clk_pin) and my_cpu/data_mem_inst/memory_reg[39][6]/D (clocked by sys_clk_pin). Large setup violations at the end of those stages might be difficult to fix during the post-placement implementation flow and could be the result of non-optimal XDC constraints or non-optimal design architecture
Related violations: <none>

TIMING-16#17 Warning
Large setup violation  
There is a large setup violation of -2.367 ns between my_cpu/pc_inst/PCout_reg[1]/C (clocked by sys_clk_pin) and my_cpu/data_mem_inst/memory_reg[5][6]/D (clocked by sys_clk_pin). Large setup violations at the end of those stages might be difficult to fix during the post-placement implementation flow and could be the result of non-optimal XDC constraints or non-optimal design architecture
Related violations: <none>

TIMING-16#18 Warning
Large setup violation  
There is a large setup violation of -2.384 ns between my_cpu/pc_inst/PCout_reg[1]/C (clocked by sys_clk_pin) and my_cpu/data_mem_inst/memory_reg[35][2]/D (clocked by sys_clk_pin). Large setup violations at the end of those stages might be difficult to fix during the post-placement implementation flow and could be the result of non-optimal XDC constraints or non-optimal design architecture
Related violations: <none>

TIMING-16#19 Warning
Large setup violation  
There is a large setup violation of -2.390 ns between my_cpu/pc_inst/PCout_reg[1]/C (clocked by sys_clk_pin) and my_cpu/data_mem_inst/memory_reg[5][7]/D (clocked by sys_clk_pin). Large setup violations at the end of those stages might be difficult to fix during the post-placement implementation flow and could be the result of non-optimal XDC constraints or non-optimal design architecture
Related violations: <none>

TIMING-16#20 Warning
Large setup violation  
There is a large setup violation of -2.392 ns between my_cpu/pc_inst/PCout_reg[1]/C (clocked by sys_clk_pin) and my_cpu/data_mem_inst/memory_reg[43][7]/D (clocked by sys_clk_pin). Large setup violations at the end of those stages might be difficult to fix during the post-placement implementation flow and could be the result of non-optimal XDC constraints or non-optimal design architecture
Related violations: <none>

TIMING-16#21 Warning
Large setup violation  
There is a large setup violation of -2.398 ns between my_cpu/pc_inst/PCout_reg[1]/C (clocked by sys_clk_pin) and my_cpu/data_mem_inst/memory_reg[7][5]/D (clocked by sys_clk_pin). Large setup violations at the end of those stages might be difficult to fix during the post-placement implementation flow and could be the result of non-optimal XDC constraints or non-optimal design architecture
Related violations: <none>

TIMING-16#22 Warning
Large setup violation  
There is a large setup violation of -2.400 ns between my_cpu/pc_inst/PCout_reg[1]/C (clocked by sys_clk_pin) and my_cpu/data_mem_inst/memory_reg[7][7]/D (clocked by sys_clk_pin). Large setup violations at the end of those stages might be difficult to fix during the post-placement implementation flow and could be the result of non-optimal XDC constraints or non-optimal design architecture
Related violations: <none>

TIMING-16#23 Warning
Large setup violation  
There is a large setup violation of -2.401 ns between my_cpu/pc_inst/PCout_reg[1]/C (clocked by sys_clk_pin) and my_cpu/data_mem_inst/memory_reg[39][0]/D (clocked by sys_clk_pin). Large setup violations at the end of those stages might be difficult to fix during the post-placement implementation flow and could be the result of non-optimal XDC constraints or non-optimal design architecture
Related violations: <none>

TIMING-16#24 Warning
Large setup violation  
There is a large setup violation of -2.401 ns between my_cpu/pc_inst/PCout_reg[1]/C (clocked by sys_clk_pin) and my_cpu/data_mem_inst/memory_reg[39][3]/D (clocked by sys_clk_pin). Large setup violations at the end of those stages might be difficult to fix during the post-placement implementation flow and could be the result of non-optimal XDC constraints or non-optimal design architecture
Related violations: <none>

TIMING-16#25 Warning
Large setup violation  
There is a large setup violation of -2.423 ns between my_cpu/pc_inst/PCout_reg[1]/C (clocked by sys_clk_pin) and my_cpu/data_mem_inst/memory_reg[31][0]/D (clocked by sys_clk_pin). Large setup violations at the end of those stages might be difficult to fix during the post-placement implementation flow and could be the result of non-optimal XDC constraints or non-optimal design architecture
Related violations: <none>

TIMING-16#26 Warning
Large setup violation  
There is a large setup violation of -2.424 ns between my_cpu/pc_inst/PCout_reg[1]/C (clocked by sys_clk_pin) and my_cpu/data_mem_inst/memory_reg[31][6]/D (clocked by sys_clk_pin). Large setup violations at the end of those stages might be difficult to fix during the post-placement implementation flow and could be the result of non-optimal XDC constraints or non-optimal design architecture
Related violations: <none>

TIMING-16#27 Warning
Large setup violation  
There is a large setup violation of -2.427 ns between my_cpu/pc_inst/PCout_reg[1]/C (clocked by sys_clk_pin) and my_cpu/data_mem_inst/memory_reg[1][2]/D (clocked by sys_clk_pin). Large setup violations at the end of those stages might be difficult to fix during the post-placement implementation flow and could be the result of non-optimal XDC constraints or non-optimal design architecture
Related violations: <none>

TIMING-16#28 Warning
Large setup violation  
There is a large setup violation of -2.429 ns between my_cpu/pc_inst/PCout_reg[1]/C (clocked by sys_clk_pin) and my_cpu/data_mem_inst/memory_reg[1][3]/D (clocked by sys_clk_pin). Large setup violations at the end of those stages might be difficult to fix during the post-placement implementation flow and could be the result of non-optimal XDC constraints or non-optimal design architecture
Related violations: <none>

TIMING-16#29 Warning
Large setup violation  
There is a large setup violation of -2.434 ns between my_cpu/pc_inst/PCout_reg[1]/C (clocked by sys_clk_pin) and my_cpu/data_mem_inst/memory_reg[5][3]/D (clocked by sys_clk_pin). Large setup violations at the end of those stages might be difficult to fix during the post-placement implementation flow and could be the result of non-optimal XDC constraints or non-optimal design architecture
Related violations: <none>

TIMING-16#30 Warning
Large setup violation  
There is a large setup violation of -2.440 ns between my_cpu/pc_inst/PCout_reg[1]/C (clocked by sys_clk_pin) and my_cpu/data_mem_inst/memory_reg[35][0]/D (clocked by sys_clk_pin). Large setup violations at the end of those stages might be difficult to fix during the post-placement implementation flow and could be the result of non-optimal XDC constraints or non-optimal design architecture
Related violations: <none>

TIMING-16#31 Warning
Large setup violation  
There is a large setup violation of -2.451 ns between my_cpu/pc_inst/PCout_reg[1]/C (clocked by sys_clk_pin) and my_cpu/data_mem_inst/memory_reg[47][5]/D (clocked by sys_clk_pin). Large setup violations at the end of those stages might be difficult to fix during the post-placement implementation flow and could be the result of non-optimal XDC constraints or non-optimal design architecture
Related violations: <none>

TIMING-16#32 Warning
Large setup violation  
There is a large setup violation of -2.453 ns between my_cpu/pc_inst/PCout_reg[1]/C (clocked by sys_clk_pin) and my_cpu/data_mem_inst/memory_reg[7][4]/D (clocked by sys_clk_pin). Large setup violations at the end of those stages might be difficult to fix during the post-placement implementation flow and could be the result of non-optimal XDC constraints or non-optimal design architecture
Related violations: <none>

TIMING-16#33 Warning
Large setup violation  
There is a large setup violation of -2.455 ns between my_cpu/pc_inst/PCout_reg[1]/C (clocked by sys_clk_pin) and my_cpu/data_mem_inst/memory_reg[47][7]/D (clocked by sys_clk_pin). Large setup violations at the end of those stages might be difficult to fix during the post-placement implementation flow and could be the result of non-optimal XDC constraints or non-optimal design architecture
Related violations: <none>

TIMING-16#34 Warning
Large setup violation  
There is a large setup violation of -2.461 ns between my_cpu/pc_inst/PCout_reg[1]/C (clocked by sys_clk_pin) and my_cpu/data_mem_inst/memory_reg[1][4]/D (clocked by sys_clk_pin). Large setup violations at the end of those stages might be difficult to fix during the post-placement implementation flow and could be the result of non-optimal XDC constraints or non-optimal design architecture
Related violations: <none>

TIMING-16#35 Warning
Large setup violation  
There is a large setup violation of -2.462 ns between my_cpu/pc_inst/PCout_reg[1]/C (clocked by sys_clk_pin) and my_cpu/data_mem_inst/memory_reg[1][7]/D (clocked by sys_clk_pin). Large setup violations at the end of those stages might be difficult to fix during the post-placement implementation flow and could be the result of non-optimal XDC constraints or non-optimal design architecture
Related violations: <none>

TIMING-16#36 Warning
Large setup violation  
There is a large setup violation of -2.464 ns between my_cpu/pc_inst/PCout_reg[1]/C (clocked by sys_clk_pin) and my_cpu/data_mem_inst/memory_reg[11][1]/D (clocked by sys_clk_pin). Large setup violations at the end of those stages might be difficult to fix during the post-placement implementation flow and could be the result of non-optimal XDC constraints or non-optimal design architecture
Related violations: <none>

TIMING-16#37 Warning
Large setup violation  
There is a large setup violation of -2.470 ns between my_cpu/pc_inst/PCout_reg[1]/C (clocked by sys_clk_pin) and my_cpu/data_mem_inst/memory_reg[7][0]/D (clocked by sys_clk_pin). Large setup violations at the end of those stages might be difficult to fix during the post-placement implementation flow and could be the result of non-optimal XDC constraints or non-optimal design architecture
Related violations: <none>

TIMING-16#38 Warning
Large setup violation  
There is a large setup violation of -2.472 ns between my_cpu/pc_inst/PCout_reg[1]/C (clocked by sys_clk_pin) and my_cpu/data_mem_inst/memory_reg[11][0]/D (clocked by sys_clk_pin). Large setup violations at the end of those stages might be difficult to fix during the post-placement implementation flow and could be the result of non-optimal XDC constraints or non-optimal design architecture
Related violations: <none>

TIMING-16#39 Warning
Large setup violation  
There is a large setup violation of -2.484 ns between my_cpu/pc_inst/PCout_reg[1]/C (clocked by sys_clk_pin) and my_cpu/data_mem_inst/memory_reg[33][7]/D (clocked by sys_clk_pin). Large setup violations at the end of those stages might be difficult to fix during the post-placement implementation flow and could be the result of non-optimal XDC constraints or non-optimal design architecture
Related violations: <none>

TIMING-16#40 Warning
Large setup violation  
There is a large setup violation of -2.485 ns between my_cpu/pc_inst/PCout_reg[1]/C (clocked by sys_clk_pin) and my_cpu/data_mem_inst/memory_reg[7][1]/D (clocked by sys_clk_pin). Large setup violations at the end of those stages might be difficult to fix during the post-placement implementation flow and could be the result of non-optimal XDC constraints or non-optimal design architecture
Related violations: <none>

TIMING-16#41 Warning
Large setup violation  
There is a large setup violation of -2.486 ns between my_cpu/pc_inst/PCout_reg[1]/C (clocked by sys_clk_pin) and my_cpu/data_mem_inst/memory_reg[33][4]/D (clocked by sys_clk_pin). Large setup violations at the end of those stages might be difficult to fix during the post-placement implementation flow and could be the result of non-optimal XDC constraints or non-optimal design architecture
Related violations: <none>

TIMING-16#42 Warning
Large setup violation  
There is a large setup violation of -2.491 ns between my_cpu/pc_inst/PCout_reg[1]/C (clocked by sys_clk_pin) and my_cpu/data_mem_inst/memory_reg[29][1]/D (clocked by sys_clk_pin). Large setup violations at the end of those stages might be difficult to fix during the post-placement implementation flow and could be the result of non-optimal XDC constraints or non-optimal design architecture
Related violations: <none>

TIMING-16#43 Warning
Large setup violation  
There is a large setup violation of -2.492 ns between my_cpu/pc_inst/PCout_reg[1]/C (clocked by sys_clk_pin) and my_cpu/data_mem_inst/memory_reg[39][7]/D (clocked by sys_clk_pin). Large setup violations at the end of those stages might be difficult to fix during the post-placement implementation flow and could be the result of non-optimal XDC constraints or non-optimal design architecture
Related violations: <none>

TIMING-16#44 Warning
Large setup violation  
There is a large setup violation of -2.494 ns between my_cpu/pc_inst/PCout_reg[1]/C (clocked by sys_clk_pin) and my_cpu/data_mem_inst/memory_reg[5][1]/D (clocked by sys_clk_pin). Large setup violations at the end of those stages might be difficult to fix during the post-placement implementation flow and could be the result of non-optimal XDC constraints or non-optimal design architecture
Related violations: <none>

TIMING-16#45 Warning
Large setup violation  
There is a large setup violation of -2.498 ns between my_cpu/pc_inst/PCout_reg[1]/C (clocked by sys_clk_pin) and my_cpu/data_mem_inst/memory_reg[29][2]/D (clocked by sys_clk_pin). Large setup violations at the end of those stages might be difficult to fix during the post-placement implementation flow and could be the result of non-optimal XDC constraints or non-optimal design architecture
Related violations: <none>

TIMING-16#46 Warning
Large setup violation  
There is a large setup violation of -2.532 ns between my_cpu/pc_inst/PCout_reg[1]/C (clocked by sys_clk_pin) and my_cpu/data_mem_inst/memory_reg[1][1]/D (clocked by sys_clk_pin). Large setup violations at the end of those stages might be difficult to fix during the post-placement implementation flow and could be the result of non-optimal XDC constraints or non-optimal design architecture
Related violations: <none>

TIMING-16#47 Warning
Large setup violation  
There is a large setup violation of -2.554 ns between my_cpu/pc_inst/PCout_reg[1]/C (clocked by sys_clk_pin) and my_cpu/data_mem_inst/memory_reg[5][4]/D (clocked by sys_clk_pin). Large setup violations at the end of those stages might be difficult to fix during the post-placement implementation flow and could be the result of non-optimal XDC constraints or non-optimal design architecture
Related violations: <none>

TIMING-16#48 Warning
Large setup violation  
There is a large setup violation of -2.557 ns between my_cpu/pc_inst/PCout_reg[1]/C (clocked by sys_clk_pin) and my_cpu/data_mem_inst/memory_reg[5][5]/D (clocked by sys_clk_pin). Large setup violations at the end of those stages might be difficult to fix during the post-placement implementation flow and could be the result of non-optimal XDC constraints or non-optimal design architecture
Related violations: <none>

TIMING-16#49 Warning
Large setup violation  
There is a large setup violation of -2.569 ns between my_cpu/pc_inst/PCout_reg[1]/C (clocked by sys_clk_pin) and my_cpu/data_mem_inst/memory_reg[21][1]/D (clocked by sys_clk_pin). Large setup violations at the end of those stages might be difficult to fix during the post-placement implementation flow and could be the result of non-optimal XDC constraints or non-optimal design architecture
Related violations: <none>

TIMING-16#50 Warning
Large setup violation  
There is a large setup violation of -2.571 ns between my_cpu/pc_inst/PCout_reg[1]/C (clocked by sys_clk_pin) and my_cpu/data_mem_inst/memory_reg[21][3]/D (clocked by sys_clk_pin). Large setup violations at the end of those stages might be difficult to fix during the post-placement implementation flow and could be the result of non-optimal XDC constraints or non-optimal design architecture
Related violations: <none>

TIMING-16#51 Warning
Large setup violation  
There is a large setup violation of -2.571 ns between my_cpu/pc_inst/PCout_reg[1]/C (clocked by sys_clk_pin) and my_cpu/data_mem_inst/memory_reg[33][5]/D (clocked by sys_clk_pin). Large setup violations at the end of those stages might be difficult to fix during the post-placement implementation flow and could be the result of non-optimal XDC constraints or non-optimal design architecture
Related violations: <none>

TIMING-16#52 Warning
Large setup violation  
There is a large setup violation of -2.572 ns between my_cpu/pc_inst/PCout_reg[1]/C (clocked by sys_clk_pin) and my_cpu/data_mem_inst/memory_reg[15][6]/D (clocked by sys_clk_pin). Large setup violations at the end of those stages might be difficult to fix during the post-placement implementation flow and could be the result of non-optimal XDC constraints or non-optimal design architecture
Related violations: <none>

TIMING-16#53 Warning
Large setup violation  
There is a large setup violation of -2.572 ns between my_cpu/pc_inst/PCout_reg[1]/C (clocked by sys_clk_pin) and my_cpu/data_mem_inst/memory_reg[21][5]/D (clocked by sys_clk_pin). Large setup violations at the end of those stages might be difficult to fix during the post-placement implementation flow and could be the result of non-optimal XDC constraints or non-optimal design architecture
Related violations: <none>

TIMING-16#54 Warning
Large setup violation  
There is a large setup violation of -2.575 ns between my_cpu/pc_inst/PCout_reg[1]/C (clocked by sys_clk_pin) and my_cpu/data_mem_inst/memory_reg[33][6]/D (clocked by sys_clk_pin). Large setup violations at the end of those stages might be difficult to fix during the post-placement implementation flow and could be the result of non-optimal XDC constraints or non-optimal design architecture
Related violations: <none>

TIMING-16#55 Warning
Large setup violation  
There is a large setup violation of -2.577 ns between my_cpu/pc_inst/PCout_reg[1]/C (clocked by sys_clk_pin) and my_cpu/data_mem_inst/memory_reg[15][5]/D (clocked by sys_clk_pin). Large setup violations at the end of those stages might be difficult to fix during the post-placement implementation flow and could be the result of non-optimal XDC constraints or non-optimal design architecture
Related violations: <none>

TIMING-16#56 Warning
Large setup violation  
There is a large setup violation of -2.581 ns between my_cpu/pc_inst/PCout_reg[1]/C (clocked by sys_clk_pin) and my_cpu/data_mem_inst/memory_reg[21][2]/D (clocked by sys_clk_pin). Large setup violations at the end of those stages might be difficult to fix during the post-placement implementation flow and could be the result of non-optimal XDC constraints or non-optimal design architecture
Related violations: <none>

TIMING-16#57 Warning
Large setup violation  
There is a large setup violation of -2.585 ns between my_cpu/pc_inst/PCout_reg[1]/C (clocked by sys_clk_pin) and my_cpu/data_mem_inst/memory_reg[11][4]/D (clocked by sys_clk_pin). Large setup violations at the end of those stages might be difficult to fix during the post-placement implementation flow and could be the result of non-optimal XDC constraints or non-optimal design architecture
Related violations: <none>

TIMING-16#58 Warning
Large setup violation  
There is a large setup violation of -2.589 ns between my_cpu/pc_inst/PCout_reg[1]/C (clocked by sys_clk_pin) and my_cpu/data_mem_inst/memory_reg[21][4]/D (clocked by sys_clk_pin). Large setup violations at the end of those stages might be difficult to fix during the post-placement implementation flow and could be the result of non-optimal XDC constraints or non-optimal design architecture
Related violations: <none>

TIMING-16#59 Warning
Large setup violation  
There is a large setup violation of -2.590 ns between my_cpu/pc_inst/PCout_reg[1]/C (clocked by sys_clk_pin) and my_cpu/data_mem_inst/memory_reg[47][3]/D (clocked by sys_clk_pin). Large setup violations at the end of those stages might be difficult to fix during the post-placement implementation flow and could be the result of non-optimal XDC constraints or non-optimal design architecture
Related violations: <none>

TIMING-16#60 Warning
Large setup violation  
There is a large setup violation of -2.595 ns between my_cpu/pc_inst/PCout_reg[1]/C (clocked by sys_clk_pin) and my_cpu/data_mem_inst/memory_reg[51][7]/D (clocked by sys_clk_pin). Large setup violations at the end of those stages might be difficult to fix during the post-placement implementation flow and could be the result of non-optimal XDC constraints or non-optimal design architecture
Related violations: <none>

TIMING-16#61 Warning
Large setup violation  
There is a large setup violation of -2.596 ns between my_cpu/pc_inst/PCout_reg[1]/C (clocked by sys_clk_pin) and my_cpu/data_mem_inst/memory_reg[39][4]/D (clocked by sys_clk_pin). Large setup violations at the end of those stages might be difficult to fix during the post-placement implementation flow and could be the result of non-optimal XDC constraints or non-optimal design architecture
Related violations: <none>

TIMING-16#62 Warning
Large setup violation  
There is a large setup violation of -2.597 ns between my_cpu/pc_inst/PCout_reg[1]/C (clocked by sys_clk_pin) and my_cpu/data_mem_inst/memory_reg[43][6]/D (clocked by sys_clk_pin). Large setup violations at the end of those stages might be difficult to fix during the post-placement implementation flow and could be the result of non-optimal XDC constraints or non-optimal design architecture
Related violations: <none>

TIMING-16#63 Warning
Large setup violation  
There is a large setup violation of -2.598 ns between my_cpu/pc_inst/PCout_reg[1]/C (clocked by sys_clk_pin) and my_cpu/data_mem_inst/memory_reg[11][2]/D (clocked by sys_clk_pin). Large setup violations at the end of those stages might be difficult to fix during the post-placement implementation flow and could be the result of non-optimal XDC constraints or non-optimal design architecture
Related violations: <none>

TIMING-16#64 Warning
Large setup violation  
There is a large setup violation of -2.601 ns between my_cpu/pc_inst/PCout_reg[1]/C (clocked by sys_clk_pin) and my_cpu/data_mem_inst/memory_reg[39][2]/D (clocked by sys_clk_pin). Large setup violations at the end of those stages might be difficult to fix during the post-placement implementation flow and could be the result of non-optimal XDC constraints or non-optimal design architecture
Related violations: <none>

TIMING-16#65 Warning
Large setup violation  
There is a large setup violation of -2.605 ns between my_cpu/pc_inst/PCout_reg[1]/C (clocked by sys_clk_pin) and my_cpu/data_mem_inst/memory_reg[33][2]/D (clocked by sys_clk_pin). Large setup violations at the end of those stages might be difficult to fix during the post-placement implementation flow and could be the result of non-optimal XDC constraints or non-optimal design architecture
Related violations: <none>

TIMING-16#66 Warning
Large setup violation  
There is a large setup violation of -2.607 ns between my_cpu/pc_inst/PCout_reg[1]/C (clocked by sys_clk_pin) and my_cpu/data_mem_inst/memory_reg[33][3]/D (clocked by sys_clk_pin). Large setup violations at the end of those stages might be difficult to fix during the post-placement implementation flow and could be the result of non-optimal XDC constraints or non-optimal design architecture
Related violations: <none>

TIMING-16#67 Warning
Large setup violation  
There is a large setup violation of -2.609 ns between my_cpu/pc_inst/PCout_reg[1]/C (clocked by sys_clk_pin) and my_cpu/data_mem_inst/memory_reg[11][6]/D (clocked by sys_clk_pin). Large setup violations at the end of those stages might be difficult to fix during the post-placement implementation flow and could be the result of non-optimal XDC constraints or non-optimal design architecture
Related violations: <none>

TIMING-16#68 Warning
Large setup violation  
There is a large setup violation of -2.615 ns between my_cpu/pc_inst/PCout_reg[1]/C (clocked by sys_clk_pin) and my_cpu/data_mem_inst/memory_reg[11][5]/D (clocked by sys_clk_pin). Large setup violations at the end of those stages might be difficult to fix during the post-placement implementation flow and could be the result of non-optimal XDC constraints or non-optimal design architecture
Related violations: <none>

TIMING-16#69 Warning
Large setup violation  
There is a large setup violation of -2.617 ns between my_cpu/pc_inst/PCout_reg[1]/C (clocked by sys_clk_pin) and my_cpu/data_mem_inst/memory_reg[35][1]/D (clocked by sys_clk_pin). Large setup violations at the end of those stages might be difficult to fix during the post-placement implementation flow and could be the result of non-optimal XDC constraints or non-optimal design architecture
Related violations: <none>

TIMING-16#70 Warning
Large setup violation  
There is a large setup violation of -2.648 ns between my_cpu/pc_inst/PCout_reg[1]/C (clocked by sys_clk_pin) and my_cpu/data_mem_inst/memory_reg[37][3]/D (clocked by sys_clk_pin). Large setup violations at the end of those stages might be difficult to fix during the post-placement implementation flow and could be the result of non-optimal XDC constraints or non-optimal design architecture
Related violations: <none>

TIMING-16#71 Warning
Large setup violation  
There is a large setup violation of -2.658 ns between my_cpu/pc_inst/PCout_reg[1]/C (clocked by sys_clk_pin) and my_cpu/data_mem_inst/memory_reg[37][4]/D (clocked by sys_clk_pin). Large setup violations at the end of those stages might be difficult to fix during the post-placement implementation flow and could be the result of non-optimal XDC constraints or non-optimal design architecture
Related violations: <none>

TIMING-16#72 Warning
Large setup violation  
There is a large setup violation of -2.661 ns between my_cpu/pc_inst/PCout_reg[1]/C (clocked by sys_clk_pin) and my_cpu/data_mem_inst/memory_reg[5][0]/D (clocked by sys_clk_pin). Large setup violations at the end of those stages might be difficult to fix during the post-placement implementation flow and could be the result of non-optimal XDC constraints or non-optimal design architecture
Related violations: <none>

TIMING-16#73 Warning
Large setup violation  
There is a large setup violation of -2.662 ns between my_cpu/pc_inst/PCout_reg[1]/C (clocked by sys_clk_pin) and my_cpu/data_mem_inst/memory_reg[19][6]/D (clocked by sys_clk_pin). Large setup violations at the end of those stages might be difficult to fix during the post-placement implementation flow and could be the result of non-optimal XDC constraints or non-optimal design architecture
Related violations: <none>

TIMING-16#74 Warning
Large setup violation  
There is a large setup violation of -2.673 ns between my_cpu/pc_inst/PCout_reg[1]/C (clocked by sys_clk_pin) and my_cpu/data_mem_inst/memory_reg[29][7]/D (clocked by sys_clk_pin). Large setup violations at the end of those stages might be difficult to fix during the post-placement implementation flow and could be the result of non-optimal XDC constraints or non-optimal design architecture
Related violations: <none>

TIMING-16#75 Warning
Large setup violation  
There is a large setup violation of -2.675 ns between my_cpu/pc_inst/PCout_reg[1]/C (clocked by sys_clk_pin) and my_cpu/data_mem_inst/memory_reg[39][5]/D (clocked by sys_clk_pin). Large setup violations at the end of those stages might be difficult to fix during the post-placement implementation flow and could be the result of non-optimal XDC constraints or non-optimal design architecture
Related violations: <none>

TIMING-16#76 Warning
Large setup violation  
There is a large setup violation of -2.676 ns between my_cpu/pc_inst/PCout_reg[1]/C (clocked by sys_clk_pin) and my_cpu/data_mem_inst/memory_reg[51][5]/D (clocked by sys_clk_pin). Large setup violations at the end of those stages might be difficult to fix during the post-placement implementation flow and could be the result of non-optimal XDC constraints or non-optimal design architecture
Related violations: <none>

TIMING-16#77 Warning
Large setup violation  
There is a large setup violation of -2.677 ns between my_cpu/pc_inst/PCout_reg[1]/C (clocked by sys_clk_pin) and my_cpu/data_mem_inst/memory_reg[47][2]/D (clocked by sys_clk_pin). Large setup violations at the end of those stages might be difficult to fix during the post-placement implementation flow and could be the result of non-optimal XDC constraints or non-optimal design architecture
Related violations: <none>

TIMING-16#78 Warning
Large setup violation  
There is a large setup violation of -2.681 ns between my_cpu/pc_inst/PCout_reg[1]/C (clocked by sys_clk_pin) and my_cpu/data_mem_inst/memory_reg[45][7]/D (clocked by sys_clk_pin). Large setup violations at the end of those stages might be difficult to fix during the post-placement implementation flow and could be the result of non-optimal XDC constraints or non-optimal design architecture
Related violations: <none>

TIMING-16#79 Warning
Large setup violation  
There is a large setup violation of -2.683 ns between my_cpu/pc_inst/PCout_reg[1]/C (clocked by sys_clk_pin) and my_cpu/data_mem_inst/memory_reg[45][5]/D (clocked by sys_clk_pin). Large setup violations at the end of those stages might be difficult to fix during the post-placement implementation flow and could be the result of non-optimal XDC constraints or non-optimal design architecture
Related violations: <none>

TIMING-16#80 Warning
Large setup violation  
There is a large setup violation of -2.684 ns between my_cpu/pc_inst/PCout_reg[1]/C (clocked by sys_clk_pin) and my_cpu/data_mem_inst/memory_reg[33][0]/D (clocked by sys_clk_pin). Large setup violations at the end of those stages might be difficult to fix during the post-placement implementation flow and could be the result of non-optimal XDC constraints or non-optimal design architecture
Related violations: <none>

TIMING-16#81 Warning
Large setup violation  
There is a large setup violation of -2.687 ns between my_cpu/pc_inst/PCout_reg[1]/C (clocked by sys_clk_pin) and my_cpu/data_mem_inst/memory_reg[33][1]/D (clocked by sys_clk_pin). Large setup violations at the end of those stages might be difficult to fix during the post-placement implementation flow and could be the result of non-optimal XDC constraints or non-optimal design architecture
Related violations: <none>

TIMING-16#82 Warning
Large setup violation  
There is a large setup violation of -2.687 ns between my_cpu/pc_inst/PCout_reg[1]/C (clocked by sys_clk_pin) and my_cpu/data_mem_inst/memory_reg[45][0]/D (clocked by sys_clk_pin). Large setup violations at the end of those stages might be difficult to fix during the post-placement implementation flow and could be the result of non-optimal XDC constraints or non-optimal design architecture
Related violations: <none>

TIMING-16#83 Warning
Large setup violation  
There is a large setup violation of -2.689 ns between my_cpu/pc_inst/PCout_reg[1]/C (clocked by sys_clk_pin) and my_cpu/data_mem_inst/memory_reg[45][4]/D (clocked by sys_clk_pin). Large setup violations at the end of those stages might be difficult to fix during the post-placement implementation flow and could be the result of non-optimal XDC constraints or non-optimal design architecture
Related violations: <none>

TIMING-16#84 Warning
Large setup violation  
There is a large setup violation of -2.710 ns between my_cpu/pc_inst/PCout_reg[1]/C (clocked by sys_clk_pin) and my_cpu/data_mem_inst/memory_reg[15][4]/D (clocked by sys_clk_pin). Large setup violations at the end of those stages might be difficult to fix during the post-placement implementation flow and could be the result of non-optimal XDC constraints or non-optimal design architecture
Related violations: <none>

TIMING-16#85 Warning
Large setup violation  
There is a large setup violation of -2.716 ns between my_cpu/pc_inst/PCout_reg[1]/C (clocked by sys_clk_pin) and my_cpu/data_mem_inst/memory_reg[15][3]/D (clocked by sys_clk_pin). Large setup violations at the end of those stages might be difficult to fix during the post-placement implementation flow and could be the result of non-optimal XDC constraints or non-optimal design architecture
Related violations: <none>

TIMING-16#86 Warning
Large setup violation  
There is a large setup violation of -2.721 ns between my_cpu/pc_inst/PCout_reg[1]/C (clocked by sys_clk_pin) and my_cpu/data_mem_inst/memory_reg[11][3]/D (clocked by sys_clk_pin). Large setup violations at the end of those stages might be difficult to fix during the post-placement implementation flow and could be the result of non-optimal XDC constraints or non-optimal design architecture
Related violations: <none>

TIMING-16#87 Warning
Large setup violation  
There is a large setup violation of -2.725 ns between my_cpu/pc_inst/PCout_reg[1]/C (clocked by sys_clk_pin) and my_cpu/data_mem_inst/memory_reg[47][6]/D (clocked by sys_clk_pin). Large setup violations at the end of those stages might be difficult to fix during the post-placement implementation flow and could be the result of non-optimal XDC constraints or non-optimal design architecture
Related violations: <none>

TIMING-16#88 Warning
Large setup violation  
There is a large setup violation of -2.728 ns between my_cpu/pc_inst/PCout_reg[1]/C (clocked by sys_clk_pin) and my_cpu/data_mem_inst/memory_reg[43][3]/D (clocked by sys_clk_pin). Large setup violations at the end of those stages might be difficult to fix during the post-placement implementation flow and could be the result of non-optimal XDC constraints or non-optimal design architecture
Related violations: <none>

TIMING-16#89 Warning
Large setup violation  
There is a large setup violation of -2.729 ns between my_cpu/pc_inst/PCout_reg[1]/C (clocked by sys_clk_pin) and my_cpu/data_mem_inst/memory_reg[47][4]/D (clocked by sys_clk_pin). Large setup violations at the end of those stages might be difficult to fix during the post-placement implementation flow and could be the result of non-optimal XDC constraints or non-optimal design architecture
Related violations: <none>

TIMING-16#90 Warning
Large setup violation  
There is a large setup violation of -2.739 ns between my_cpu/pc_inst/PCout_reg[1]/C (clocked by sys_clk_pin) and my_cpu/data_mem_inst/memory_reg[43][5]/D (clocked by sys_clk_pin). Large setup violations at the end of those stages might be difficult to fix during the post-placement implementation flow and could be the result of non-optimal XDC constraints or non-optimal design architecture
Related violations: <none>

TIMING-16#91 Warning
Large setup violation  
There is a large setup violation of -2.740 ns between my_cpu/pc_inst/PCout_reg[1]/C (clocked by sys_clk_pin) and my_cpu/data_mem_inst/memory_reg[21][6]/D (clocked by sys_clk_pin). Large setup violations at the end of those stages might be difficult to fix during the post-placement implementation flow and could be the result of non-optimal XDC constraints or non-optimal design architecture
Related violations: <none>

TIMING-16#92 Warning
Large setup violation  
There is a large setup violation of -2.742 ns between my_cpu/pc_inst/PCout_reg[1]/C (clocked by sys_clk_pin) and my_cpu/data_mem_inst/memory_reg[52][0]/D (clocked by sys_clk_pin). Large setup violations at the end of those stages might be difficult to fix during the post-placement implementation flow and could be the result of non-optimal XDC constraints or non-optimal design architecture
Related violations: <none>

TIMING-16#93 Warning
Large setup violation  
There is a large setup violation of -2.743 ns between my_cpu/pc_inst/PCout_reg[1]/C (clocked by sys_clk_pin) and my_cpu/data_mem_inst/memory_reg[52][6]/D (clocked by sys_clk_pin). Large setup violations at the end of those stages might be difficult to fix during the post-placement implementation flow and could be the result of non-optimal XDC constraints or non-optimal design architecture
Related violations: <none>

TIMING-16#94 Warning
Large setup violation  
There is a large setup violation of -2.744 ns between my_cpu/pc_inst/PCout_reg[1]/C (clocked by sys_clk_pin) and my_cpu/data_mem_inst/memory_reg[59][2]/D (clocked by sys_clk_pin). Large setup violations at the end of those stages might be difficult to fix during the post-placement implementation flow and could be the result of non-optimal XDC constraints or non-optimal design architecture
Related violations: <none>

TIMING-16#95 Warning
Large setup violation  
There is a large setup violation of -2.749 ns between my_cpu/pc_inst/PCout_reg[1]/C (clocked by sys_clk_pin) and my_cpu/data_mem_inst/memory_reg[47][1]/D (clocked by sys_clk_pin). Large setup violations at the end of those stages might be difficult to fix during the post-placement implementation flow and could be the result of non-optimal XDC constraints or non-optimal design architecture
Related violations: <none>

TIMING-16#96 Warning
Large setup violation  
There is a large setup violation of -2.749 ns between my_cpu/pc_inst/PCout_reg[1]/C (clocked by sys_clk_pin) and my_cpu/data_mem_inst/memory_reg[59][0]/D (clocked by sys_clk_pin). Large setup violations at the end of those stages might be difficult to fix during the post-placement implementation flow and could be the result of non-optimal XDC constraints or non-optimal design architecture
Related violations: <none>

TIMING-16#97 Warning
Large setup violation  
There is a large setup violation of -2.750 ns between my_cpu/pc_inst/PCout_reg[1]/C (clocked by sys_clk_pin) and my_cpu/data_mem_inst/memory_reg[13][6]/D (clocked by sys_clk_pin). Large setup violations at the end of those stages might be difficult to fix during the post-placement implementation flow and could be the result of non-optimal XDC constraints or non-optimal design architecture
Related violations: <none>

TIMING-16#98 Warning
Large setup violation  
There is a large setup violation of -2.751 ns between my_cpu/pc_inst/PCout_reg[1]/C (clocked by sys_clk_pin) and my_cpu/data_mem_inst/memory_reg[59][7]/D (clocked by sys_clk_pin). Large setup violations at the end of those stages might be difficult to fix during the post-placement implementation flow and could be the result of non-optimal XDC constraints or non-optimal design architecture
Related violations: <none>

TIMING-16#99 Warning
Large setup violation  
There is a large setup violation of -2.756 ns between my_cpu/pc_inst/PCout_reg[1]/C (clocked by sys_clk_pin) and my_cpu/data_mem_inst/memory_reg[59][4]/D (clocked by sys_clk_pin). Large setup violations at the end of those stages might be difficult to fix during the post-placement implementation flow and could be the result of non-optimal XDC constraints or non-optimal design architecture
Related violations: <none>

TIMING-16#100 Warning
Large setup violation  
There is a large setup violation of -2.756 ns between my_cpu/pc_inst/PCout_reg[1]/C (clocked by sys_clk_pin) and my_cpu/data_mem_inst/memory_reg[59][6]/D (clocked by sys_clk_pin). Large setup violations at the end of those stages might be difficult to fix during the post-placement implementation flow and could be the result of non-optimal XDC constraints or non-optimal design architecture
Related violations: <none>

TIMING-16#101 Warning
Large setup violation  
There is a large setup violation of -2.757 ns between my_cpu/pc_inst/PCout_reg[1]/C (clocked by sys_clk_pin) and my_cpu/data_mem_inst/memory_reg[13][5]/D (clocked by sys_clk_pin). Large setup violations at the end of those stages might be difficult to fix during the post-placement implementation flow and could be the result of non-optimal XDC constraints or non-optimal design architecture
Related violations: <none>

TIMING-16#102 Warning
Large setup violation  
There is a large setup violation of -2.757 ns between my_cpu/pc_inst/PCout_reg[1]/C (clocked by sys_clk_pin) and my_cpu/data_mem_inst/memory_reg[29][0]/D (clocked by sys_clk_pin). Large setup violations at the end of those stages might be difficult to fix during the post-placement implementation flow and could be the result of non-optimal XDC constraints or non-optimal design architecture
Related violations: <none>

TIMING-16#103 Warning
Large setup violation  
There is a large setup violation of -2.758 ns between my_cpu/pc_inst/PCout_reg[1]/C (clocked by sys_clk_pin) and my_cpu/data_mem_inst/memory_reg[21][7]/D (clocked by sys_clk_pin). Large setup violations at the end of those stages might be difficult to fix during the post-placement implementation flow and could be the result of non-optimal XDC constraints or non-optimal design architecture
Related violations: <none>

TIMING-16#104 Warning
Large setup violation  
There is a large setup violation of -2.760 ns between my_cpu/pc_inst/PCout_reg[1]/C (clocked by sys_clk_pin) and my_cpu/data_mem_inst/memory_reg[29][4]/D (clocked by sys_clk_pin). Large setup violations at the end of those stages might be difficult to fix during the post-placement implementation flow and could be the result of non-optimal XDC constraints or non-optimal design architecture
Related violations: <none>

TIMING-16#105 Warning
Large setup violation  
There is a large setup violation of -2.760 ns between my_cpu/pc_inst/PCout_reg[1]/C (clocked by sys_clk_pin) and my_cpu/data_mem_inst/memory_reg[7][6]/D (clocked by sys_clk_pin). Large setup violations at the end of those stages might be difficult to fix during the post-placement implementation flow and could be the result of non-optimal XDC constraints or non-optimal design architecture
Related violations: <none>

TIMING-16#106 Warning
Large setup violation  
There is a large setup violation of -2.765 ns between my_cpu/pc_inst/PCout_reg[1]/C (clocked by sys_clk_pin) and my_cpu/data_mem_inst/memory_reg[43][0]/D (clocked by sys_clk_pin). Large setup violations at the end of those stages might be difficult to fix during the post-placement implementation flow and could be the result of non-optimal XDC constraints or non-optimal design architecture
Related violations: <none>

TIMING-16#107 Warning
Large setup violation  
There is a large setup violation of -2.768 ns between my_cpu/pc_inst/PCout_reg[1]/C (clocked by sys_clk_pin) and my_cpu/data_mem_inst/memory_reg[43][4]/D (clocked by sys_clk_pin). Large setup violations at the end of those stages might be difficult to fix during the post-placement implementation flow and could be the result of non-optimal XDC constraints or non-optimal design architecture
Related violations: <none>

TIMING-16#108 Warning
Large setup violation  
There is a large setup violation of -2.768 ns between my_cpu/pc_inst/PCout_reg[1]/C (clocked by sys_clk_pin) and my_cpu/data_mem_inst/memory_reg[59][1]/D (clocked by sys_clk_pin). Large setup violations at the end of those stages might be difficult to fix during the post-placement implementation flow and could be the result of non-optimal XDC constraints or non-optimal design architecture
Related violations: <none>

TIMING-16#109 Warning
Large setup violation  
There is a large setup violation of -2.773 ns between my_cpu/pc_inst/PCout_reg[1]/C (clocked by sys_clk_pin) and my_cpu/data_mem_inst/memory_reg[11][7]/D (clocked by sys_clk_pin). Large setup violations at the end of those stages might be difficult to fix during the post-placement implementation flow and could be the result of non-optimal XDC constraints or non-optimal design architecture
Related violations: <none>

TIMING-16#110 Warning
Large setup violation  
There is a large setup violation of -2.781 ns between my_cpu/pc_inst/PCout_reg[1]/C (clocked by sys_clk_pin) and my_cpu/data_mem_inst/memory_reg[45][6]/D (clocked by sys_clk_pin). Large setup violations at the end of those stages might be difficult to fix during the post-placement implementation flow and could be the result of non-optimal XDC constraints or non-optimal design architecture
Related violations: <none>

TIMING-16#111 Warning
Large setup violation  
There is a large setup violation of -2.782 ns between my_cpu/pc_inst/PCout_reg[1]/C (clocked by sys_clk_pin) and my_cpu/data_mem_inst/memory_reg[7][2]/D (clocked by sys_clk_pin). Large setup violations at the end of those stages might be difficult to fix during the post-placement implementation flow and could be the result of non-optimal XDC constraints or non-optimal design architecture
Related violations: <none>

TIMING-16#112 Warning
Large setup violation  
There is a large setup violation of -2.784 ns between my_cpu/pc_inst/PCout_reg[1]/C (clocked by sys_clk_pin) and my_cpu/data_mem_inst/memory_reg[7][3]/D (clocked by sys_clk_pin). Large setup violations at the end of those stages might be difficult to fix during the post-placement implementation flow and could be the result of non-optimal XDC constraints or non-optimal design architecture
Related violations: <none>

TIMING-16#113 Warning
Large setup violation  
There is a large setup violation of -2.788 ns between my_cpu/pc_inst/PCout_reg[1]/C (clocked by sys_clk_pin) and my_cpu/data_mem_inst/memory_reg[15][7]/D (clocked by sys_clk_pin). Large setup violations at the end of those stages might be difficult to fix during the post-placement implementation flow and could be the result of non-optimal XDC constraints or non-optimal design architecture
Related violations: <none>

TIMING-16#114 Warning
Large setup violation  
There is a large setup violation of -2.789 ns between my_cpu/pc_inst/PCout_reg[1]/C (clocked by sys_clk_pin) and my_cpu/data_mem_inst/memory_reg[37][1]/D (clocked by sys_clk_pin). Large setup violations at the end of those stages might be difficult to fix during the post-placement implementation flow and could be the result of non-optimal XDC constraints or non-optimal design architecture
Related violations: <none>

TIMING-16#115 Warning
Large setup violation  
There is a large setup violation of -2.790 ns between my_cpu/pc_inst/PCout_reg[1]/C (clocked by sys_clk_pin) and my_cpu/data_mem_inst/memory_reg[45][3]/D (clocked by sys_clk_pin). Large setup violations at the end of those stages might be difficult to fix during the post-placement implementation flow and could be the result of non-optimal XDC constraints or non-optimal design architecture
Related violations: <none>

TIMING-16#116 Warning
Large setup violation  
There is a large setup violation of -2.793 ns between my_cpu/pc_inst/PCout_reg[1]/C (clocked by sys_clk_pin) and my_cpu/data_mem_inst/memory_reg[15][0]/D (clocked by sys_clk_pin). Large setup violations at the end of those stages might be difficult to fix during the post-placement implementation flow and could be the result of non-optimal XDC constraints or non-optimal design architecture
Related violations: <none>

TIMING-16#117 Warning
Large setup violation  
There is a large setup violation of -2.795 ns between my_cpu/pc_inst/PCout_reg[1]/C (clocked by sys_clk_pin) and my_cpu/data_mem_inst/memory_reg[45][2]/D (clocked by sys_clk_pin). Large setup violations at the end of those stages might be difficult to fix during the post-placement implementation flow and could be the result of non-optimal XDC constraints or non-optimal design architecture
Related violations: <none>

TIMING-16#118 Warning
Large setup violation  
There is a large setup violation of -2.796 ns between my_cpu/pc_inst/PCout_reg[1]/C (clocked by sys_clk_pin) and my_cpu/data_mem_inst/memory_reg[37][2]/D (clocked by sys_clk_pin). Large setup violations at the end of those stages might be difficult to fix during the post-placement implementation flow and could be the result of non-optimal XDC constraints or non-optimal design architecture
Related violations: <none>

TIMING-16#119 Warning
Large setup violation  
There is a large setup violation of -2.797 ns between my_cpu/pc_inst/PCout_reg[1]/C (clocked by sys_clk_pin) and my_cpu/data_mem_inst/memory_reg[43][1]/D (clocked by sys_clk_pin). Large setup violations at the end of those stages might be difficult to fix during the post-placement implementation flow and could be the result of non-optimal XDC constraints or non-optimal design architecture
Related violations: <none>

TIMING-16#120 Warning
Large setup violation  
There is a large setup violation of -2.806 ns between my_cpu/pc_inst/PCout_reg[1]/C (clocked by sys_clk_pin) and my_cpu/data_mem_inst/memory_reg[21][0]/D (clocked by sys_clk_pin). Large setup violations at the end of those stages might be difficult to fix during the post-placement implementation flow and could be the result of non-optimal XDC constraints or non-optimal design architecture
Related violations: <none>

TIMING-16#121 Warning
Large setup violation  
There is a large setup violation of -2.807 ns between my_cpu/pc_inst/PCout_reg[1]/C (clocked by sys_clk_pin) and my_cpu/data_mem_inst/memory_reg[49][2]/D (clocked by sys_clk_pin). Large setup violations at the end of those stages might be difficult to fix during the post-placement implementation flow and could be the result of non-optimal XDC constraints or non-optimal design architecture
Related violations: <none>

TIMING-16#122 Warning
Large setup violation  
There is a large setup violation of -2.812 ns between my_cpu/pc_inst/PCout_reg[1]/C (clocked by sys_clk_pin) and my_cpu/data_mem_inst/memory_reg[19][2]/D (clocked by sys_clk_pin). Large setup violations at the end of those stages might be difficult to fix during the post-placement implementation flow and could be the result of non-optimal XDC constraints or non-optimal design architecture
Related violations: <none>

TIMING-16#123 Warning
Large setup violation  
There is a large setup violation of -2.814 ns between my_cpu/pc_inst/PCout_reg[1]/C (clocked by sys_clk_pin) and my_cpu/data_mem_inst/memory_reg[19][3]/D (clocked by sys_clk_pin). Large setup violations at the end of those stages might be difficult to fix during the post-placement implementation flow and could be the result of non-optimal XDC constraints or non-optimal design architecture
Related violations: <none>

TIMING-16#124 Warning
Large setup violation  
There is a large setup violation of -2.814 ns between my_cpu/pc_inst/PCout_reg[1]/C (clocked by sys_clk_pin) and my_cpu/data_mem_inst/memory_reg[52][4]/D (clocked by sys_clk_pin). Large setup violations at the end of those stages might be difficult to fix during the post-placement implementation flow and could be the result of non-optimal XDC constraints or non-optimal design architecture
Related violations: <none>

TIMING-16#125 Warning
Large setup violation  
There is a large setup violation of -2.817 ns between my_cpu/pc_inst/PCout_reg[1]/C (clocked by sys_clk_pin) and my_cpu/data_mem_inst/memory_reg[59][5]/D (clocked by sys_clk_pin). Large setup violations at the end of those stages might be difficult to fix during the post-placement implementation flow and could be the result of non-optimal XDC constraints or non-optimal design architecture
Related violations: <none>

TIMING-16#126 Warning
Large setup violation  
There is a large setup violation of -2.820 ns between my_cpu/pc_inst/PCout_reg[1]/C (clocked by sys_clk_pin) and my_cpu/data_mem_inst/memory_reg[13][3]/D (clocked by sys_clk_pin). Large setup violations at the end of those stages might be difficult to fix during the post-placement implementation flow and could be the result of non-optimal XDC constraints or non-optimal design architecture
Related violations: <none>

TIMING-16#127 Warning
Large setup violation  
There is a large setup violation of -2.823 ns between my_cpu/pc_inst/PCout_reg[1]/C (clocked by sys_clk_pin) and my_cpu/data_mem_inst/memory_reg[37][0]/D (clocked by sys_clk_pin). Large setup violations at the end of those stages might be difficult to fix during the post-placement implementation flow and could be the result of non-optimal XDC constraints or non-optimal design architecture
Related violations: <none>

TIMING-16#128 Warning
Large setup violation  
There is a large setup violation of -2.823 ns between my_cpu/pc_inst/PCout_reg[1]/C (clocked by sys_clk_pin) and my_cpu/data_mem_inst/memory_reg[37][7]/D (clocked by sys_clk_pin). Large setup violations at the end of those stages might be difficult to fix during the post-placement implementation flow and could be the result of non-optimal XDC constraints or non-optimal design architecture
Related violations: <none>

TIMING-16#129 Warning
Large setup violation  
There is a large setup violation of -2.825 ns between my_cpu/pc_inst/PCout_reg[1]/C (clocked by sys_clk_pin) and my_cpu/data_mem_inst/memory_reg[2][0]/D (clocked by sys_clk_pin). Large setup violations at the end of those stages might be difficult to fix during the post-placement implementation flow and could be the result of non-optimal XDC constraints or non-optimal design architecture
Related violations: <none>

TIMING-16#130 Warning
Large setup violation  
There is a large setup violation of -2.825 ns between my_cpu/pc_inst/PCout_reg[1]/C (clocked by sys_clk_pin) and my_cpu/data_mem_inst/memory_reg[37][5]/D (clocked by sys_clk_pin). Large setup violations at the end of those stages might be difficult to fix during the post-placement implementation flow and could be the result of non-optimal XDC constraints or non-optimal design architecture
Related violations: <none>

TIMING-16#131 Warning
Large setup violation  
There is a large setup violation of -2.826 ns between my_cpu/pc_inst/PCout_reg[1]/C (clocked by sys_clk_pin) and my_cpu/data_mem_inst/memory_reg[52][1]/D (clocked by sys_clk_pin). Large setup violations at the end of those stages might be difficult to fix during the post-placement implementation flow and could be the result of non-optimal XDC constraints or non-optimal design architecture
Related violations: <none>

TIMING-16#132 Warning
Large setup violation  
There is a large setup violation of -2.827 ns between my_cpu/pc_inst/PCout_reg[1]/C (clocked by sys_clk_pin) and my_cpu/data_mem_inst/memory_reg[15][2]/D (clocked by sys_clk_pin). Large setup violations at the end of those stages might be difficult to fix during the post-placement implementation flow and could be the result of non-optimal XDC constraints or non-optimal design architecture
Related violations: <none>

TIMING-16#133 Warning
Large setup violation  
There is a large setup violation of -2.832 ns between my_cpu/pc_inst/PCout_reg[1]/C (clocked by sys_clk_pin) and my_cpu/data_mem_inst/memory_reg[15][1]/D (clocked by sys_clk_pin). Large setup violations at the end of those stages might be difficult to fix during the post-placement implementation flow and could be the result of non-optimal XDC constraints or non-optimal design architecture
Related violations: <none>

TIMING-16#134 Warning
Large setup violation  
There is a large setup violation of -2.836 ns between my_cpu/pc_inst/PCout_reg[1]/C (clocked by sys_clk_pin) and my_cpu/data_mem_inst/memory_reg[13][1]/D (clocked by sys_clk_pin). Large setup violations at the end of those stages might be difficult to fix during the post-placement implementation flow and could be the result of non-optimal XDC constraints or non-optimal design architecture
Related violations: <none>

TIMING-16#135 Warning
Large setup violation  
There is a large setup violation of -2.836 ns between my_cpu/pc_inst/PCout_reg[1]/C (clocked by sys_clk_pin) and my_cpu/data_mem_inst/memory_reg[51][4]/D (clocked by sys_clk_pin). Large setup violations at the end of those stages might be difficult to fix during the post-placement implementation flow and could be the result of non-optimal XDC constraints or non-optimal design architecture
Related violations: <none>

TIMING-16#136 Warning
Large setup violation  
There is a large setup violation of -2.838 ns between my_cpu/pc_inst/PCout_reg[1]/C (clocked by sys_clk_pin) and my_cpu/data_mem_inst/memory_reg[51][6]/D (clocked by sys_clk_pin). Large setup violations at the end of those stages might be difficult to fix during the post-placement implementation flow and could be the result of non-optimal XDC constraints or non-optimal design architecture
Related violations: <none>

TIMING-16#137 Warning
Large setup violation  
There is a large setup violation of -2.846 ns between my_cpu/pc_inst/PCout_reg[1]/C (clocked by sys_clk_pin) and my_cpu/data_mem_inst/memory_reg[29][3]/D (clocked by sys_clk_pin). Large setup violations at the end of those stages might be difficult to fix during the post-placement implementation flow and could be the result of non-optimal XDC constraints or non-optimal design architecture
Related violations: <none>

TIMING-16#138 Warning
Large setup violation  
There is a large setup violation of -2.848 ns between my_cpu/pc_inst/PCout_reg[1]/C (clocked by sys_clk_pin) and my_cpu/data_mem_inst/memory_reg[51][2]/D (clocked by sys_clk_pin). Large setup violations at the end of those stages might be difficult to fix during the post-placement implementation flow and could be the result of non-optimal XDC constraints or non-optimal design architecture
Related violations: <none>

TIMING-16#139 Warning
Large setup violation  
There is a large setup violation of -2.855 ns between my_cpu/pc_inst/PCout_reg[1]/C (clocked by sys_clk_pin) and my_cpu/data_mem_inst/memory_reg[29][6]/D (clocked by sys_clk_pin). Large setup violations at the end of those stages might be difficult to fix during the post-placement implementation flow and could be the result of non-optimal XDC constraints or non-optimal design architecture
Related violations: <none>

TIMING-16#140 Warning
Large setup violation  
There is a large setup violation of -2.855 ns between my_cpu/pc_inst/PCout_reg[1]/C (clocked by sys_clk_pin) and my_cpu/data_mem_inst/memory_reg[51][0]/D (clocked by sys_clk_pin). Large setup violations at the end of those stages might be difficult to fix during the post-placement implementation flow and could be the result of non-optimal XDC constraints or non-optimal design architecture
Related violations: <none>

TIMING-16#141 Warning
Large setup violation  
There is a large setup violation of -2.861 ns between my_cpu/pc_inst/PCout_reg[1]/C (clocked by sys_clk_pin) and my_cpu/data_mem_inst/memory_reg[51][3]/D (clocked by sys_clk_pin). Large setup violations at the end of those stages might be difficult to fix during the post-placement implementation flow and could be the result of non-optimal XDC constraints or non-optimal design architecture
Related violations: <none>

TIMING-16#142 Warning
Large setup violation  
There is a large setup violation of -2.870 ns between my_cpu/pc_inst/PCout_reg[1]/C (clocked by sys_clk_pin) and my_cpu/data_mem_inst/memory_reg[52][7]/D (clocked by sys_clk_pin). Large setup violations at the end of those stages might be difficult to fix during the post-placement implementation flow and could be the result of non-optimal XDC constraints or non-optimal design architecture
Related violations: <none>

TIMING-16#143 Warning
Large setup violation  
There is a large setup violation of -2.873 ns between my_cpu/pc_inst/PCout_reg[1]/C (clocked by sys_clk_pin) and my_cpu/data_mem_inst/memory_reg[59][3]/D (clocked by sys_clk_pin). Large setup violations at the end of those stages might be difficult to fix during the post-placement implementation flow and could be the result of non-optimal XDC constraints or non-optimal design architecture
Related violations: <none>

TIMING-16#144 Warning
Large setup violation  
There is a large setup violation of -2.876 ns between my_cpu/pc_inst/PCout_reg[1]/C (clocked by sys_clk_pin) and my_cpu/data_mem_inst/memory_reg[39][1]/D (clocked by sys_clk_pin). Large setup violations at the end of those stages might be difficult to fix during the post-placement implementation flow and could be the result of non-optimal XDC constraints or non-optimal design architecture
Related violations: <none>

TIMING-16#145 Warning
Large setup violation  
There is a large setup violation of -2.877 ns between my_cpu/pc_inst/PCout_reg[1]/C (clocked by sys_clk_pin) and my_cpu/data_mem_inst/memory_reg[29][5]/D (clocked by sys_clk_pin). Large setup violations at the end of those stages might be difficult to fix during the post-placement implementation flow and could be the result of non-optimal XDC constraints or non-optimal design architecture
Related violations: <none>

TIMING-16#146 Warning
Large setup violation  
There is a large setup violation of -2.877 ns between my_cpu/pc_inst/PCout_reg[1]/C (clocked by sys_clk_pin) and my_cpu/data_mem_inst/memory_reg[49][7]/D (clocked by sys_clk_pin). Large setup violations at the end of those stages might be difficult to fix during the post-placement implementation flow and could be the result of non-optimal XDC constraints or non-optimal design architecture
Related violations: <none>

TIMING-16#147 Warning
Large setup violation  
There is a large setup violation of -2.881 ns between my_cpu/pc_inst/PCout_reg[1]/C (clocked by sys_clk_pin) and my_cpu/data_mem_inst/memory_reg[45][1]/D (clocked by sys_clk_pin). Large setup violations at the end of those stages might be difficult to fix during the post-placement implementation flow and could be the result of non-optimal XDC constraints or non-optimal design architecture
Related violations: <none>

TIMING-16#148 Warning
Large setup violation  
There is a large setup violation of -2.888 ns between my_cpu/pc_inst/PCout_reg[1]/C (clocked by sys_clk_pin) and my_cpu/data_mem_inst/memory_reg[19][4]/D (clocked by sys_clk_pin). Large setup violations at the end of those stages might be difficult to fix during the post-placement implementation flow and could be the result of non-optimal XDC constraints or non-optimal design architecture
Related violations: <none>

TIMING-16#149 Warning
Large setup violation  
There is a large setup violation of -2.888 ns between my_cpu/pc_inst/PCout_reg[1]/C (clocked by sys_clk_pin) and my_cpu/data_mem_inst/memory_reg[19][5]/D (clocked by sys_clk_pin). Large setup violations at the end of those stages might be difficult to fix during the post-placement implementation flow and could be the result of non-optimal XDC constraints or non-optimal design architecture
Related violations: <none>

TIMING-16#150 Warning
Large setup violation  
There is a large setup violation of -2.890 ns between my_cpu/pc_inst/PCout_reg[1]/C (clocked by sys_clk_pin) and my_cpu/data_mem_inst/memory_reg[19][7]/D (clocked by sys_clk_pin). Large setup violations at the end of those stages might be difficult to fix during the post-placement implementation flow and could be the result of non-optimal XDC constraints or non-optimal design architecture
Related violations: <none>

TIMING-16#151 Warning
Large setup violation  
There is a large setup violation of -2.893 ns between my_cpu/pc_inst/PCout_reg[1]/C (clocked by sys_clk_pin) and my_cpu/data_mem_inst/memory_reg[19][0]/D (clocked by sys_clk_pin). Large setup violations at the end of those stages might be difficult to fix during the post-placement implementation flow and could be the result of non-optimal XDC constraints or non-optimal design architecture
Related violations: <none>

TIMING-16#152 Warning
Large setup violation  
There is a large setup violation of -2.894 ns between my_cpu/pc_inst/PCout_reg[1]/C (clocked by sys_clk_pin) and my_cpu/data_mem_inst/memory_reg[2][5]/D (clocked by sys_clk_pin). Large setup violations at the end of those stages might be difficult to fix during the post-placement implementation flow and could be the result of non-optimal XDC constraints or non-optimal design architecture
Related violations: <none>

TIMING-16#153 Warning
Large setup violation  
There is a large setup violation of -2.895 ns between my_cpu/pc_inst/PCout_reg[1]/C (clocked by sys_clk_pin) and my_cpu/data_mem_inst/memory_reg[37][7]/CE (clocked by sys_clk_pin). Large setup violations at the end of those stages might be difficult to fix during the post-placement implementation flow and could be the result of non-optimal XDC constraints or non-optimal design architecture
Related violations: <none>

TIMING-16#154 Warning
Large setup violation  
There is a large setup violation of -2.899 ns between my_cpu/pc_inst/PCout_reg[1]/C (clocked by sys_clk_pin) and my_cpu/data_mem_inst/memory_reg[2][1]/D (clocked by sys_clk_pin). Large setup violations at the end of those stages might be difficult to fix during the post-placement implementation flow and could be the result of non-optimal XDC constraints or non-optimal design architecture
Related violations: <none>

TIMING-16#155 Warning
Large setup violation  
There is a large setup violation of -2.899 ns between my_cpu/pc_inst/PCout_reg[1]/C (clocked by sys_clk_pin) and my_cpu/data_mem_inst/memory_reg[37][6]/D (clocked by sys_clk_pin). Large setup violations at the end of those stages might be difficult to fix during the post-placement implementation flow and could be the result of non-optimal XDC constraints or non-optimal design architecture
Related violations: <none>

TIMING-16#156 Warning
Large setup violation  
There is a large setup violation of -2.905 ns between my_cpu/pc_inst/PCout_reg[1]/C (clocked by sys_clk_pin) and my_cpu/data_mem_inst/memory_reg[49][3]/D (clocked by sys_clk_pin). Large setup violations at the end of those stages might be difficult to fix during the post-placement implementation flow and could be the result of non-optimal XDC constraints or non-optimal design architecture
Related violations: <none>

TIMING-16#157 Warning
Large setup violation  
There is a large setup violation of -2.921 ns between my_cpu/pc_inst/PCout_reg[1]/C (clocked by sys_clk_pin) and my_cpu/data_mem_inst/memory_reg[32][5]/D (clocked by sys_clk_pin). Large setup violations at the end of those stages might be difficult to fix during the post-placement implementation flow and could be the result of non-optimal XDC constraints or non-optimal design architecture
Related violations: <none>

TIMING-16#158 Warning
Large setup violation  
There is a large setup violation of -2.922 ns between my_cpu/pc_inst/PCout_reg[1]/C (clocked by sys_clk_pin) and my_cpu/data_mem_inst/memory_reg[32][3]/D (clocked by sys_clk_pin). Large setup violations at the end of those stages might be difficult to fix during the post-placement implementation flow and could be the result of non-optimal XDC constraints or non-optimal design architecture
Related violations: <none>

TIMING-16#159 Warning
Large setup violation  
There is a large setup violation of -2.922 ns between my_cpu/pc_inst/PCout_reg[1]/C (clocked by sys_clk_pin) and my_cpu/data_mem_inst/memory_reg[49][0]/D (clocked by sys_clk_pin). Large setup violations at the end of those stages might be difficult to fix during the post-placement implementation flow and could be the result of non-optimal XDC constraints or non-optimal design architecture
Related violations: <none>

TIMING-16#160 Warning
Large setup violation  
There is a large setup violation of -2.923 ns between my_cpu/pc_inst/PCout_reg[1]/C (clocked by sys_clk_pin) and my_cpu/data_mem_inst/memory_reg[32][7]/D (clocked by sys_clk_pin). Large setup violations at the end of those stages might be difficult to fix during the post-placement implementation flow and could be the result of non-optimal XDC constraints or non-optimal design architecture
Related violations: <none>

TIMING-16#161 Warning
Large setup violation  
There is a large setup violation of -2.928 ns between my_cpu/pc_inst/PCout_reg[1]/C (clocked by sys_clk_pin) and my_cpu/data_mem_inst/memory_reg[32][6]/D (clocked by sys_clk_pin). Large setup violations at the end of those stages might be difficult to fix during the post-placement implementation flow and could be the result of non-optimal XDC constraints or non-optimal design architecture
Related violations: <none>

TIMING-16#162 Warning
Large setup violation  
There is a large setup violation of -2.937 ns between my_cpu/pc_inst/PCout_reg[1]/C (clocked by sys_clk_pin) and my_cpu/data_mem_inst/memory_reg[17][2]/D (clocked by sys_clk_pin). Large setup violations at the end of those stages might be difficult to fix during the post-placement implementation flow and could be the result of non-optimal XDC constraints or non-optimal design architecture
Related violations: <none>

TIMING-16#163 Warning
Large setup violation  
There is a large setup violation of -2.937 ns between my_cpu/pc_inst/PCout_reg[1]/C (clocked by sys_clk_pin) and my_cpu/data_mem_inst/memory_reg[49][5]/D (clocked by sys_clk_pin). Large setup violations at the end of those stages might be difficult to fix during the post-placement implementation flow and could be the result of non-optimal XDC constraints or non-optimal design architecture
Related violations: <none>

TIMING-16#164 Warning
Large setup violation  
There is a large setup violation of -2.938 ns between my_cpu/pc_inst/PCout_reg[1]/C (clocked by sys_clk_pin) and my_cpu/data_mem_inst/memory_reg[52][3]/D (clocked by sys_clk_pin). Large setup violations at the end of those stages might be difficult to fix during the post-placement implementation flow and could be the result of non-optimal XDC constraints or non-optimal design architecture
Related violations: <none>

TIMING-16#165 Warning
Large setup violation  
There is a large setup violation of -2.939 ns between my_cpu/pc_inst/PCout_reg[1]/C (clocked by sys_clk_pin) and my_cpu/data_mem_inst/memory_reg[49][6]/D (clocked by sys_clk_pin). Large setup violations at the end of those stages might be difficult to fix during the post-placement implementation flow and could be the result of non-optimal XDC constraints or non-optimal design architecture
Related violations: <none>

TIMING-16#166 Warning
Large setup violation  
There is a large setup violation of -2.955 ns between my_cpu/pc_inst/PCout_reg[1]/C (clocked by sys_clk_pin) and my_cpu/data_mem_inst/memory_reg[43][2]/D (clocked by sys_clk_pin). Large setup violations at the end of those stages might be difficult to fix during the post-placement implementation flow and could be the result of non-optimal XDC constraints or non-optimal design architecture
Related violations: <none>

TIMING-16#167 Warning
Large setup violation  
There is a large setup violation of -2.960 ns between my_cpu/pc_inst/PCout_reg[1]/C (clocked by sys_clk_pin) and my_cpu/data_mem_inst/memory_reg[52][5]/D (clocked by sys_clk_pin). Large setup violations at the end of those stages might be difficult to fix during the post-placement implementation flow and could be the result of non-optimal XDC constraints or non-optimal design architecture
Related violations: <none>

TIMING-16#168 Warning
Large setup violation  
There is a large setup violation of -2.961 ns between my_cpu/pc_inst/PCout_reg[1]/C (clocked by sys_clk_pin) and my_cpu/data_mem_inst/memory_reg[49][1]/D (clocked by sys_clk_pin). Large setup violations at the end of those stages might be difficult to fix during the post-placement implementation flow and could be the result of non-optimal XDC constraints or non-optimal design architecture
Related violations: <none>

TIMING-16#169 Warning
Large setup violation  
There is a large setup violation of -2.962 ns between my_cpu/pc_inst/PCout_reg[1]/C (clocked by sys_clk_pin) and my_cpu/data_mem_inst/memory_reg[52][2]/D (clocked by sys_clk_pin). Large setup violations at the end of those stages might be difficult to fix during the post-placement implementation flow and could be the result of non-optimal XDC constraints or non-optimal design architecture
Related violations: <none>

TIMING-16#170 Warning
Large setup violation  
There is a large setup violation of -2.965 ns between my_cpu/pc_inst/PCout_reg[1]/C (clocked by sys_clk_pin) and my_cpu/data_mem_inst/memory_reg[40][0]/D (clocked by sys_clk_pin). Large setup violations at the end of those stages might be difficult to fix during the post-placement implementation flow and could be the result of non-optimal XDC constraints or non-optimal design architecture
Related violations: <none>

TIMING-16#171 Warning
Large setup violation  
There is a large setup violation of -2.977 ns between my_cpu/pc_inst/PCout_reg[1]/C (clocked by sys_clk_pin) and my_cpu/data_mem_inst/memory_reg[13][7]/D (clocked by sys_clk_pin). Large setup violations at the end of those stages might be difficult to fix during the post-placement implementation flow and could be the result of non-optimal XDC constraints or non-optimal design architecture
Related violations: <none>

TIMING-16#172 Warning
Large setup violation  
There is a large setup violation of -2.985 ns between my_cpu/pc_inst/PCout_reg[1]/C (clocked by sys_clk_pin) and my_cpu/data_mem_inst/memory_reg[13][4]/D (clocked by sys_clk_pin). Large setup violations at the end of those stages might be difficult to fix during the post-placement implementation flow and could be the result of non-optimal XDC constraints or non-optimal design architecture
Related violations: <none>

TIMING-16#173 Warning
Large setup violation  
There is a large setup violation of -2.985 ns between my_cpu/pc_inst/PCout_reg[1]/C (clocked by sys_clk_pin) and my_cpu/data_mem_inst/memory_reg[40][6]/D (clocked by sys_clk_pin). Large setup violations at the end of those stages might be difficult to fix during the post-placement implementation flow and could be the result of non-optimal XDC constraints or non-optimal design architecture
Related violations: <none>

TIMING-16#174 Warning
Large setup violation  
There is a large setup violation of -2.999 ns between my_cpu/pc_inst/PCout_reg[1]/C (clocked by sys_clk_pin) and my_cpu/data_mem_inst/memory_reg[49][4]/D (clocked by sys_clk_pin). Large setup violations at the end of those stages might be difficult to fix during the post-placement implementation flow and could be the result of non-optimal XDC constraints or non-optimal design architecture
Related violations: <none>

TIMING-16#175 Warning
Large setup violation  
There is a large setup violation of -3.000 ns between my_cpu/pc_inst/PCout_reg[1]/C (clocked by sys_clk_pin) and my_cpu/data_mem_inst/memory_reg[1][0]/CE (clocked by sys_clk_pin). Large setup violations at the end of those stages might be difficult to fix during the post-placement implementation flow and could be the result of non-optimal XDC constraints or non-optimal design architecture
Related violations: <none>

TIMING-16#176 Warning
Large setup violation  
There is a large setup violation of -3.000 ns between my_cpu/pc_inst/PCout_reg[1]/C (clocked by sys_clk_pin) and my_cpu/data_mem_inst/memory_reg[1][4]/CE (clocked by sys_clk_pin). Large setup violations at the end of those stages might be difficult to fix during the post-placement implementation flow and could be the result of non-optimal XDC constraints or non-optimal design architecture
Related violations: <none>

TIMING-16#177 Warning
Large setup violation  
There is a large setup violation of -3.006 ns between my_cpu/pc_inst/PCout_reg[1]/C (clocked by sys_clk_pin) and my_cpu/data_mem_inst/memory_reg[46][2]/D (clocked by sys_clk_pin). Large setup violations at the end of those stages might be difficult to fix during the post-placement implementation flow and could be the result of non-optimal XDC constraints or non-optimal design architecture
Related violations: <none>

TIMING-16#178 Warning
Large setup violation  
There is a large setup violation of -3.020 ns between my_cpu/pc_inst/PCout_reg[1]/C (clocked by sys_clk_pin) and my_cpu/data_mem_inst/memory_reg[37][1]/CE (clocked by sys_clk_pin). Large setup violations at the end of those stages might be difficult to fix during the post-placement implementation flow and could be the result of non-optimal XDC constraints or non-optimal design architecture
Related violations: <none>

TIMING-16#179 Warning
Large setup violation  
There is a large setup violation of -3.020 ns between my_cpu/pc_inst/PCout_reg[1]/C (clocked by sys_clk_pin) and my_cpu/data_mem_inst/memory_reg[37][2]/CE (clocked by sys_clk_pin). Large setup violations at the end of those stages might be difficult to fix during the post-placement implementation flow and could be the result of non-optimal XDC constraints or non-optimal design architecture
Related violations: <none>

TIMING-16#180 Warning
Large setup violation  
There is a large setup violation of -3.020 ns between my_cpu/pc_inst/PCout_reg[1]/C (clocked by sys_clk_pin) and my_cpu/data_mem_inst/memory_reg[37][3]/CE (clocked by sys_clk_pin). Large setup violations at the end of those stages might be difficult to fix during the post-placement implementation flow and could be the result of non-optimal XDC constraints or non-optimal design architecture
Related violations: <none>

TIMING-16#181 Warning
Large setup violation  
There is a large setup violation of -3.020 ns between my_cpu/pc_inst/PCout_reg[1]/C (clocked by sys_clk_pin) and my_cpu/data_mem_inst/memory_reg[37][4]/CE (clocked by sys_clk_pin). Large setup violations at the end of those stages might be difficult to fix during the post-placement implementation flow and could be the result of non-optimal XDC constraints or non-optimal design architecture
Related violations: <none>

TIMING-16#182 Warning
Large setup violation  
There is a large setup violation of -3.021 ns between my_cpu/pc_inst/PCout_reg[1]/C (clocked by sys_clk_pin) and my_cpu/data_mem_inst/memory_reg[2][2]/D (clocked by sys_clk_pin). Large setup violations at the end of those stages might be difficult to fix during the post-placement implementation flow and could be the result of non-optimal XDC constraints or non-optimal design architecture
Related violations: <none>

TIMING-16#183 Warning
Large setup violation  
There is a large setup violation of -3.021 ns between my_cpu/pc_inst/PCout_reg[1]/C (clocked by sys_clk_pin) and my_cpu/data_mem_inst/memory_reg[51][1]/D (clocked by sys_clk_pin). Large setup violations at the end of those stages might be difficult to fix during the post-placement implementation flow and could be the result of non-optimal XDC constraints or non-optimal design architecture
Related violations: <none>

TIMING-16#184 Warning
Large setup violation  
There is a large setup violation of -3.031 ns between my_cpu/pc_inst/PCout_reg[1]/C (clocked by sys_clk_pin) and my_cpu/data_mem_inst/memory_reg[2][3]/D (clocked by sys_clk_pin). Large setup violations at the end of those stages might be difficult to fix during the post-placement implementation flow and could be the result of non-optimal XDC constraints or non-optimal design architecture
Related violations: <none>

TIMING-16#185 Warning
Large setup violation  
There is a large setup violation of -3.034 ns between my_cpu/pc_inst/PCout_reg[1]/C (clocked by sys_clk_pin) and my_cpu/data_mem_inst/memory_reg[27][7]/D (clocked by sys_clk_pin). Large setup violations at the end of those stages might be difficult to fix during the post-placement implementation flow and could be the result of non-optimal XDC constraints or non-optimal design architecture
Related violations: <none>

TIMING-16#186 Warning
Large setup violation  
There is a large setup violation of -3.053 ns between my_cpu/pc_inst/PCout_reg[1]/C (clocked by sys_clk_pin) and my_cpu/data_mem_inst/memory_reg[16][1]/D (clocked by sys_clk_pin). Large setup violations at the end of those stages might be difficult to fix during the post-placement implementation flow and could be the result of non-optimal XDC constraints or non-optimal design architecture
Related violations: <none>

TIMING-16#187 Warning
Large setup violation  
There is a large setup violation of -3.056 ns between my_cpu/pc_inst/PCout_reg[1]/C (clocked by sys_clk_pin) and my_cpu/data_mem_inst/memory_reg[37][0]/CE (clocked by sys_clk_pin). Large setup violations at the end of those stages might be difficult to fix during the post-placement implementation flow and could be the result of non-optimal XDC constraints or non-optimal design architecture
Related violations: <none>

TIMING-16#188 Warning
Large setup violation  
There is a large setup violation of -3.056 ns between my_cpu/pc_inst/PCout_reg[1]/C (clocked by sys_clk_pin) and my_cpu/data_mem_inst/memory_reg[37][5]/CE (clocked by sys_clk_pin). Large setup violations at the end of those stages might be difficult to fix during the post-placement implementation flow and could be the result of non-optimal XDC constraints or non-optimal design architecture
Related violations: <none>

TIMING-16#189 Warning
Large setup violation  
There is a large setup violation of -3.056 ns between my_cpu/pc_inst/PCout_reg[1]/C (clocked by sys_clk_pin) and my_cpu/data_mem_inst/memory_reg[37][6]/CE (clocked by sys_clk_pin). Large setup violations at the end of those stages might be difficult to fix during the post-placement implementation flow and could be the result of non-optimal XDC constraints or non-optimal design architecture
Related violations: <none>

TIMING-16#190 Warning
Large setup violation  
There is a large setup violation of -3.057 ns between my_cpu/pc_inst/PCout_reg[1]/C (clocked by sys_clk_pin) and my_cpu/data_mem_inst/memory_reg[2][4]/D (clocked by sys_clk_pin). Large setup violations at the end of those stages might be difficult to fix during the post-placement implementation flow and could be the result of non-optimal XDC constraints or non-optimal design architecture
Related violations: <none>

TIMING-16#191 Warning
Large setup violation  
There is a large setup violation of -3.058 ns between my_cpu/pc_inst/PCout_reg[1]/C (clocked by sys_clk_pin) and my_cpu/data_mem_inst/memory_reg[47][0]/D (clocked by sys_clk_pin). Large setup violations at the end of those stages might be difficult to fix during the post-placement implementation flow and could be the result of non-optimal XDC constraints or non-optimal design architecture
Related violations: <none>

TIMING-16#192 Warning
Large setup violation  
There is a large setup violation of -3.061 ns between my_cpu/pc_inst/PCout_reg[1]/C (clocked by sys_clk_pin) and my_cpu/data_mem_inst/memory_reg[2][7]/D (clocked by sys_clk_pin). Large setup violations at the end of those stages might be difficult to fix during the post-placement implementation flow and could be the result of non-optimal XDC constraints or non-optimal design architecture
Related violations: <none>

TIMING-16#193 Warning
Large setup violation  
There is a large setup violation of -3.066 ns between my_cpu/pc_inst/PCout_reg[1]/C (clocked by sys_clk_pin) and my_cpu/data_mem_inst/memory_reg[40][2]/D (clocked by sys_clk_pin). Large setup violations at the end of those stages might be difficult to fix during the post-placement implementation flow and could be the result of non-optimal XDC constraints or non-optimal design architecture
Related violations: <none>

TIMING-16#194 Warning
Large setup violation  
There is a large setup violation of -3.068 ns between my_cpu/pc_inst/PCout_reg[1]/C (clocked by sys_clk_pin) and my_cpu/data_mem_inst/memory_reg[40][5]/D (clocked by sys_clk_pin). Large setup violations at the end of those stages might be difficult to fix during the post-placement implementation flow and could be the result of non-optimal XDC constraints or non-optimal design architecture
Related violations: <none>

TIMING-16#195 Warning
Large setup violation  
There is a large setup violation of -3.069 ns between my_cpu/pc_inst/PCout_reg[1]/C (clocked by sys_clk_pin) and my_cpu/data_mem_inst/memory_reg[17][3]/D (clocked by sys_clk_pin). Large setup violations at the end of those stages might be difficult to fix during the post-placement implementation flow and could be the result of non-optimal XDC constraints or non-optimal design architecture
Related violations: <none>

TIMING-16#196 Warning
Large setup violation  
There is a large setup violation of -3.071 ns between my_cpu/pc_inst/PCout_reg[1]/C (clocked by sys_clk_pin) and my_cpu/data_mem_inst/memory_reg[17][4]/D (clocked by sys_clk_pin). Large setup violations at the end of those stages might be difficult to fix during the post-placement implementation flow and could be the result of non-optimal XDC constraints or non-optimal design architecture
Related violations: <none>

TIMING-16#197 Warning
Large setup violation  
There is a large setup violation of -3.071 ns between my_cpu/pc_inst/PCout_reg[1]/C (clocked by sys_clk_pin) and my_cpu/data_mem_inst/memory_reg[40][1]/D (clocked by sys_clk_pin). Large setup violations at the end of those stages might be difficult to fix during the post-placement implementation flow and could be the result of non-optimal XDC constraints or non-optimal design architecture
Related violations: <none>

TIMING-16#198 Warning
Large setup violation  
There is a large setup violation of -3.074 ns between my_cpu/pc_inst/PCout_reg[1]/C (clocked by sys_clk_pin) and my_cpu/data_mem_inst/memory_reg[3][3]/CE (clocked by sys_clk_pin). Large setup violations at the end of those stages might be difficult to fix during the post-placement implementation flow and could be the result of non-optimal XDC constraints or non-optimal design architecture
Related violations: <none>

TIMING-16#199 Warning
Large setup violation  
There is a large setup violation of -3.074 ns between my_cpu/pc_inst/PCout_reg[1]/C (clocked by sys_clk_pin) and my_cpu/data_mem_inst/memory_reg[3][4]/CE (clocked by sys_clk_pin). Large setup violations at the end of those stages might be difficult to fix during the post-placement implementation flow and could be the result of non-optimal XDC constraints or non-optimal design architecture
Related violations: <none>

TIMING-16#200 Warning
Large setup violation  
There is a large setup violation of -3.074 ns between my_cpu/pc_inst/PCout_reg[1]/C (clocked by sys_clk_pin) and my_cpu/data_mem_inst/memory_reg[3][5]/CE (clocked by sys_clk_pin). Large setup violations at the end of those stages might be difficult to fix during the post-placement implementation flow and could be the result of non-optimal XDC constraints or non-optimal design architecture
Related violations: <none>

TIMING-16#201 Warning
Large setup violation  
There is a large setup violation of -3.083 ns between my_cpu/pc_inst/PCout_reg[1]/C (clocked by sys_clk_pin) and my_cpu/data_mem_inst/memory_reg[36][7]/D (clocked by sys_clk_pin). Large setup violations at the end of those stages might be difficult to fix during the post-placement implementation flow and could be the result of non-optimal XDC constraints or non-optimal design architecture
Related violations: <none>

TIMING-16#202 Warning
Large setup violation  
There is a large setup violation of -3.085 ns between my_cpu/pc_inst/PCout_reg[1]/C (clocked by sys_clk_pin) and my_cpu/data_mem_inst/memory_reg[3][1]/D (clocked by sys_clk_pin). Large setup violations at the end of those stages might be difficult to fix during the post-placement implementation flow and could be the result of non-optimal XDC constraints or non-optimal design architecture
Related violations: <none>

TIMING-16#203 Warning
Large setup violation  
There is a large setup violation of -3.088 ns between my_cpu/pc_inst/PCout_reg[1]/C (clocked by sys_clk_pin) and my_cpu/data_mem_inst/memory_reg[36][6]/D (clocked by sys_clk_pin). Large setup violations at the end of those stages might be difficult to fix during the post-placement implementation flow and could be the result of non-optimal XDC constraints or non-optimal design architecture
Related violations: <none>

TIMING-16#204 Warning
Large setup violation  
There is a large setup violation of -3.095 ns between my_cpu/pc_inst/PCout_reg[1]/C (clocked by sys_clk_pin) and my_cpu/data_mem_inst/memory_reg[17][7]/D (clocked by sys_clk_pin). Large setup violations at the end of those stages might be difficult to fix during the post-placement implementation flow and could be the result of non-optimal XDC constraints or non-optimal design architecture
Related violations: <none>

TIMING-16#205 Warning
Large setup violation  
There is a large setup violation of -3.112 ns between my_cpu/pc_inst/PCout_reg[1]/C (clocked by sys_clk_pin) and my_cpu/data_mem_inst/memory_reg[16][4]/D (clocked by sys_clk_pin). Large setup violations at the end of those stages might be difficult to fix during the post-placement implementation flow and could be the result of non-optimal XDC constraints or non-optimal design architecture
Related violations: <none>

TIMING-16#206 Warning
Large setup violation  
There is a large setup violation of -3.116 ns between my_cpu/pc_inst/PCout_reg[1]/C (clocked by sys_clk_pin) and my_cpu/data_mem_inst/memory_reg[16][3]/D (clocked by sys_clk_pin). Large setup violations at the end of those stages might be difficult to fix during the post-placement implementation flow and could be the result of non-optimal XDC constraints or non-optimal design architecture
Related violations: <none>

TIMING-16#207 Warning
Large setup violation  
There is a large setup violation of -3.121 ns between my_cpu/pc_inst/PCout_reg[1]/C (clocked by sys_clk_pin) and my_cpu/data_mem_inst/memory_reg[2][1]/CE (clocked by sys_clk_pin). Large setup violations at the end of those stages might be difficult to fix during the post-placement implementation flow and could be the result of non-optimal XDC constraints or non-optimal design architecture
Related violations: <none>

TIMING-16#208 Warning
Large setup violation  
There is a large setup violation of -3.121 ns between my_cpu/pc_inst/PCout_reg[1]/C (clocked by sys_clk_pin) and my_cpu/data_mem_inst/memory_reg[2][5]/CE (clocked by sys_clk_pin). Large setup violations at the end of those stages might be difficult to fix during the post-placement implementation flow and could be the result of non-optimal XDC constraints or non-optimal design architecture
Related violations: <none>

TIMING-16#209 Warning
Large setup violation  
There is a large setup violation of -3.121 ns between my_cpu/pc_inst/PCout_reg[1]/C (clocked by sys_clk_pin) and my_cpu/data_mem_inst/memory_reg[2][6]/CE (clocked by sys_clk_pin). Large setup violations at the end of those stages might be difficult to fix during the post-placement implementation flow and could be the result of non-optimal XDC constraints or non-optimal design architecture
Related violations: <none>

TIMING-16#210 Warning
Large setup violation  
There is a large setup violation of -3.122 ns between my_cpu/pc_inst/PCout_reg[1]/C (clocked by sys_clk_pin) and my_cpu/data_mem_inst/memory_reg[13][2]/D (clocked by sys_clk_pin). Large setup violations at the end of those stages might be difficult to fix during the post-placement implementation flow and could be the result of non-optimal XDC constraints or non-optimal design architecture
Related violations: <none>

TIMING-16#211 Warning
Large setup violation  
There is a large setup violation of -3.122 ns between my_cpu/pc_inst/PCout_reg[1]/C (clocked by sys_clk_pin) and my_cpu/data_mem_inst/memory_reg[17][5]/D (clocked by sys_clk_pin). Large setup violations at the end of those stages might be difficult to fix during the post-placement implementation flow and could be the result of non-optimal XDC constraints or non-optimal design architecture
Related violations: <none>

TIMING-16#212 Warning
Large setup violation  
There is a large setup violation of -3.122 ns between my_cpu/pc_inst/PCout_reg[1]/C (clocked by sys_clk_pin) and my_cpu/data_mem_inst/memory_reg[40][7]/D (clocked by sys_clk_pin). Large setup violations at the end of those stages might be difficult to fix during the post-placement implementation flow and could be the result of non-optimal XDC constraints or non-optimal design architecture
Related violations: <none>

TIMING-16#213 Warning
Large setup violation  
There is a large setup violation of -3.124 ns between my_cpu/pc_inst/PCout_reg[1]/C (clocked by sys_clk_pin) and my_cpu/data_mem_inst/memory_reg[17][6]/D (clocked by sys_clk_pin). Large setup violations at the end of those stages might be difficult to fix during the post-placement implementation flow and could be the result of non-optimal XDC constraints or non-optimal design architecture
Related violations: <none>

TIMING-16#214 Warning
Large setup violation  
There is a large setup violation of -3.126 ns between my_cpu/pc_inst/PCout_reg[1]/C (clocked by sys_clk_pin) and my_cpu/data_mem_inst/memory_reg[4][1]/D (clocked by sys_clk_pin). Large setup violations at the end of those stages might be difficult to fix during the post-placement implementation flow and could be the result of non-optimal XDC constraints or non-optimal design architecture
Related violations: <none>

TIMING-16#215 Warning
Large setup violation  
There is a large setup violation of -3.128 ns between my_cpu/pc_inst/PCout_reg[1]/C (clocked by sys_clk_pin) and my_cpu/data_mem_inst/memory_reg[4][5]/D (clocked by sys_clk_pin). Large setup violations at the end of those stages might be difficult to fix during the post-placement implementation flow and could be the result of non-optimal XDC constraints or non-optimal design architecture
Related violations: <none>

TIMING-16#216 Warning
Large setup violation  
There is a large setup violation of -3.141 ns between my_cpu/pc_inst/PCout_reg[1]/C (clocked by sys_clk_pin) and my_cpu/data_mem_inst/memory_reg[32][2]/D (clocked by sys_clk_pin). Large setup violations at the end of those stages might be difficult to fix during the post-placement implementation flow and could be the result of non-optimal XDC constraints or non-optimal design architecture
Related violations: <none>

TIMING-16#217 Warning
Large setup violation  
There is a large setup violation of -3.150 ns between my_cpu/pc_inst/PCout_reg[1]/C (clocked by sys_clk_pin) and my_cpu/data_mem_inst/memory_reg[13][0]/D (clocked by sys_clk_pin). Large setup violations at the end of those stages might be difficult to fix during the post-placement implementation flow and could be the result of non-optimal XDC constraints or non-optimal design architecture
Related violations: <none>

TIMING-16#218 Warning
Large setup violation  
There is a large setup violation of -3.152 ns between my_cpu/pc_inst/PCout_reg[1]/C (clocked by sys_clk_pin) and my_cpu/data_mem_inst/memory_reg[40][3]/D (clocked by sys_clk_pin). Large setup violations at the end of those stages might be difficult to fix during the post-placement implementation flow and could be the result of non-optimal XDC constraints or non-optimal design architecture
Related violations: <none>

TIMING-16#219 Warning
Large setup violation  
There is a large setup violation of -3.152 ns between my_cpu/pc_inst/PCout_reg[1]/C (clocked by sys_clk_pin) and my_cpu/data_mem_inst/memory_reg[48][0]/D (clocked by sys_clk_pin). Large setup violations at the end of those stages might be difficult to fix during the post-placement implementation flow and could be the result of non-optimal XDC constraints or non-optimal design architecture
Related violations: <none>

TIMING-16#220 Warning
Large setup violation  
There is a large setup violation of -3.154 ns between my_cpu/pc_inst/PCout_reg[1]/C (clocked by sys_clk_pin) and my_cpu/data_mem_inst/memory_reg[4][6]/D (clocked by sys_clk_pin). Large setup violations at the end of those stages might be difficult to fix during the post-placement implementation flow and could be the result of non-optimal XDC constraints or non-optimal design architecture
Related violations: <none>

TIMING-16#221 Warning
Large setup violation  
There is a large setup violation of -3.155 ns between my_cpu/pc_inst/PCout_reg[1]/C (clocked by sys_clk_pin) and my_cpu/data_mem_inst/memory_reg[3][0]/D (clocked by sys_clk_pin). Large setup violations at the end of those stages might be difficult to fix during the post-placement implementation flow and could be the result of non-optimal XDC constraints or non-optimal design architecture
Related violations: <none>

TIMING-16#222 Warning
Large setup violation  
There is a large setup violation of -3.160 ns between my_cpu/pc_inst/PCout_reg[1]/C (clocked by sys_clk_pin) and my_cpu/data_mem_inst/memory_reg[16][7]/D (clocked by sys_clk_pin). Large setup violations at the end of those stages might be difficult to fix during the post-placement implementation flow and could be the result of non-optimal XDC constraints or non-optimal design architecture
Related violations: <none>

TIMING-16#223 Warning
Large setup violation  
There is a large setup violation of -3.161 ns between my_cpu/pc_inst/PCout_reg[1]/C (clocked by sys_clk_pin) and my_cpu/data_mem_inst/memory_reg[19][1]/D (clocked by sys_clk_pin). Large setup violations at the end of those stages might be difficult to fix during the post-placement implementation flow and could be the result of non-optimal XDC constraints or non-optimal design architecture
Related violations: <none>

TIMING-16#224 Warning
Large setup violation  
There is a large setup violation of -3.162 ns between my_cpu/pc_inst/PCout_reg[1]/C (clocked by sys_clk_pin) and my_cpu/data_mem_inst/memory_reg[3][2]/D (clocked by sys_clk_pin). Large setup violations at the end of those stages might be difficult to fix during the post-placement implementation flow and could be the result of non-optimal XDC constraints or non-optimal design architecture
Related violations: <none>

TIMING-16#225 Warning
Large setup violation  
There is a large setup violation of -3.163 ns between my_cpu/pc_inst/PCout_reg[1]/C (clocked by sys_clk_pin) and my_cpu/data_mem_inst/memory_reg[55][0]/D (clocked by sys_clk_pin). Large setup violations at the end of those stages might be difficult to fix during the post-placement implementation flow and could be the result of non-optimal XDC constraints or non-optimal design architecture
Related violations: <none>

TIMING-16#226 Warning
Large setup violation  
There is a large setup violation of -3.164 ns between my_cpu/pc_inst/PCout_reg[1]/C (clocked by sys_clk_pin) and my_cpu/data_mem_inst/memory_reg[41][1]/D (clocked by sys_clk_pin). Large setup violations at the end of those stages might be difficult to fix during the post-placement implementation flow and could be the result of non-optimal XDC constraints or non-optimal design architecture
Related violations: <none>

TIMING-16#227 Warning
Large setup violation  
There is a large setup violation of -3.167 ns between my_cpu/pc_inst/PCout_reg[1]/C (clocked by sys_clk_pin) and my_cpu/data_mem_inst/memory_reg[46][3]/D (clocked by sys_clk_pin). Large setup violations at the end of those stages might be difficult to fix during the post-placement implementation flow and could be the result of non-optimal XDC constraints or non-optimal design architecture
Related violations: <none>

TIMING-16#228 Warning
Large setup violation  
There is a large setup violation of -3.170 ns between my_cpu/pc_inst/PCout_reg[1]/C (clocked by sys_clk_pin) and my_cpu/data_mem_inst/memory_reg[55][1]/D (clocked by sys_clk_pin). Large setup violations at the end of those stages might be difficult to fix during the post-placement implementation flow and could be the result of non-optimal XDC constraints or non-optimal design architecture
Related violations: <none>

TIMING-16#229 Warning
Large setup violation  
There is a large setup violation of -3.170 ns between my_cpu/pc_inst/PCout_reg[1]/C (clocked by sys_clk_pin) and my_cpu/data_mem_inst/memory_reg[56][4]/D (clocked by sys_clk_pin). Large setup violations at the end of those stages might be difficult to fix during the post-placement implementation flow and could be the result of non-optimal XDC constraints or non-optimal design architecture
Related violations: <none>

TIMING-16#230 Warning
Large setup violation  
There is a large setup violation of -3.172 ns between my_cpu/pc_inst/PCout_reg[1]/C (clocked by sys_clk_pin) and my_cpu/data_mem_inst/memory_reg[27][5]/D (clocked by sys_clk_pin). Large setup violations at the end of those stages might be difficult to fix during the post-placement implementation flow and could be the result of non-optimal XDC constraints or non-optimal design architecture
Related violations: <none>

TIMING-16#231 Warning
Large setup violation  
There is a large setup violation of -3.173 ns between my_cpu/pc_inst/PCout_reg[1]/C (clocked by sys_clk_pin) and my_cpu/data_mem_inst/memory_reg[2][6]/D (clocked by sys_clk_pin). Large setup violations at the end of those stages might be difficult to fix during the post-placement implementation flow and could be the result of non-optimal XDC constraints or non-optimal design architecture
Related violations: <none>

TIMING-16#232 Warning
Large setup violation  
There is a large setup violation of -3.173 ns between my_cpu/pc_inst/PCout_reg[1]/C (clocked by sys_clk_pin) and my_cpu/data_mem_inst/memory_reg[46][5]/D (clocked by sys_clk_pin). Large setup violations at the end of those stages might be difficult to fix during the post-placement implementation flow and could be the result of non-optimal XDC constraints or non-optimal design architecture
Related violations: <none>

TIMING-16#233 Warning
Large setup violation  
There is a large setup violation of -3.174 ns between my_cpu/pc_inst/PCout_reg[1]/C (clocked by sys_clk_pin) and my_cpu/data_mem_inst/memory_reg[17][0]/D (clocked by sys_clk_pin). Large setup violations at the end of those stages might be difficult to fix during the post-placement implementation flow and could be the result of non-optimal XDC constraints or non-optimal design architecture
Related violations: <none>

TIMING-16#234 Warning
Large setup violation  
There is a large setup violation of -3.174 ns between my_cpu/pc_inst/PCout_reg[1]/C (clocked by sys_clk_pin) and my_cpu/data_mem_inst/memory_reg[17][1]/D (clocked by sys_clk_pin). Large setup violations at the end of those stages might be difficult to fix during the post-placement implementation flow and could be the result of non-optimal XDC constraints or non-optimal design architecture
Related violations: <none>

TIMING-16#235 Warning
Large setup violation  
There is a large setup violation of -3.176 ns between my_cpu/pc_inst/PCout_reg[1]/C (clocked by sys_clk_pin) and my_cpu/data_mem_inst/memory_reg[27][2]/D (clocked by sys_clk_pin). Large setup violations at the end of those stages might be difficult to fix during the post-placement implementation flow and could be the result of non-optimal XDC constraints or non-optimal design architecture
Related violations: <none>

TIMING-16#236 Warning
Large setup violation  
There is a large setup violation of -3.178 ns between my_cpu/pc_inst/PCout_reg[1]/C (clocked by sys_clk_pin) and my_cpu/data_mem_inst/memory_reg[27][4]/D (clocked by sys_clk_pin). Large setup violations at the end of those stages might be difficult to fix during the post-placement implementation flow and could be the result of non-optimal XDC constraints or non-optimal design architecture
Related violations: <none>

TIMING-16#237 Warning
Large setup violation  
There is a large setup violation of -3.178 ns between my_cpu/pc_inst/PCout_reg[1]/C (clocked by sys_clk_pin) and my_cpu/data_mem_inst/memory_reg[4][3]/D (clocked by sys_clk_pin). Large setup violations at the end of those stages might be difficult to fix during the post-placement implementation flow and could be the result of non-optimal XDC constraints or non-optimal design architecture
Related violations: <none>

TIMING-16#238 Warning
Large setup violation  
There is a large setup violation of -3.178 ns between my_cpu/pc_inst/PCout_reg[1]/C (clocked by sys_clk_pin) and my_cpu/data_mem_inst/memory_reg[53][7]/D (clocked by sys_clk_pin). Large setup violations at the end of those stages might be difficult to fix during the post-placement implementation flow and could be the result of non-optimal XDC constraints or non-optimal design architecture
Related violations: <none>

TIMING-16#239 Warning
Large setup violation  
There is a large setup violation of -3.179 ns between my_cpu/pc_inst/PCout_reg[1]/C (clocked by sys_clk_pin) and my_cpu/data_mem_inst/memory_reg[16][2]/D (clocked by sys_clk_pin). Large setup violations at the end of those stages might be difficult to fix during the post-placement implementation flow and could be the result of non-optimal XDC constraints or non-optimal design architecture
Related violations: <none>

TIMING-16#240 Warning
Large setup violation  
There is a large setup violation of -3.180 ns between my_cpu/pc_inst/PCout_reg[1]/C (clocked by sys_clk_pin) and my_cpu/data_mem_inst/memory_reg[10][5]/D (clocked by sys_clk_pin). Large setup violations at the end of those stages might be difficult to fix during the post-placement implementation flow and could be the result of non-optimal XDC constraints or non-optimal design architecture
Related violations: <none>

TIMING-16#241 Warning
Large setup violation  
There is a large setup violation of -3.181 ns between my_cpu/pc_inst/PCout_reg[1]/C (clocked by sys_clk_pin) and my_cpu/data_mem_inst/memory_reg[32][0]/D (clocked by sys_clk_pin). Large setup violations at the end of those stages might be difficult to fix during the post-placement implementation flow and could be the result of non-optimal XDC constraints or non-optimal design architecture
Related violations: <none>

TIMING-16#242 Warning
Large setup violation  
There is a large setup violation of -3.182 ns between my_cpu/pc_inst/PCout_reg[1]/C (clocked by sys_clk_pin) and my_cpu/data_mem_inst/memory_reg[16][5]/D (clocked by sys_clk_pin). Large setup violations at the end of those stages might be difficult to fix during the post-placement implementation flow and could be the result of non-optimal XDC constraints or non-optimal design architecture
Related violations: <none>

TIMING-16#243 Warning
Large setup violation  
There is a large setup violation of -3.184 ns between my_cpu/pc_inst/PCout_reg[1]/C (clocked by sys_clk_pin) and my_cpu/data_mem_inst/memory_reg[32][1]/D (clocked by sys_clk_pin). Large setup violations at the end of those stages might be difficult to fix during the post-placement implementation flow and could be the result of non-optimal XDC constraints or non-optimal design architecture
Related violations: <none>

TIMING-16#244 Warning
Large setup violation  
There is a large setup violation of -3.186 ns between my_cpu/pc_inst/PCout_reg[1]/C (clocked by sys_clk_pin) and my_cpu/data_mem_inst/memory_reg[25][0]/D (clocked by sys_clk_pin). Large setup violations at the end of those stages might be difficult to fix during the post-placement implementation flow and could be the result of non-optimal XDC constraints or non-optimal design architecture
Related violations: <none>

TIMING-16#245 Warning
Large setup violation  
There is a large setup violation of -3.189 ns between my_cpu/pc_inst/PCout_reg[1]/C (clocked by sys_clk_pin) and my_cpu/data_mem_inst/memory_reg[16][0]/D (clocked by sys_clk_pin). Large setup violations at the end of those stages might be difficult to fix during the post-placement implementation flow and could be the result of non-optimal XDC constraints or non-optimal design architecture
Related violations: <none>

TIMING-16#246 Warning
Large setup violation  
There is a large setup violation of -3.196 ns between my_cpu/pc_inst/PCout_reg[1]/C (clocked by sys_clk_pin) and my_cpu/data_mem_inst/memory_reg[40][4]/D (clocked by sys_clk_pin). Large setup violations at the end of those stages might be difficult to fix during the post-placement implementation flow and could be the result of non-optimal XDC constraints or non-optimal design architecture
Related violations: <none>

TIMING-16#247 Warning
Large setup violation  
There is a large setup violation of -3.199 ns between my_cpu/pc_inst/PCout_reg[1]/C (clocked by sys_clk_pin) and my_cpu/data_mem_inst/memory_reg[53][5]/D (clocked by sys_clk_pin). Large setup violations at the end of those stages might be difficult to fix during the post-placement implementation flow and could be the result of non-optimal XDC constraints or non-optimal design architecture
Related violations: <none>

TIMING-16#248 Warning
Large setup violation  
There is a large setup violation of -3.206 ns between my_cpu/pc_inst/PCout_reg[1]/C (clocked by sys_clk_pin) and my_cpu/data_mem_inst/memory_reg[25][7]/D (clocked by sys_clk_pin). Large setup violations at the end of those stages might be difficult to fix during the post-placement implementation flow and could be the result of non-optimal XDC constraints or non-optimal design architecture
Related violations: <none>

TIMING-16#249 Warning
Large setup violation  
There is a large setup violation of -3.207 ns between my_cpu/pc_inst/PCout_reg[1]/C (clocked by sys_clk_pin) and my_cpu/data_mem_inst/memory_reg[3][5]/D (clocked by sys_clk_pin). Large setup violations at the end of those stages might be difficult to fix during the post-placement implementation flow and could be the result of non-optimal XDC constraints or non-optimal design architecture
Related violations: <none>

TIMING-16#250 Warning
Large setup violation  
There is a large setup violation of -3.209 ns between my_cpu/pc_inst/PCout_reg[1]/C (clocked by sys_clk_pin) and my_cpu/data_mem_inst/memory_reg[27][3]/D (clocked by sys_clk_pin). Large setup violations at the end of those stages might be difficult to fix during the post-placement implementation flow and could be the result of non-optimal XDC constraints or non-optimal design architecture
Related violations: <none>

TIMING-16#251 Warning
Large setup violation  
There is a large setup violation of -3.209 ns between my_cpu/pc_inst/PCout_reg[1]/C (clocked by sys_clk_pin) and my_cpu/data_mem_inst/memory_reg[2][2]/CE (clocked by sys_clk_pin). Large setup violations at the end of those stages might be difficult to fix during the post-placement implementation flow and could be the result of non-optimal XDC constraints or non-optimal design architecture
Related violations: <none>

TIMING-16#252 Warning
Large setup violation  
There is a large setup violation of -3.209 ns between my_cpu/pc_inst/PCout_reg[1]/C (clocked by sys_clk_pin) and my_cpu/data_mem_inst/memory_reg[2][3]/CE (clocked by sys_clk_pin). Large setup violations at the end of those stages might be difficult to fix during the post-placement implementation flow and could be the result of non-optimal XDC constraints or non-optimal design architecture
Related violations: <none>

TIMING-16#253 Warning
Large setup violation  
There is a large setup violation of -3.211 ns between my_cpu/pc_inst/PCout_reg[1]/C (clocked by sys_clk_pin) and my_cpu/data_mem_inst/memory_reg[3][0]/CE (clocked by sys_clk_pin). Large setup violations at the end of those stages might be difficult to fix during the post-placement implementation flow and could be the result of non-optimal XDC constraints or non-optimal design architecture
Related violations: <none>

TIMING-16#254 Warning
Large setup violation  
There is a large setup violation of -3.211 ns between my_cpu/pc_inst/PCout_reg[1]/C (clocked by sys_clk_pin) and my_cpu/data_mem_inst/memory_reg[3][2]/CE (clocked by sys_clk_pin). Large setup violations at the end of those stages might be difficult to fix during the post-placement implementation flow and could be the result of non-optimal XDC constraints or non-optimal design architecture
Related violations: <none>

TIMING-16#255 Warning
Large setup violation  
There is a large setup violation of -3.211 ns between my_cpu/pc_inst/PCout_reg[1]/C (clocked by sys_clk_pin) and my_cpu/data_mem_inst/memory_reg[3][3]/D (clocked by sys_clk_pin). Large setup violations at the end of those stages might be difficult to fix during the post-placement implementation flow and could be the result of non-optimal XDC constraints or non-optimal design architecture
Related violations: <none>

TIMING-16#256 Warning
Large setup violation  
There is a large setup violation of -3.211 ns between my_cpu/pc_inst/PCout_reg[1]/C (clocked by sys_clk_pin) and my_cpu/data_mem_inst/memory_reg[3][6]/CE (clocked by sys_clk_pin). Large setup violations at the end of those stages might be difficult to fix during the post-placement implementation flow and could be the result of non-optimal XDC constraints or non-optimal design architecture
Related violations: <none>

TIMING-16#257 Warning
Large setup violation  
There is a large setup violation of -3.211 ns between my_cpu/pc_inst/PCout_reg[1]/C (clocked by sys_clk_pin) and my_cpu/data_mem_inst/memory_reg[3][7]/CE (clocked by sys_clk_pin). Large setup violations at the end of those stages might be difficult to fix during the post-placement implementation flow and could be the result of non-optimal XDC constraints or non-optimal design architecture
Related violations: <none>

TIMING-16#258 Warning
Large setup violation  
There is a large setup violation of -3.213 ns between my_cpu/pc_inst/PCout_reg[1]/C (clocked by sys_clk_pin) and my_cpu/data_mem_inst/memory_reg[25][6]/D (clocked by sys_clk_pin). Large setup violations at the end of those stages might be difficult to fix during the post-placement implementation flow and could be the result of non-optimal XDC constraints or non-optimal design architecture
Related violations: <none>

TIMING-16#259 Warning
Large setup violation  
There is a large setup violation of -3.213 ns between my_cpu/pc_inst/PCout_reg[1]/C (clocked by sys_clk_pin) and my_cpu/data_mem_inst/memory_reg[3][4]/D (clocked by sys_clk_pin). Large setup violations at the end of those stages might be difficult to fix during the post-placement implementation flow and could be the result of non-optimal XDC constraints or non-optimal design architecture
Related violations: <none>

TIMING-16#260 Warning
Large setup violation  
There is a large setup violation of -3.218 ns between my_cpu/pc_inst/PCout_reg[1]/C (clocked by sys_clk_pin) and my_cpu/data_mem_inst/memory_reg[1][2]/CE (clocked by sys_clk_pin). Large setup violations at the end of those stages might be difficult to fix during the post-placement implementation flow and could be the result of non-optimal XDC constraints or non-optimal design architecture
Related violations: <none>

TIMING-16#261 Warning
Large setup violation  
There is a large setup violation of -3.218 ns between my_cpu/pc_inst/PCout_reg[1]/C (clocked by sys_clk_pin) and my_cpu/data_mem_inst/memory_reg[1][3]/CE (clocked by sys_clk_pin). Large setup violations at the end of those stages might be difficult to fix during the post-placement implementation flow and could be the result of non-optimal XDC constraints or non-optimal design architecture
Related violations: <none>

TIMING-16#262 Warning
Large setup violation  
There is a large setup violation of -3.218 ns between my_cpu/pc_inst/PCout_reg[1]/C (clocked by sys_clk_pin) and my_cpu/data_mem_inst/memory_reg[1][5]/CE (clocked by sys_clk_pin). Large setup violations at the end of those stages might be difficult to fix during the post-placement implementation flow and could be the result of non-optimal XDC constraints or non-optimal design architecture
Related violations: <none>

TIMING-16#263 Warning
Large setup violation  
There is a large setup violation of -3.218 ns between my_cpu/pc_inst/PCout_reg[1]/C (clocked by sys_clk_pin) and my_cpu/data_mem_inst/memory_reg[1][6]/CE (clocked by sys_clk_pin). Large setup violations at the end of those stages might be difficult to fix during the post-placement implementation flow and could be the result of non-optimal XDC constraints or non-optimal design architecture
Related violations: <none>

TIMING-16#264 Warning
Large setup violation  
There is a large setup violation of -3.223 ns between my_cpu/pc_inst/PCout_reg[1]/C (clocked by sys_clk_pin) and my_cpu/data_mem_inst/memory_reg[53][0]/D (clocked by sys_clk_pin). Large setup violations at the end of those stages might be difficult to fix during the post-placement implementation flow and could be the result of non-optimal XDC constraints or non-optimal design architecture
Related violations: <none>

TIMING-16#265 Warning
Large setup violation  
There is a large setup violation of -3.225 ns between my_cpu/pc_inst/PCout_reg[1]/C (clocked by sys_clk_pin) and my_cpu/data_mem_inst/memory_reg[1][7]/CE (clocked by sys_clk_pin). Large setup violations at the end of those stages might be difficult to fix during the post-placement implementation flow and could be the result of non-optimal XDC constraints or non-optimal design architecture
Related violations: <none>

TIMING-16#266 Warning
Large setup violation  
There is a large setup violation of -3.229 ns between my_cpu/pc_inst/PCout_reg[1]/C (clocked by sys_clk_pin) and my_cpu/data_mem_inst/memory_reg[2][0]/CE (clocked by sys_clk_pin). Large setup violations at the end of those stages might be difficult to fix during the post-placement implementation flow and could be the result of non-optimal XDC constraints or non-optimal design architecture
Related violations: <none>

TIMING-16#267 Warning
Large setup violation  
There is a large setup violation of -3.235 ns between my_cpu/pc_inst/PCout_reg[1]/C (clocked by sys_clk_pin) and my_cpu/data_mem_inst/memory_reg[55][7]/D (clocked by sys_clk_pin). Large setup violations at the end of those stages might be difficult to fix during the post-placement implementation flow and could be the result of non-optimal XDC constraints or non-optimal design architecture
Related violations: <none>

TIMING-16#268 Warning
Large setup violation  
There is a large setup violation of -3.238 ns between my_cpu/pc_inst/PCout_reg[1]/C (clocked by sys_clk_pin) and my_cpu/data_mem_inst/memory_reg[41][5]/D (clocked by sys_clk_pin). Large setup violations at the end of those stages might be difficult to fix during the post-placement implementation flow and could be the result of non-optimal XDC constraints or non-optimal design architecture
Related violations: <none>

TIMING-16#269 Warning
Large setup violation  
There is a large setup violation of -3.245 ns between my_cpu/pc_inst/PCout_reg[1]/C (clocked by sys_clk_pin) and my_cpu/data_mem_inst/memory_reg[3][6]/D (clocked by sys_clk_pin). Large setup violations at the end of those stages might be difficult to fix during the post-placement implementation flow and could be the result of non-optimal XDC constraints or non-optimal design architecture
Related violations: <none>

TIMING-16#270 Warning
Large setup violation  
There is a large setup violation of -3.252 ns between my_cpu/pc_inst/PCout_reg[1]/C (clocked by sys_clk_pin) and my_cpu/data_mem_inst/memory_reg[41][2]/D (clocked by sys_clk_pin). Large setup violations at the end of those stages might be difficult to fix during the post-placement implementation flow and could be the result of non-optimal XDC constraints or non-optimal design architecture
Related violations: <none>

TIMING-16#271 Warning
Large setup violation  
There is a large setup violation of -3.253 ns between my_cpu/pc_inst/PCout_reg[1]/C (clocked by sys_clk_pin) and my_cpu/data_mem_inst/memory_reg[55][3]/D (clocked by sys_clk_pin). Large setup violations at the end of those stages might be difficult to fix during the post-placement implementation flow and could be the result of non-optimal XDC constraints or non-optimal design architecture
Related violations: <none>

TIMING-16#272 Warning
Large setup violation  
There is a large setup violation of -3.254 ns between my_cpu/pc_inst/PCout_reg[1]/C (clocked by sys_clk_pin) and my_cpu/data_mem_inst/memory_reg[3][7]/D (clocked by sys_clk_pin). Large setup violations at the end of those stages might be difficult to fix during the post-placement implementation flow and could be the result of non-optimal XDC constraints or non-optimal design architecture
Related violations: <none>

TIMING-16#273 Warning
Large setup violation  
There is a large setup violation of -3.257 ns between my_cpu/pc_inst/PCout_reg[1]/C (clocked by sys_clk_pin) and my_cpu/data_mem_inst/memory_reg[41][0]/D (clocked by sys_clk_pin). Large setup violations at the end of those stages might be difficult to fix during the post-placement implementation flow and could be the result of non-optimal XDC constraints or non-optimal design architecture
Related violations: <none>

TIMING-16#274 Warning
Large setup violation  
There is a large setup violation of -3.258 ns between my_cpu/pc_inst/PCout_reg[1]/C (clocked by sys_clk_pin) and my_cpu/data_mem_inst/memory_reg[26][5]/CE (clocked by sys_clk_pin). Large setup violations at the end of those stages might be difficult to fix during the post-placement implementation flow and could be the result of non-optimal XDC constraints or non-optimal design architecture
Related violations: <none>

TIMING-16#275 Warning
Large setup violation  
There is a large setup violation of -3.259 ns between my_cpu/pc_inst/PCout_reg[1]/C (clocked by sys_clk_pin) and my_cpu/data_mem_inst/memory_reg[20][7]/D (clocked by sys_clk_pin). Large setup violations at the end of those stages might be difficult to fix during the post-placement implementation flow and could be the result of non-optimal XDC constraints or non-optimal design architecture
Related violations: <none>

TIMING-16#276 Warning
Large setup violation  
There is a large setup violation of -3.259 ns between my_cpu/pc_inst/PCout_reg[1]/C (clocked by sys_clk_pin) and my_cpu/data_mem_inst/memory_reg[27][3]/CE (clocked by sys_clk_pin). Large setup violations at the end of those stages might be difficult to fix during the post-placement implementation flow and could be the result of non-optimal XDC constraints or non-optimal design architecture
Related violations: <none>

TIMING-16#277 Warning
Large setup violation  
There is a large setup violation of -3.260 ns between my_cpu/pc_inst/PCout_reg[1]/C (clocked by sys_clk_pin) and my_cpu/data_mem_inst/memory_reg[3][1]/CE (clocked by sys_clk_pin). Large setup violations at the end of those stages might be difficult to fix during the post-placement implementation flow and could be the result of non-optimal XDC constraints or non-optimal design architecture
Related violations: <none>

TIMING-16#278 Warning
Large setup violation  
There is a large setup violation of -3.261 ns between my_cpu/pc_inst/PCout_reg[1]/C (clocked by sys_clk_pin) and my_cpu/data_mem_inst/memory_reg[53][4]/D (clocked by sys_clk_pin). Large setup violations at the end of those stages might be difficult to fix during the post-placement implementation flow and could be the result of non-optimal XDC constraints or non-optimal design architecture
Related violations: <none>

TIMING-16#279 Warning
Large setup violation  
There is a large setup violation of -3.262 ns between my_cpu/pc_inst/PCout_reg[1]/C (clocked by sys_clk_pin) and my_cpu/data_mem_inst/memory_reg[36][0]/D (clocked by sys_clk_pin). Large setup violations at the end of those stages might be difficult to fix during the post-placement implementation flow and could be the result of non-optimal XDC constraints or non-optimal design architecture
Related violations: <none>

TIMING-16#280 Warning
Large setup violation  
There is a large setup violation of -3.267 ns between my_cpu/pc_inst/PCout_reg[1]/C (clocked by sys_clk_pin) and my_cpu/data_mem_inst/memory_reg[48][2]/D (clocked by sys_clk_pin). Large setup violations at the end of those stages might be difficult to fix during the post-placement implementation flow and could be the result of non-optimal XDC constraints or non-optimal design architecture
Related violations: <none>

TIMING-16#281 Warning
Large setup violation  
There is a large setup violation of -3.271 ns between my_cpu/pc_inst/PCout_reg[1]/C (clocked by sys_clk_pin) and my_cpu/data_mem_inst/memory_reg[56][5]/D (clocked by sys_clk_pin). Large setup violations at the end of those stages might be difficult to fix during the post-placement implementation flow and could be the result of non-optimal XDC constraints or non-optimal design architecture
Related violations: <none>

TIMING-16#282 Warning
Large setup violation  
There is a large setup violation of -3.276 ns between my_cpu/pc_inst/PCout_reg[1]/C (clocked by sys_clk_pin) and my_cpu/data_mem_inst/memory_reg[1][1]/CE (clocked by sys_clk_pin). Large setup violations at the end of those stages might be difficult to fix during the post-placement implementation flow and could be the result of non-optimal XDC constraints or non-optimal design architecture
Related violations: <none>

TIMING-16#283 Warning
Large setup violation  
There is a large setup violation of -3.283 ns between my_cpu/pc_inst/PCout_reg[1]/C (clocked by sys_clk_pin) and my_cpu/data_mem_inst/memory_reg[32][4]/D (clocked by sys_clk_pin). Large setup violations at the end of those stages might be difficult to fix during the post-placement implementation flow and could be the result of non-optimal XDC constraints or non-optimal design architecture
Related violations: <none>

TIMING-16#284 Warning
Large setup violation  
There is a large setup violation of -3.286 ns between my_cpu/pc_inst/PCout_reg[1]/C (clocked by sys_clk_pin) and my_cpu/data_mem_inst/memory_reg[48][4]/D (clocked by sys_clk_pin). Large setup violations at the end of those stages might be difficult to fix during the post-placement implementation flow and could be the result of non-optimal XDC constraints or non-optimal design architecture
Related violations: <none>

TIMING-16#285 Warning
Large setup violation  
There is a large setup violation of -3.289 ns between my_cpu/pc_inst/PCout_reg[1]/C (clocked by sys_clk_pin) and my_cpu/data_mem_inst/memory_reg[2][4]/CE (clocked by sys_clk_pin). Large setup violations at the end of those stages might be difficult to fix during the post-placement implementation flow and could be the result of non-optimal XDC constraints or non-optimal design architecture
Related violations: <none>

TIMING-16#286 Warning
Large setup violation  
There is a large setup violation of -3.289 ns between my_cpu/pc_inst/PCout_reg[1]/C (clocked by sys_clk_pin) and my_cpu/data_mem_inst/memory_reg[2][7]/CE (clocked by sys_clk_pin). Large setup violations at the end of those stages might be difficult to fix during the post-placement implementation flow and could be the result of non-optimal XDC constraints or non-optimal design architecture
Related violations: <none>

TIMING-16#287 Warning
Large setup violation  
There is a large setup violation of -3.291 ns between my_cpu/pc_inst/PCout_reg[1]/C (clocked by sys_clk_pin) and my_cpu/data_mem_inst/memory_reg[53][6]/D (clocked by sys_clk_pin). Large setup violations at the end of those stages might be difficult to fix during the post-placement implementation flow and could be the result of non-optimal XDC constraints or non-optimal design architecture
Related violations: <none>

TIMING-16#288 Warning
Large setup violation  
There is a large setup violation of -3.296 ns between my_cpu/pc_inst/PCout_reg[1]/C (clocked by sys_clk_pin) and my_cpu/data_mem_inst/memory_reg[34][1]/D (clocked by sys_clk_pin). Large setup violations at the end of those stages might be difficult to fix during the post-placement implementation flow and could be the result of non-optimal XDC constraints or non-optimal design architecture
Related violations: <none>

TIMING-16#289 Warning
Large setup violation  
There is a large setup violation of -3.298 ns between my_cpu/pc_inst/PCout_reg[1]/C (clocked by sys_clk_pin) and my_cpu/data_mem_inst/memory_reg[55][2]/D (clocked by sys_clk_pin). Large setup violations at the end of those stages might be difficult to fix during the post-placement implementation flow and could be the result of non-optimal XDC constraints or non-optimal design architecture
Related violations: <none>

TIMING-16#290 Warning
Large setup violation  
There is a large setup violation of -3.302 ns between my_cpu/pc_inst/PCout_reg[1]/C (clocked by sys_clk_pin) and my_cpu/data_mem_inst/memory_reg[27][0]/CE (clocked by sys_clk_pin). Large setup violations at the end of those stages might be difficult to fix during the post-placement implementation flow and could be the result of non-optimal XDC constraints or non-optimal design architecture
Related violations: <none>

TIMING-16#291 Warning
Large setup violation  
There is a large setup violation of -3.304 ns between my_cpu/pc_inst/PCout_reg[1]/C (clocked by sys_clk_pin) and my_cpu/data_mem_inst/memory_reg[26][1]/D (clocked by sys_clk_pin). Large setup violations at the end of those stages might be difficult to fix during the post-placement implementation flow and could be the result of non-optimal XDC constraints or non-optimal design architecture
Related violations: <none>

TIMING-16#292 Warning
Large setup violation  
There is a large setup violation of -3.305 ns between my_cpu/pc_inst/PCout_reg[1]/C (clocked by sys_clk_pin) and my_cpu/data_mem_inst/memory_reg[49][2]/CE (clocked by sys_clk_pin). Large setup violations at the end of those stages might be difficult to fix during the post-placement implementation flow and could be the result of non-optimal XDC constraints or non-optimal design architecture
Related violations: <none>

TIMING-16#293 Warning
Large setup violation  
There is a large setup violation of -3.306 ns between my_cpu/pc_inst/PCout_reg[1]/C (clocked by sys_clk_pin) and my_cpu/data_mem_inst/memory_reg[27][1]/D (clocked by sys_clk_pin). Large setup violations at the end of those stages might be difficult to fix during the post-placement implementation flow and could be the result of non-optimal XDC constraints or non-optimal design architecture
Related violations: <none>

TIMING-16#294 Warning
Large setup violation  
There is a large setup violation of -3.307 ns between my_cpu/pc_inst/PCout_reg[1]/C (clocked by sys_clk_pin) and my_cpu/data_mem_inst/memory_reg[41][3]/D (clocked by sys_clk_pin). Large setup violations at the end of those stages might be difficult to fix during the post-placement implementation flow and could be the result of non-optimal XDC constraints or non-optimal design architecture
Related violations: <none>

TIMING-16#295 Warning
Large setup violation  
There is a large setup violation of -3.307 ns between my_cpu/pc_inst/PCout_reg[1]/C (clocked by sys_clk_pin) and my_cpu/data_mem_inst/memory_reg[55][6]/D (clocked by sys_clk_pin). Large setup violations at the end of those stages might be difficult to fix during the post-placement implementation flow and could be the result of non-optimal XDC constraints or non-optimal design architecture
Related violations: <none>

TIMING-16#296 Warning
Large setup violation  
There is a large setup violation of -3.309 ns between my_cpu/pc_inst/PCout_reg[1]/C (clocked by sys_clk_pin) and my_cpu/data_mem_inst/memory_reg[41][7]/D (clocked by sys_clk_pin). Large setup violations at the end of those stages might be difficult to fix during the post-placement implementation flow and could be the result of non-optimal XDC constraints or non-optimal design architecture
Related violations: <none>

TIMING-16#297 Warning
Large setup violation  
There is a large setup violation of -3.310 ns between my_cpu/pc_inst/PCout_reg[1]/C (clocked by sys_clk_pin) and my_cpu/data_mem_inst/memory_reg[36][1]/D (clocked by sys_clk_pin). Large setup violations at the end of those stages might be difficult to fix during the post-placement implementation flow and could be the result of non-optimal XDC constraints or non-optimal design architecture
Related violations: <none>

TIMING-16#298 Warning
Large setup violation  
There is a large setup violation of -3.312 ns between my_cpu/pc_inst/PCout_reg[1]/C (clocked by sys_clk_pin) and my_cpu/data_mem_inst/memory_reg[36][3]/D (clocked by sys_clk_pin). Large setup violations at the end of those stages might be difficult to fix during the post-placement implementation flow and could be the result of non-optimal XDC constraints or non-optimal design architecture
Related violations: <none>

TIMING-16#299 Warning
Large setup violation  
There is a large setup violation of -3.314 ns between my_cpu/pc_inst/PCout_reg[1]/C (clocked by sys_clk_pin) and my_cpu/data_mem_inst/memory_reg[34][7]/D (clocked by sys_clk_pin). Large setup violations at the end of those stages might be difficult to fix during the post-placement implementation flow and could be the result of non-optimal XDC constraints or non-optimal design architecture
Related violations: <none>

TIMING-16#300 Warning
Large setup violation  
There is a large setup violation of -3.315 ns between my_cpu/pc_inst/PCout_reg[1]/C (clocked by sys_clk_pin) and my_cpu/data_mem_inst/memory_reg[25][2]/D (clocked by sys_clk_pin). Large setup violations at the end of those stages might be difficult to fix during the post-placement implementation flow and could be the result of non-optimal XDC constraints or non-optimal design architecture
Related violations: <none>

TIMING-16#301 Warning
Large setup violation  
There is a large setup violation of -3.315 ns between my_cpu/pc_inst/PCout_reg[1]/C (clocked by sys_clk_pin) and my_cpu/data_mem_inst/memory_reg[25][3]/D (clocked by sys_clk_pin). Large setup violations at the end of those stages might be difficult to fix during the post-placement implementation flow and could be the result of non-optimal XDC constraints or non-optimal design architecture
Related violations: <none>

TIMING-16#302 Warning
Large setup violation  
There is a large setup violation of -3.315 ns between my_cpu/pc_inst/PCout_reg[1]/C (clocked by sys_clk_pin) and my_cpu/data_mem_inst/memory_reg[27][6]/D (clocked by sys_clk_pin). Large setup violations at the end of those stages might be difficult to fix during the post-placement implementation flow and could be the result of non-optimal XDC constraints or non-optimal design architecture
Related violations: <none>

TIMING-16#303 Warning
Large setup violation  
There is a large setup violation of -3.315 ns between my_cpu/pc_inst/PCout_reg[1]/C (clocked by sys_clk_pin) and my_cpu/data_mem_inst/memory_reg[41][4]/D (clocked by sys_clk_pin). Large setup violations at the end of those stages might be difficult to fix during the post-placement implementation flow and could be the result of non-optimal XDC constraints or non-optimal design architecture
Related violations: <none>

TIMING-16#304 Warning
Large setup violation  
There is a large setup violation of -3.315 ns between my_cpu/pc_inst/PCout_reg[1]/C (clocked by sys_clk_pin) and my_cpu/data_mem_inst/memory_reg[57][5]/D (clocked by sys_clk_pin). Large setup violations at the end of those stages might be difficult to fix during the post-placement implementation flow and could be the result of non-optimal XDC constraints or non-optimal design architecture
Related violations: <none>

TIMING-16#305 Warning
Large setup violation  
There is a large setup violation of -3.317 ns between my_cpu/pc_inst/PCout_reg[1]/C (clocked by sys_clk_pin) and my_cpu/data_mem_inst/memory_reg[25][4]/D (clocked by sys_clk_pin). Large setup violations at the end of those stages might be difficult to fix during the post-placement implementation flow and could be the result of non-optimal XDC constraints or non-optimal design architecture
Related violations: <none>

TIMING-16#306 Warning
Large setup violation  
There is a large setup violation of -3.318 ns between my_cpu/pc_inst/PCout_reg[1]/C (clocked by sys_clk_pin) and my_cpu/data_mem_inst/memory_reg[25][1]/D (clocked by sys_clk_pin). Large setup violations at the end of those stages might be difficult to fix during the post-placement implementation flow and could be the result of non-optimal XDC constraints or non-optimal design architecture
Related violations: <none>

TIMING-16#307 Warning
Large setup violation  
There is a large setup violation of -3.318 ns between my_cpu/pc_inst/PCout_reg[1]/C (clocked by sys_clk_pin) and my_cpu/data_mem_inst/memory_reg[44][3]/D (clocked by sys_clk_pin). Large setup violations at the end of those stages might be difficult to fix during the post-placement implementation flow and could be the result of non-optimal XDC constraints or non-optimal design architecture
Related violations: <none>

TIMING-16#308 Warning
Large setup violation  
There is a large setup violation of -3.321 ns between my_cpu/pc_inst/PCout_reg[1]/C (clocked by sys_clk_pin) and my_cpu/data_mem_inst/memory_reg[57][0]/D (clocked by sys_clk_pin). Large setup violations at the end of those stages might be difficult to fix during the post-placement implementation flow and could be the result of non-optimal XDC constraints or non-optimal design architecture
Related violations: <none>

TIMING-16#309 Warning
Large setup violation  
There is a large setup violation of -3.325 ns between my_cpu/pc_inst/PCout_reg[1]/C (clocked by sys_clk_pin) and my_cpu/data_mem_inst/memory_reg[10][1]/D (clocked by sys_clk_pin). Large setup violations at the end of those stages might be difficult to fix during the post-placement implementation flow and could be the result of non-optimal XDC constraints or non-optimal design architecture
Related violations: <none>

TIMING-16#310 Warning
Large setup violation  
There is a large setup violation of -3.328 ns between my_cpu/pc_inst/PCout_reg[1]/C (clocked by sys_clk_pin) and my_cpu/data_mem_inst/memory_reg[47][6]/CE (clocked by sys_clk_pin). Large setup violations at the end of those stages might be difficult to fix during the post-placement implementation flow and could be the result of non-optimal XDC constraints or non-optimal design architecture
Related violations: <none>

TIMING-16#311 Warning
Large setup violation  
There is a large setup violation of -3.330 ns between my_cpu/pc_inst/PCout_reg[1]/C (clocked by sys_clk_pin) and my_cpu/data_mem_inst/memory_reg[10][0]/D (clocked by sys_clk_pin). Large setup violations at the end of those stages might be difficult to fix during the post-placement implementation flow and could be the result of non-optimal XDC constraints or non-optimal design architecture
Related violations: <none>

TIMING-16#312 Warning
Large setup violation  
There is a large setup violation of -3.330 ns between my_cpu/pc_inst/PCout_reg[1]/C (clocked by sys_clk_pin) and my_cpu/data_mem_inst/memory_reg[26][6]/D (clocked by sys_clk_pin). Large setup violations at the end of those stages might be difficult to fix during the post-placement implementation flow and could be the result of non-optimal XDC constraints or non-optimal design architecture
Related violations: <none>

TIMING-16#313 Warning
Large setup violation  
There is a large setup violation of -3.336 ns between my_cpu/pc_inst/PCout_reg[1]/C (clocked by sys_clk_pin) and my_cpu/data_mem_inst/memory_reg[56][1]/D (clocked by sys_clk_pin). Large setup violations at the end of those stages might be difficult to fix during the post-placement implementation flow and could be the result of non-optimal XDC constraints or non-optimal design architecture
Related violations: <none>

TIMING-16#314 Warning
Large setup violation  
There is a large setup violation of -3.338 ns between my_cpu/pc_inst/PCout_reg[1]/C (clocked by sys_clk_pin) and my_cpu/data_mem_inst/memory_reg[57][4]/D (clocked by sys_clk_pin). Large setup violations at the end of those stages might be difficult to fix during the post-placement implementation flow and could be the result of non-optimal XDC constraints or non-optimal design architecture
Related violations: <none>

TIMING-16#315 Warning
Large setup violation  
There is a large setup violation of -3.340 ns between my_cpu/pc_inst/PCout_reg[1]/C (clocked by sys_clk_pin) and my_cpu/data_mem_inst/memory_reg[16][6]/D (clocked by sys_clk_pin). Large setup violations at the end of those stages might be difficult to fix during the post-placement implementation flow and could be the result of non-optimal XDC constraints or non-optimal design architecture
Related violations: <none>

TIMING-16#316 Warning
Large setup violation  
There is a large setup violation of -3.342 ns between my_cpu/pc_inst/PCout_reg[1]/C (clocked by sys_clk_pin) and my_cpu/data_mem_inst/memory_reg[26][1]/CE (clocked by sys_clk_pin). Large setup violations at the end of those stages might be difficult to fix during the post-placement implementation flow and could be the result of non-optimal XDC constraints or non-optimal design architecture
Related violations: <none>

TIMING-16#317 Warning
Large setup violation  
There is a large setup violation of -3.342 ns between my_cpu/pc_inst/PCout_reg[1]/C (clocked by sys_clk_pin) and my_cpu/data_mem_inst/memory_reg[26][2]/CE (clocked by sys_clk_pin). Large setup violations at the end of those stages might be difficult to fix during the post-placement implementation flow and could be the result of non-optimal XDC constraints or non-optimal design architecture
Related violations: <none>

TIMING-16#318 Warning
Large setup violation  
There is a large setup violation of -3.342 ns between my_cpu/pc_inst/PCout_reg[1]/C (clocked by sys_clk_pin) and my_cpu/data_mem_inst/memory_reg[48][5]/D (clocked by sys_clk_pin). Large setup violations at the end of those stages might be difficult to fix during the post-placement implementation flow and could be the result of non-optimal XDC constraints or non-optimal design architecture
Related violations: <none>

TIMING-16#319 Warning
Large setup violation  
There is a large setup violation of -3.346 ns between my_cpu/pc_inst/PCout_reg[1]/C (clocked by sys_clk_pin) and my_cpu/data_mem_inst/memory_reg[34][3]/D (clocked by sys_clk_pin). Large setup violations at the end of those stages might be difficult to fix during the post-placement implementation flow and could be the result of non-optimal XDC constraints or non-optimal design architecture
Related violations: <none>

TIMING-16#320 Warning
Large setup violation  
There is a large setup violation of -3.347 ns between my_cpu/pc_inst/PCout_reg[1]/C (clocked by sys_clk_pin) and my_cpu/data_mem_inst/memory_reg[28][5]/D (clocked by sys_clk_pin). Large setup violations at the end of those stages might be difficult to fix during the post-placement implementation flow and could be the result of non-optimal XDC constraints or non-optimal design architecture
Related violations: <none>

TIMING-16#321 Warning
Large setup violation  
There is a large setup violation of -3.348 ns between my_cpu/pc_inst/PCout_reg[1]/C (clocked by sys_clk_pin) and my_cpu/data_mem_inst/memory_reg[0][5]/CE (clocked by sys_clk_pin). Large setup violations at the end of those stages might be difficult to fix during the post-placement implementation flow and could be the result of non-optimal XDC constraints or non-optimal design architecture
Related violations: <none>

TIMING-16#322 Warning
Large setup violation  
There is a large setup violation of -3.349 ns between my_cpu/pc_inst/PCout_reg[1]/C (clocked by sys_clk_pin) and my_cpu/data_mem_inst/memory_reg[33][0]/CE (clocked by sys_clk_pin). Large setup violations at the end of those stages might be difficult to fix during the post-placement implementation flow and could be the result of non-optimal XDC constraints or non-optimal design architecture
Related violations: <none>

TIMING-16#323 Warning
Large setup violation  
There is a large setup violation of -3.349 ns between my_cpu/pc_inst/PCout_reg[1]/C (clocked by sys_clk_pin) and my_cpu/data_mem_inst/memory_reg[33][1]/CE (clocked by sys_clk_pin). Large setup violations at the end of those stages might be difficult to fix during the post-placement implementation flow and could be the result of non-optimal XDC constraints or non-optimal design architecture
Related violations: <none>

TIMING-16#324 Warning
Large setup violation  
There is a large setup violation of -3.349 ns between my_cpu/pc_inst/PCout_reg[1]/C (clocked by sys_clk_pin) and my_cpu/data_mem_inst/memory_reg[33][5]/CE (clocked by sys_clk_pin). Large setup violations at the end of those stages might be difficult to fix during the post-placement implementation flow and could be the result of non-optimal XDC constraints or non-optimal design architecture
Related violations: <none>

TIMING-16#325 Warning
Large setup violation  
There is a large setup violation of -3.349 ns between my_cpu/pc_inst/PCout_reg[1]/C (clocked by sys_clk_pin) and my_cpu/data_mem_inst/memory_reg[33][6]/CE (clocked by sys_clk_pin). Large setup violations at the end of those stages might be difficult to fix during the post-placement implementation flow and could be the result of non-optimal XDC constraints or non-optimal design architecture
Related violations: <none>

TIMING-16#326 Warning
Large setup violation  
There is a large setup violation of -3.349 ns between my_cpu/pc_inst/PCout_reg[1]/C (clocked by sys_clk_pin) and my_cpu/data_mem_inst/memory_reg[44][1]/D (clocked by sys_clk_pin). Large setup violations at the end of those stages might be difficult to fix during the post-placement implementation flow and could be the result of non-optimal XDC constraints or non-optimal design architecture
Related violations: <none>

TIMING-16#327 Warning
Large setup violation  
There is a large setup violation of -3.349 ns between my_cpu/pc_inst/PCout_reg[1]/C (clocked by sys_clk_pin) and my_cpu/data_mem_inst/memory_reg[48][1]/D (clocked by sys_clk_pin). Large setup violations at the end of those stages might be difficult to fix during the post-placement implementation flow and could be the result of non-optimal XDC constraints or non-optimal design architecture
Related violations: <none>

TIMING-16#328 Warning
Large setup violation  
There is a large setup violation of -3.351 ns between my_cpu/pc_inst/PCout_reg[1]/C (clocked by sys_clk_pin) and my_cpu/data_mem_inst/memory_reg[26][4]/CE (clocked by sys_clk_pin). Large setup violations at the end of those stages might be difficult to fix during the post-placement implementation flow and could be the result of non-optimal XDC constraints or non-optimal design architecture
Related violations: <none>

TIMING-16#329 Warning
Large setup violation  
There is a large setup violation of -3.351 ns between my_cpu/pc_inst/PCout_reg[1]/C (clocked by sys_clk_pin) and my_cpu/data_mem_inst/memory_reg[36][5]/D (clocked by sys_clk_pin). Large setup violations at the end of those stages might be difficult to fix during the post-placement implementation flow and could be the result of non-optimal XDC constraints or non-optimal design architecture
Related violations: <none>

TIMING-16#330 Warning
Large setup violation  
There is a large setup violation of -3.351 ns between my_cpu/pc_inst/PCout_reg[1]/C (clocked by sys_clk_pin) and my_cpu/data_mem_inst/memory_reg[57][6]/D (clocked by sys_clk_pin). Large setup violations at the end of those stages might be difficult to fix during the post-placement implementation flow and could be the result of non-optimal XDC constraints or non-optimal design architecture
Related violations: <none>

TIMING-16#331 Warning
Large setup violation  
There is a large setup violation of -3.353 ns between my_cpu/pc_inst/PCout_reg[1]/C (clocked by sys_clk_pin) and my_cpu/data_mem_inst/memory_reg[34][0]/D (clocked by sys_clk_pin). Large setup violations at the end of those stages might be difficult to fix during the post-placement implementation flow and could be the result of non-optimal XDC constraints or non-optimal design architecture
Related violations: <none>

TIMING-16#332 Warning
Large setup violation  
There is a large setup violation of -3.354 ns between my_cpu/pc_inst/PCout_reg[1]/C (clocked by sys_clk_pin) and my_cpu/data_mem_inst/memory_reg[56][7]/D (clocked by sys_clk_pin). Large setup violations at the end of those stages might be difficult to fix during the post-placement implementation flow and could be the result of non-optimal XDC constraints or non-optimal design architecture
Related violations: <none>

TIMING-16#333 Warning
Large setup violation  
There is a large setup violation of -3.355 ns between my_cpu/pc_inst/PCout_reg[1]/C (clocked by sys_clk_pin) and my_cpu/data_mem_inst/memory_reg[57][7]/D (clocked by sys_clk_pin). Large setup violations at the end of those stages might be difficult to fix during the post-placement implementation flow and could be the result of non-optimal XDC constraints or non-optimal design architecture
Related violations: <none>

TIMING-16#334 Warning
Large setup violation  
There is a large setup violation of -3.357 ns between my_cpu/pc_inst/PCout_reg[1]/C (clocked by sys_clk_pin) and my_cpu/data_mem_inst/memory_reg[20][3]/D (clocked by sys_clk_pin). Large setup violations at the end of those stages might be difficult to fix during the post-placement implementation flow and could be the result of non-optimal XDC constraints or non-optimal design architecture
Related violations: <none>

TIMING-16#335 Warning
Large setup violation  
There is a large setup violation of -3.357 ns between my_cpu/pc_inst/PCout_reg[1]/C (clocked by sys_clk_pin) and my_cpu/data_mem_inst/memory_reg[36][0]/CE (clocked by sys_clk_pin). Large setup violations at the end of those stages might be difficult to fix during the post-placement implementation flow and could be the result of non-optimal XDC constraints or non-optimal design architecture
Related violations: <none>

TIMING-16#336 Warning
Large setup violation  
There is a large setup violation of -3.359 ns between my_cpu/pc_inst/PCout_reg[1]/C (clocked by sys_clk_pin) and my_cpu/data_mem_inst/memory_reg[55][4]/D (clocked by sys_clk_pin). Large setup violations at the end of those stages might be difficult to fix during the post-placement implementation flow and could be the result of non-optimal XDC constraints or non-optimal design architecture
Related violations: <none>

TIMING-16#337 Warning
Large setup violation  
There is a large setup violation of -3.362 ns between my_cpu/pc_inst/PCout_reg[1]/C (clocked by sys_clk_pin) and my_cpu/data_mem_inst/memory_reg[24][1]/CE (clocked by sys_clk_pin). Large setup violations at the end of those stages might be difficult to fix during the post-placement implementation flow and could be the result of non-optimal XDC constraints or non-optimal design architecture
Related violations: <none>

TIMING-16#338 Warning
Large setup violation  
There is a large setup violation of -3.362 ns between my_cpu/pc_inst/PCout_reg[1]/C (clocked by sys_clk_pin) and my_cpu/data_mem_inst/memory_reg[24][5]/CE (clocked by sys_clk_pin). Large setup violations at the end of those stages might be difficult to fix during the post-placement implementation flow and could be the result of non-optimal XDC constraints or non-optimal design architecture
Related violations: <none>

TIMING-16#339 Warning
Large setup violation  
There is a large setup violation of -3.362 ns between my_cpu/pc_inst/PCout_reg[1]/C (clocked by sys_clk_pin) and my_cpu/data_mem_inst/memory_reg[24][7]/CE (clocked by sys_clk_pin). Large setup violations at the end of those stages might be difficult to fix during the post-placement implementation flow and could be the result of non-optimal XDC constraints or non-optimal design architecture
Related violations: <none>

TIMING-16#340 Warning
Large setup violation  
There is a large setup violation of -3.362 ns between my_cpu/pc_inst/PCout_reg[1]/C (clocked by sys_clk_pin) and my_cpu/data_mem_inst/memory_reg[26][3]/CE (clocked by sys_clk_pin). Large setup violations at the end of those stages might be difficult to fix during the post-placement implementation flow and could be the result of non-optimal XDC constraints or non-optimal design architecture
Related violations: <none>

TIMING-16#341 Warning
Large setup violation  
There is a large setup violation of -3.362 ns between my_cpu/pc_inst/PCout_reg[1]/C (clocked by sys_clk_pin) and my_cpu/data_mem_inst/memory_reg[4][7]/D (clocked by sys_clk_pin). Large setup violations at the end of those stages might be difficult to fix during the post-placement implementation flow and could be the result of non-optimal XDC constraints or non-optimal design architecture
Related violations: <none>

TIMING-16#342 Warning
Large setup violation  
There is a large setup violation of -3.363 ns between my_cpu/pc_inst/PCout_reg[1]/C (clocked by sys_clk_pin) and my_cpu/data_mem_inst/memory_reg[44][4]/D (clocked by sys_clk_pin). Large setup violations at the end of those stages might be difficult to fix during the post-placement implementation flow and could be the result of non-optimal XDC constraints or non-optimal design architecture
Related violations: <none>

TIMING-16#343 Warning
Large setup violation  
There is a large setup violation of -3.364 ns between my_cpu/pc_inst/PCout_reg[1]/C (clocked by sys_clk_pin) and my_cpu/data_mem_inst/memory_reg[10][2]/D (clocked by sys_clk_pin). Large setup violations at the end of those stages might be difficult to fix during the post-placement implementation flow and could be the result of non-optimal XDC constraints or non-optimal design architecture
Related violations: <none>

TIMING-16#344 Warning
Large setup violation  
There is a large setup violation of -3.369 ns between my_cpu/pc_inst/PCout_reg[1]/C (clocked by sys_clk_pin) and my_cpu/data_mem_inst/memory_reg[26][0]/CE (clocked by sys_clk_pin). Large setup violations at the end of those stages might be difficult to fix during the post-placement implementation flow and could be the result of non-optimal XDC constraints or non-optimal design architecture
Related violations: <none>

TIMING-16#345 Warning
Large setup violation  
There is a large setup violation of -3.375 ns between my_cpu/pc_inst/PCout_reg[1]/C (clocked by sys_clk_pin) and my_cpu/data_mem_inst/memory_reg[22][1]/CE (clocked by sys_clk_pin). Large setup violations at the end of those stages might be difficult to fix during the post-placement implementation flow and could be the result of non-optimal XDC constraints or non-optimal design architecture
Related violations: <none>

TIMING-16#346 Warning
Large setup violation  
There is a large setup violation of -3.375 ns between my_cpu/pc_inst/PCout_reg[1]/C (clocked by sys_clk_pin) and my_cpu/data_mem_inst/memory_reg[22][3]/CE (clocked by sys_clk_pin). Large setup violations at the end of those stages might be difficult to fix during the post-placement implementation flow and could be the result of non-optimal XDC constraints or non-optimal design architecture
Related violations: <none>

TIMING-16#347 Warning
Large setup violation  
There is a large setup violation of -3.377 ns between my_cpu/pc_inst/PCout_reg[1]/C (clocked by sys_clk_pin) and my_cpu/data_mem_inst/memory_reg[46][6]/D (clocked by sys_clk_pin). Large setup violations at the end of those stages might be difficult to fix during the post-placement implementation flow and could be the result of non-optimal XDC constraints or non-optimal design architecture
Related violations: <none>

TIMING-16#348 Warning
Large setup violation  
There is a large setup violation of -3.384 ns between my_cpu/pc_inst/PCout_reg[1]/C (clocked by sys_clk_pin) and my_cpu/data_mem_inst/memory_reg[24][7]/D (clocked by sys_clk_pin). Large setup violations at the end of those stages might be difficult to fix during the post-placement implementation flow and could be the result of non-optimal XDC constraints or non-optimal design architecture
Related violations: <none>

TIMING-16#349 Warning
Large setup violation  
There is a large setup violation of -3.386 ns between my_cpu/pc_inst/PCout_reg[1]/C (clocked by sys_clk_pin) and my_cpu/data_mem_inst/memory_reg[31][1]/CE (clocked by sys_clk_pin). Large setup violations at the end of those stages might be difficult to fix during the post-placement implementation flow and could be the result of non-optimal XDC constraints or non-optimal design architecture
Related violations: <none>

TIMING-16#350 Warning
Large setup violation  
There is a large setup violation of -3.386 ns between my_cpu/pc_inst/PCout_reg[1]/C (clocked by sys_clk_pin) and my_cpu/data_mem_inst/memory_reg[31][4]/CE (clocked by sys_clk_pin). Large setup violations at the end of those stages might be difficult to fix during the post-placement implementation flow and could be the result of non-optimal XDC constraints or non-optimal design architecture
Related violations: <none>

TIMING-16#351 Warning
Large setup violation  
There is a large setup violation of -3.386 ns between my_cpu/pc_inst/PCout_reg[1]/C (clocked by sys_clk_pin) and my_cpu/data_mem_inst/memory_reg[31][7]/CE (clocked by sys_clk_pin). Large setup violations at the end of those stages might be difficult to fix during the post-placement implementation flow and could be the result of non-optimal XDC constraints or non-optimal design architecture
Related violations: <none>

TIMING-16#352 Warning
Large setup violation  
There is a large setup violation of -3.390 ns between my_cpu/pc_inst/PCout_reg[1]/C (clocked by sys_clk_pin) and my_cpu/data_mem_inst/memory_reg[10][3]/D (clocked by sys_clk_pin). Large setup violations at the end of those stages might be difficult to fix during the post-placement implementation flow and could be the result of non-optimal XDC constraints or non-optimal design architecture
Related violations: <none>

TIMING-16#353 Warning
Large setup violation  
There is a large setup violation of -3.391 ns between my_cpu/pc_inst/PCout_reg[1]/C (clocked by sys_clk_pin) and my_cpu/data_mem_inst/memory_reg[46][0]/D (clocked by sys_clk_pin). Large setup violations at the end of those stages might be difficult to fix during the post-placement implementation flow and could be the result of non-optimal XDC constraints or non-optimal design architecture
Related violations: <none>

TIMING-16#354 Warning
Large setup violation  
There is a large setup violation of -3.392 ns between my_cpu/pc_inst/PCout_reg[1]/C (clocked by sys_clk_pin) and my_cpu/data_mem_inst/memory_reg[46][4]/CE (clocked by sys_clk_pin). Large setup violations at the end of those stages might be difficult to fix during the post-placement implementation flow and could be the result of non-optimal XDC constraints or non-optimal design architecture
Related violations: <none>

TIMING-16#355 Warning
Large setup violation  
There is a large setup violation of -3.392 ns between my_cpu/pc_inst/PCout_reg[1]/C (clocked by sys_clk_pin) and my_cpu/data_mem_inst/memory_reg[46][6]/CE (clocked by sys_clk_pin). Large setup violations at the end of those stages might be difficult to fix during the post-placement implementation flow and could be the result of non-optimal XDC constraints or non-optimal design architecture
Related violations: <none>

TIMING-16#356 Warning
Large setup violation  
There is a large setup violation of -3.393 ns between my_cpu/pc_inst/PCout_reg[1]/C (clocked by sys_clk_pin) and my_cpu/data_mem_inst/memory_reg[24][5]/D (clocked by sys_clk_pin). Large setup violations at the end of those stages might be difficult to fix during the post-placement implementation flow and could be the result of non-optimal XDC constraints or non-optimal design architecture
Related violations: <none>

TIMING-16#357 Warning
Large setup violation  
There is a large setup violation of -3.400 ns between my_cpu/pc_inst/PCout_reg[1]/C (clocked by sys_clk_pin) and my_cpu/data_mem_inst/memory_reg[38][6]/D (clocked by sys_clk_pin). Large setup violations at the end of those stages might be difficult to fix during the post-placement implementation flow and could be the result of non-optimal XDC constraints or non-optimal design architecture
Related violations: <none>

TIMING-16#358 Warning
Large setup violation  
There is a large setup violation of -3.403 ns between my_cpu/pc_inst/PCout_reg[1]/C (clocked by sys_clk_pin) and my_cpu/data_mem_inst/memory_reg[12][3]/D (clocked by sys_clk_pin). Large setup violations at the end of those stages might be difficult to fix during the post-placement implementation flow and could be the result of non-optimal XDC constraints or non-optimal design architecture
Related violations: <none>

TIMING-16#359 Warning
Large setup violation  
There is a large setup violation of -3.405 ns between my_cpu/pc_inst/PCout_reg[1]/C (clocked by sys_clk_pin) and my_cpu/data_mem_inst/memory_reg[44][0]/CE (clocked by sys_clk_pin). Large setup violations at the end of those stages might be difficult to fix during the post-placement implementation flow and could be the result of non-optimal XDC constraints or non-optimal design architecture
Related violations: <none>

TIMING-16#360 Warning
Large setup violation  
There is a large setup violation of -3.405 ns between my_cpu/pc_inst/PCout_reg[1]/C (clocked by sys_clk_pin) and my_cpu/data_mem_inst/memory_reg[44][5]/CE (clocked by sys_clk_pin). Large setup violations at the end of those stages might be difficult to fix during the post-placement implementation flow and could be the result of non-optimal XDC constraints or non-optimal design architecture
Related violations: <none>

TIMING-16#361 Warning
Large setup violation  
There is a large setup violation of -3.405 ns between my_cpu/pc_inst/PCout_reg[1]/C (clocked by sys_clk_pin) and my_cpu/data_mem_inst/memory_reg[44][7]/CE (clocked by sys_clk_pin). Large setup violations at the end of those stages might be difficult to fix during the post-placement implementation flow and could be the result of non-optimal XDC constraints or non-optimal design architecture
Related violations: <none>

TIMING-16#362 Warning
Large setup violation  
There is a large setup violation of -3.405 ns between my_cpu/pc_inst/PCout_reg[1]/C (clocked by sys_clk_pin) and my_cpu/data_mem_inst/memory_reg[56][0]/D (clocked by sys_clk_pin). Large setup violations at the end of those stages might be difficult to fix during the post-placement implementation flow and could be the result of non-optimal XDC constraints or non-optimal design architecture
Related violations: <none>

TIMING-16#363 Warning
Large setup violation  
There is a large setup violation of -3.407 ns between my_cpu/pc_inst/PCout_reg[1]/C (clocked by sys_clk_pin) and my_cpu/data_mem_inst/memory_reg[56][6]/D (clocked by sys_clk_pin). Large setup violations at the end of those stages might be difficult to fix during the post-placement implementation flow and could be the result of non-optimal XDC constraints or non-optimal design architecture
Related violations: <none>

TIMING-16#364 Warning
Large setup violation  
There is a large setup violation of -3.411 ns between my_cpu/pc_inst/PCout_reg[1]/C (clocked by sys_clk_pin) and my_cpu/data_mem_inst/memory_reg[39][2]/CE (clocked by sys_clk_pin). Large setup violations at the end of those stages might be difficult to fix during the post-placement implementation flow and could be the result of non-optimal XDC constraints or non-optimal design architecture
Related violations: <none>

TIMING-16#365 Warning
Large setup violation  
There is a large setup violation of -3.411 ns between my_cpu/pc_inst/PCout_reg[1]/C (clocked by sys_clk_pin) and my_cpu/data_mem_inst/memory_reg[39][3]/CE (clocked by sys_clk_pin). Large setup violations at the end of those stages might be difficult to fix during the post-placement implementation flow and could be the result of non-optimal XDC constraints or non-optimal design architecture
Related violations: <none>

TIMING-16#366 Warning
Large setup violation  
There is a large setup violation of -3.411 ns between my_cpu/pc_inst/PCout_reg[1]/C (clocked by sys_clk_pin) and my_cpu/data_mem_inst/memory_reg[39][4]/CE (clocked by sys_clk_pin). Large setup violations at the end of those stages might be difficult to fix during the post-placement implementation flow and could be the result of non-optimal XDC constraints or non-optimal design architecture
Related violations: <none>

TIMING-16#367 Warning
Large setup violation  
There is a large setup violation of -3.411 ns between my_cpu/pc_inst/PCout_reg[1]/C (clocked by sys_clk_pin) and my_cpu/data_mem_inst/memory_reg[39][7]/CE (clocked by sys_clk_pin). Large setup violations at the end of those stages might be difficult to fix during the post-placement implementation flow and could be the result of non-optimal XDC constraints or non-optimal design architecture
Related violations: <none>

TIMING-16#368 Warning
Large setup violation  
There is a large setup violation of -3.411 ns between my_cpu/pc_inst/PCout_reg[1]/C (clocked by sys_clk_pin) and my_cpu/data_mem_inst/memory_reg[46][4]/D (clocked by sys_clk_pin). Large setup violations at the end of those stages might be difficult to fix during the post-placement implementation flow and could be the result of non-optimal XDC constraints or non-optimal design architecture
Related violations: <none>

TIMING-16#369 Warning
Large setup violation  
There is a large setup violation of -3.414 ns between my_cpu/pc_inst/PCout_reg[1]/C (clocked by sys_clk_pin) and my_cpu/data_mem_inst/memory_reg[53][2]/D (clocked by sys_clk_pin). Large setup violations at the end of those stages might be difficult to fix during the post-placement implementation flow and could be the result of non-optimal XDC constraints or non-optimal design architecture
Related violations: <none>

TIMING-16#370 Warning
Large setup violation  
There is a large setup violation of -3.416 ns between my_cpu/pc_inst/PCout_reg[1]/C (clocked by sys_clk_pin) and my_cpu/data_mem_inst/memory_reg[12][2]/D (clocked by sys_clk_pin). Large setup violations at the end of those stages might be difficult to fix during the post-placement implementation flow and could be the result of non-optimal XDC constraints or non-optimal design architecture
Related violations: <none>

TIMING-16#371 Warning
Large setup violation  
There is a large setup violation of -3.416 ns between my_cpu/pc_inst/PCout_reg[1]/C (clocked by sys_clk_pin) and my_cpu/data_mem_inst/memory_reg[56][2]/D (clocked by sys_clk_pin). Large setup violations at the end of those stages might be difficult to fix during the post-placement implementation flow and could be the result of non-optimal XDC constraints or non-optimal design architecture
Related violations: <none>

TIMING-16#372 Warning
Large setup violation  
There is a large setup violation of -3.418 ns between my_cpu/pc_inst/PCout_reg[1]/C (clocked by sys_clk_pin) and my_cpu/data_mem_inst/memory_reg[0][6]/CE (clocked by sys_clk_pin). Large setup violations at the end of those stages might be difficult to fix during the post-placement implementation flow and could be the result of non-optimal XDC constraints or non-optimal design architecture
Related violations: <none>

TIMING-16#373 Warning
Large setup violation  
There is a large setup violation of -3.421 ns between my_cpu/pc_inst/PCout_reg[1]/C (clocked by sys_clk_pin) and my_cpu/data_mem_inst/memory_reg[22][2]/D (clocked by sys_clk_pin). Large setup violations at the end of those stages might be difficult to fix during the post-placement implementation flow and could be the result of non-optimal XDC constraints or non-optimal design architecture
Related violations: <none>

TIMING-16#374 Warning
Large setup violation  
There is a large setup violation of -3.423 ns between my_cpu/pc_inst/PCout_reg[1]/C (clocked by sys_clk_pin) and my_cpu/data_mem_inst/memory_reg[8][5]/D (clocked by sys_clk_pin). Large setup violations at the end of those stages might be difficult to fix during the post-placement implementation flow and could be the result of non-optimal XDC constraints or non-optimal design architecture
Related violations: <none>

TIMING-16#375 Warning
Large setup violation  
There is a large setup violation of -3.427 ns between my_cpu/pc_inst/PCout_reg[1]/C (clocked by sys_clk_pin) and my_cpu/data_mem_inst/memory_reg[23][7]/D (clocked by sys_clk_pin). Large setup violations at the end of those stages might be difficult to fix during the post-placement implementation flow and could be the result of non-optimal XDC constraints or non-optimal design architecture
Related violations: <none>

TIMING-16#376 Warning
Large setup violation  
There is a large setup violation of -3.433 ns between my_cpu/pc_inst/PCout_reg[1]/C (clocked by sys_clk_pin) and my_cpu/data_mem_inst/memory_reg[27][2]/CE (clocked by sys_clk_pin). Large setup violations at the end of those stages might be difficult to fix during the post-placement implementation flow and could be the result of non-optimal XDC constraints or non-optimal design architecture
Related violations: <none>

TIMING-16#377 Warning
Large setup violation  
There is a large setup violation of -3.433 ns between my_cpu/pc_inst/PCout_reg[1]/C (clocked by sys_clk_pin) and my_cpu/data_mem_inst/memory_reg[27][4]/CE (clocked by sys_clk_pin). Large setup violations at the end of those stages might be difficult to fix during the post-placement implementation flow and could be the result of non-optimal XDC constraints or non-optimal design architecture
Related violations: <none>

TIMING-16#378 Warning
Large setup violation  
There is a large setup violation of -3.433 ns between my_cpu/pc_inst/PCout_reg[1]/C (clocked by sys_clk_pin) and my_cpu/data_mem_inst/memory_reg[27][5]/CE (clocked by sys_clk_pin). Large setup violations at the end of those stages might be difficult to fix during the post-placement implementation flow and could be the result of non-optimal XDC constraints or non-optimal design architecture
Related violations: <none>

TIMING-16#379 Warning
Large setup violation  
There is a large setup violation of -3.438 ns between my_cpu/pc_inst/PCout_reg[1]/C (clocked by sys_clk_pin) and my_cpu/data_mem_inst/memory_reg[0][0]/CE (clocked by sys_clk_pin). Large setup violations at the end of those stages might be difficult to fix during the post-placement implementation flow and could be the result of non-optimal XDC constraints or non-optimal design architecture
Related violations: <none>

TIMING-16#380 Warning
Large setup violation  
There is a large setup violation of -3.440 ns between my_cpu/pc_inst/PCout_reg[1]/C (clocked by sys_clk_pin) and my_cpu/data_mem_inst/memory_reg[41][6]/D (clocked by sys_clk_pin). Large setup violations at the end of those stages might be difficult to fix during the post-placement implementation flow and could be the result of non-optimal XDC constraints or non-optimal design architecture
Related violations: <none>

TIMING-16#381 Warning
Large setup violation  
There is a large setup violation of -3.441 ns between my_cpu/pc_inst/PCout_reg[1]/C (clocked by sys_clk_pin) and my_cpu/data_mem_inst/memory_reg[54][6]/D (clocked by sys_clk_pin). Large setup violations at the end of those stages might be difficult to fix during the post-placement implementation flow and could be the result of non-optimal XDC constraints or non-optimal design architecture
Related violations: <none>

TIMING-16#382 Warning
Large setup violation  
There is a large setup violation of -3.446 ns between my_cpu/pc_inst/PCout_reg[1]/C (clocked by sys_clk_pin) and my_cpu/data_mem_inst/memory_reg[49][1]/CE (clocked by sys_clk_pin). Large setup violations at the end of those stages might be difficult to fix during the post-placement implementation flow and could be the result of non-optimal XDC constraints or non-optimal design architecture
Related violations: <none>

TIMING-16#383 Warning
Large setup violation  
There is a large setup violation of -3.449 ns between my_cpu/pc_inst/PCout_reg[1]/C (clocked by sys_clk_pin) and my_cpu/data_mem_inst/memory_reg[36][4]/D (clocked by sys_clk_pin). Large setup violations at the end of those stages might be difficult to fix during the post-placement implementation flow and could be the result of non-optimal XDC constraints or non-optimal design architecture
Related violations: <none>

TIMING-16#384 Warning
Large setup violation  
There is a large setup violation of -3.451 ns between my_cpu/pc_inst/PCout_reg[1]/C (clocked by sys_clk_pin) and my_cpu/data_mem_inst/memory_reg[61][4]/D (clocked by sys_clk_pin). Large setup violations at the end of those stages might be difficult to fix during the post-placement implementation flow and could be the result of non-optimal XDC constraints or non-optimal design architecture
Related violations: <none>

TIMING-16#385 Warning
Large setup violation  
There is a large setup violation of -3.452 ns between my_cpu/pc_inst/PCout_reg[1]/C (clocked by sys_clk_pin) and my_cpu/data_mem_inst/memory_reg[60][5]/D (clocked by sys_clk_pin). Large setup violations at the end of those stages might be difficult to fix during the post-placement implementation flow and could be the result of non-optimal XDC constraints or non-optimal design architecture
Related violations: <none>

TIMING-16#386 Warning
Large setup violation  
There is a large setup violation of -3.453 ns between my_cpu/pc_inst/PCout_reg[1]/C (clocked by sys_clk_pin) and my_cpu/data_mem_inst/memory_reg[62][6]/D (clocked by sys_clk_pin). Large setup violations at the end of those stages might be difficult to fix during the post-placement implementation flow and could be the result of non-optimal XDC constraints or non-optimal design architecture
Related violations: <none>

TIMING-16#387 Warning
Large setup violation  
There is a large setup violation of -3.454 ns between my_cpu/pc_inst/PCout_reg[1]/C (clocked by sys_clk_pin) and my_cpu/data_mem_inst/memory_reg[46][7]/D (clocked by sys_clk_pin). Large setup violations at the end of those stages might be difficult to fix during the post-placement implementation flow and could be the result of non-optimal XDC constraints or non-optimal design architecture
Related violations: <none>

TIMING-16#388 Warning
Large setup violation  
There is a large setup violation of -3.456 ns between my_cpu/pc_inst/PCout_reg[1]/C (clocked by sys_clk_pin) and my_cpu/data_mem_inst/memory_reg[34][4]/D (clocked by sys_clk_pin). Large setup violations at the end of those stages might be difficult to fix during the post-placement implementation flow and could be the result of non-optimal XDC constraints or non-optimal design architecture
Related violations: <none>

TIMING-16#389 Warning
Large setup violation  
There is a large setup violation of -3.456 ns between my_cpu/pc_inst/PCout_reg[1]/C (clocked by sys_clk_pin) and my_cpu/data_mem_inst/memory_reg[60][6]/D (clocked by sys_clk_pin). Large setup violations at the end of those stages might be difficult to fix during the post-placement implementation flow and could be the result of non-optimal XDC constraints or non-optimal design architecture
Related violations: <none>

TIMING-16#390 Warning
Large setup violation  
There is a large setup violation of -3.456 ns between my_cpu/pc_inst/PCout_reg[1]/C (clocked by sys_clk_pin) and my_cpu/data_mem_inst/memory_reg[61][3]/D (clocked by sys_clk_pin). Large setup violations at the end of those stages might be difficult to fix during the post-placement implementation flow and could be the result of non-optimal XDC constraints or non-optimal design architecture
Related violations: <none>

TIMING-16#391 Warning
Large setup violation  
There is a large setup violation of -3.457 ns between my_cpu/pc_inst/PCout_reg[1]/C (clocked by sys_clk_pin) and my_cpu/data_mem_inst/memory_reg[20][2]/D (clocked by sys_clk_pin). Large setup violations at the end of those stages might be difficult to fix during the post-placement implementation flow and could be the result of non-optimal XDC constraints or non-optimal design architecture
Related violations: <none>

TIMING-16#392 Warning
Large setup violation  
There is a large setup violation of -3.457 ns between my_cpu/pc_inst/PCout_reg[1]/C (clocked by sys_clk_pin) and my_cpu/data_mem_inst/memory_reg[20][6]/D (clocked by sys_clk_pin). Large setup violations at the end of those stages might be difficult to fix during the post-placement implementation flow and could be the result of non-optimal XDC constraints or non-optimal design architecture
Related violations: <none>

TIMING-16#393 Warning
Large setup violation  
There is a large setup violation of -3.460 ns between my_cpu/pc_inst/PCout_reg[1]/C (clocked by sys_clk_pin) and my_cpu/data_mem_inst/memory_reg[20][1]/D (clocked by sys_clk_pin). Large setup violations at the end of those stages might be difficult to fix during the post-placement implementation flow and could be the result of non-optimal XDC constraints or non-optimal design architecture
Related violations: <none>

TIMING-16#394 Warning
Large setup violation  
There is a large setup violation of -3.463 ns between my_cpu/pc_inst/PCout_reg[1]/C (clocked by sys_clk_pin) and my_cpu/data_mem_inst/memory_reg[46][1]/D (clocked by sys_clk_pin). Large setup violations at the end of those stages might be difficult to fix during the post-placement implementation flow and could be the result of non-optimal XDC constraints or non-optimal design architecture
Related violations: <none>

TIMING-16#395 Warning
Large setup violation  
There is a large setup violation of -3.464 ns between my_cpu/pc_inst/PCout_reg[1]/C (clocked by sys_clk_pin) and my_cpu/data_mem_inst/memory_reg[26][0]/D (clocked by sys_clk_pin). Large setup violations at the end of those stages might be difficult to fix during the post-placement implementation flow and could be the result of non-optimal XDC constraints or non-optimal design architecture
Related violations: <none>

TIMING-16#396 Warning
Large setup violation  
There is a large setup violation of -3.464 ns between my_cpu/pc_inst/PCout_reg[1]/C (clocked by sys_clk_pin) and my_cpu/data_mem_inst/memory_reg[44][7]/D (clocked by sys_clk_pin). Large setup violations at the end of those stages might be difficult to fix during the post-placement implementation flow and could be the result of non-optimal XDC constraints or non-optimal design architecture
Related violations: <none>

TIMING-16#397 Warning
Large setup violation  
There is a large setup violation of -3.465 ns between my_cpu/pc_inst/PCout_reg[1]/C (clocked by sys_clk_pin) and my_cpu/data_mem_inst/memory_reg[59][1]/CE (clocked by sys_clk_pin). Large setup violations at the end of those stages might be difficult to fix during the post-placement implementation flow and could be the result of non-optimal XDC constraints or non-optimal design architecture
Related violations: <none>

TIMING-16#398 Warning
Large setup violation  
There is a large setup violation of -3.465 ns between my_cpu/pc_inst/PCout_reg[1]/C (clocked by sys_clk_pin) and my_cpu/data_mem_inst/memory_reg[59][4]/CE (clocked by sys_clk_pin). Large setup violations at the end of those stages might be difficult to fix during the post-placement implementation flow and could be the result of non-optimal XDC constraints or non-optimal design architecture
Related violations: <none>

TIMING-16#399 Warning
Large setup violation  
There is a large setup violation of -3.465 ns between my_cpu/pc_inst/PCout_reg[1]/C (clocked by sys_clk_pin) and my_cpu/data_mem_inst/memory_reg[59][6]/CE (clocked by sys_clk_pin). Large setup violations at the end of those stages might be difficult to fix during the post-placement implementation flow and could be the result of non-optimal XDC constraints or non-optimal design architecture
Related violations: <none>

TIMING-16#400 Warning
Large setup violation  
There is a large setup violation of -3.465 ns between my_cpu/pc_inst/PCout_reg[1]/C (clocked by sys_clk_pin) and my_cpu/data_mem_inst/memory_reg[59][7]/CE (clocked by sys_clk_pin). Large setup violations at the end of those stages might be difficult to fix during the post-placement implementation flow and could be the result of non-optimal XDC constraints or non-optimal design architecture
Related violations: <none>

TIMING-16#401 Warning
Large setup violation  
There is a large setup violation of -3.466 ns between my_cpu/pc_inst/PCout_reg[1]/C (clocked by sys_clk_pin) and my_cpu/data_mem_inst/memory_reg[20][0]/D (clocked by sys_clk_pin). Large setup violations at the end of those stages might be difficult to fix during the post-placement implementation flow and could be the result of non-optimal XDC constraints or non-optimal design architecture
Related violations: <none>

TIMING-16#402 Warning
Large setup violation  
There is a large setup violation of -3.470 ns between my_cpu/pc_inst/PCout_reg[1]/C (clocked by sys_clk_pin) and my_cpu/data_mem_inst/memory_reg[17][0]/CE (clocked by sys_clk_pin). Large setup violations at the end of those stages might be difficult to fix during the post-placement implementation flow and could be the result of non-optimal XDC constraints or non-optimal design architecture
Related violations: <none>

TIMING-16#403 Warning
Large setup violation  
There is a large setup violation of -3.470 ns between my_cpu/pc_inst/PCout_reg[1]/C (clocked by sys_clk_pin) and my_cpu/data_mem_inst/memory_reg[17][1]/CE (clocked by sys_clk_pin). Large setup violations at the end of those stages might be difficult to fix during the post-placement implementation flow and could be the result of non-optimal XDC constraints or non-optimal design architecture
Related violations: <none>

TIMING-16#404 Warning
Large setup violation  
There is a large setup violation of -3.470 ns between my_cpu/pc_inst/PCout_reg[1]/C (clocked by sys_clk_pin) and my_cpu/data_mem_inst/memory_reg[17][2]/CE (clocked by sys_clk_pin). Large setup violations at the end of those stages might be difficult to fix during the post-placement implementation flow and could be the result of non-optimal XDC constraints or non-optimal design architecture
Related violations: <none>

TIMING-16#405 Warning
Large setup violation  
There is a large setup violation of -3.470 ns between my_cpu/pc_inst/PCout_reg[1]/C (clocked by sys_clk_pin) and my_cpu/data_mem_inst/memory_reg[18][2]/D (clocked by sys_clk_pin). Large setup violations at the end of those stages might be difficult to fix during the post-placement implementation flow and could be the result of non-optimal XDC constraints or non-optimal design architecture
Related violations: <none>

TIMING-16#406 Warning
Large setup violation  
There is a large setup violation of -3.470 ns between my_cpu/pc_inst/PCout_reg[1]/C (clocked by sys_clk_pin) and my_cpu/data_mem_inst/memory_reg[47][4]/CE (clocked by sys_clk_pin). Large setup violations at the end of those stages might be difficult to fix during the post-placement implementation flow and could be the result of non-optimal XDC constraints or non-optimal design architecture
Related violations: <none>

TIMING-16#407 Warning
Large setup violation  
There is a large setup violation of -3.480 ns between my_cpu/pc_inst/PCout_reg[1]/C (clocked by sys_clk_pin) and my_cpu/data_mem_inst/memory_reg[16][1]/CE (clocked by sys_clk_pin). Large setup violations at the end of those stages might be difficult to fix during the post-placement implementation flow and could be the result of non-optimal XDC constraints or non-optimal design architecture
Related violations: <none>

TIMING-16#408 Warning
Large setup violation  
There is a large setup violation of -3.481 ns between my_cpu/pc_inst/PCout_reg[1]/C (clocked by sys_clk_pin) and my_cpu/data_mem_inst/memory_reg[51][7]/CE (clocked by sys_clk_pin). Large setup violations at the end of those stages might be difficult to fix during the post-placement implementation flow and could be the result of non-optimal XDC constraints or non-optimal design architecture
Related violations: <none>

TIMING-16#409 Warning
Large setup violation  
There is a large setup violation of -3.483 ns between my_cpu/pc_inst/PCout_reg[1]/C (clocked by sys_clk_pin) and my_cpu/data_mem_inst/memory_reg[38][4]/D (clocked by sys_clk_pin). Large setup violations at the end of those stages might be difficult to fix during the post-placement implementation flow and could be the result of non-optimal XDC constraints or non-optimal design architecture
Related violations: <none>

TIMING-16#410 Warning
Large setup violation  
There is a large setup violation of -3.485 ns between my_cpu/pc_inst/PCout_reg[1]/C (clocked by sys_clk_pin) and my_cpu/data_mem_inst/memory_reg[12][6]/D (clocked by sys_clk_pin). Large setup violations at the end of those stages might be difficult to fix during the post-placement implementation flow and could be the result of non-optimal XDC constraints or non-optimal design architecture
Related violations: <none>

TIMING-16#411 Warning
Large setup violation  
There is a large setup violation of -3.485 ns between my_cpu/pc_inst/PCout_reg[1]/C (clocked by sys_clk_pin) and my_cpu/data_mem_inst/memory_reg[27][7]/CE (clocked by sys_clk_pin). Large setup violations at the end of those stages might be difficult to fix during the post-placement implementation flow and could be the result of non-optimal XDC constraints or non-optimal design architecture
Related violations: <none>

TIMING-16#412 Warning
Large setup violation  
There is a large setup violation of -3.485 ns between my_cpu/pc_inst/PCout_reg[1]/C (clocked by sys_clk_pin) and my_cpu/data_mem_inst/memory_reg[62][7]/D (clocked by sys_clk_pin). Large setup violations at the end of those stages might be difficult to fix during the post-placement implementation flow and could be the result of non-optimal XDC constraints or non-optimal design architecture
Related violations: <none>

TIMING-16#413 Warning
Large setup violation  
There is a large setup violation of -3.492 ns between my_cpu/pc_inst/PCout_reg[1]/C (clocked by sys_clk_pin) and my_cpu/data_mem_inst/memory_reg[33][2]/CE (clocked by sys_clk_pin). Large setup violations at the end of those stages might be difficult to fix during the post-placement implementation flow and could be the result of non-optimal XDC constraints or non-optimal design architecture
Related violations: <none>

TIMING-16#414 Warning
Large setup violation  
There is a large setup violation of -3.492 ns between my_cpu/pc_inst/PCout_reg[1]/C (clocked by sys_clk_pin) and my_cpu/data_mem_inst/memory_reg[33][3]/CE (clocked by sys_clk_pin). Large setup violations at the end of those stages might be difficult to fix during the post-placement implementation flow and could be the result of non-optimal XDC constraints or non-optimal design architecture
Related violations: <none>

TIMING-16#415 Warning
Large setup violation  
There is a large setup violation of -3.492 ns between my_cpu/pc_inst/PCout_reg[1]/C (clocked by sys_clk_pin) and my_cpu/data_mem_inst/memory_reg[33][4]/CE (clocked by sys_clk_pin). Large setup violations at the end of those stages might be difficult to fix during the post-placement implementation flow and could be the result of non-optimal XDC constraints or non-optimal design architecture
Related violations: <none>

TIMING-16#416 Warning
Large setup violation  
There is a large setup violation of -3.492 ns between my_cpu/pc_inst/PCout_reg[1]/C (clocked by sys_clk_pin) and my_cpu/data_mem_inst/memory_reg[33][7]/CE (clocked by sys_clk_pin). Large setup violations at the end of those stages might be difficult to fix during the post-placement implementation flow and could be the result of non-optimal XDC constraints or non-optimal design architecture
Related violations: <none>

TIMING-16#417 Warning
Large setup violation  
There is a large setup violation of -3.493 ns between my_cpu/pc_inst/PCout_reg[1]/C (clocked by sys_clk_pin) and my_cpu/data_mem_inst/memory_reg[27][1]/CE (clocked by sys_clk_pin). Large setup violations at the end of those stages might be difficult to fix during the post-placement implementation flow and could be the result of non-optimal XDC constraints or non-optimal design architecture
Related violations: <none>

TIMING-16#418 Warning
Large setup violation  
There is a large setup violation of -3.494 ns between my_cpu/pc_inst/PCout_reg[1]/C (clocked by sys_clk_pin) and my_cpu/data_mem_inst/memory_reg[18][6]/D (clocked by sys_clk_pin). Large setup violations at the end of those stages might be difficult to fix during the post-placement implementation flow and could be the result of non-optimal XDC constraints or non-optimal design architecture
Related violations: <none>

TIMING-16#419 Warning
Large setup violation  
There is a large setup violation of -3.496 ns between my_cpu/pc_inst/PCout_reg[1]/C (clocked by sys_clk_pin) and my_cpu/data_mem_inst/memory_reg[55][5]/D (clocked by sys_clk_pin). Large setup violations at the end of those stages might be difficult to fix during the post-placement implementation flow and could be the result of non-optimal XDC constraints or non-optimal design architecture
Related violations: <none>

TIMING-16#420 Warning
Large setup violation  
There is a large setup violation of -3.497 ns between my_cpu/pc_inst/PCout_reg[1]/C (clocked by sys_clk_pin) and my_cpu/data_mem_inst/memory_reg[28][6]/D (clocked by sys_clk_pin). Large setup violations at the end of those stages might be difficult to fix during the post-placement implementation flow and could be the result of non-optimal XDC constraints or non-optimal design architecture
Related violations: <none>

TIMING-16#421 Warning
Large setup violation  
There is a large setup violation of -3.498 ns between my_cpu/pc_inst/PCout_reg[1]/C (clocked by sys_clk_pin) and my_cpu/data_mem_inst/memory_reg[23][5]/D (clocked by sys_clk_pin). Large setup violations at the end of those stages might be difficult to fix during the post-placement implementation flow and could be the result of non-optimal XDC constraints or non-optimal design architecture
Related violations: <none>

TIMING-16#422 Warning
Large setup violation  
There is a large setup violation of -3.499 ns between my_cpu/pc_inst/PCout_reg[1]/C (clocked by sys_clk_pin) and my_cpu/data_mem_inst/memory_reg[38][2]/D (clocked by sys_clk_pin). Large setup violations at the end of those stages might be difficult to fix during the post-placement implementation flow and could be the result of non-optimal XDC constraints or non-optimal design architecture
Related violations: <none>

TIMING-16#423 Warning
Large setup violation  
There is a large setup violation of -3.504 ns between my_cpu/pc_inst/PCout_reg[1]/C (clocked by sys_clk_pin) and my_cpu/data_mem_inst/memory_reg[23][4]/D (clocked by sys_clk_pin). Large setup violations at the end of those stages might be difficult to fix during the post-placement implementation flow and could be the result of non-optimal XDC constraints or non-optimal design architecture
Related violations: <none>

TIMING-16#424 Warning
Large setup violation  
There is a large setup violation of -3.504 ns between my_cpu/pc_inst/PCout_reg[1]/C (clocked by sys_clk_pin) and my_cpu/data_mem_inst/memory_reg[26][7]/CE (clocked by sys_clk_pin). Large setup violations at the end of those stages might be difficult to fix during the post-placement implementation flow and could be the result of non-optimal XDC constraints or non-optimal design architecture
Related violations: <none>

TIMING-16#425 Warning
Large setup violation  
There is a large setup violation of -3.504 ns between my_cpu/pc_inst/PCout_reg[1]/C (clocked by sys_clk_pin) and my_cpu/data_mem_inst/memory_reg[4][2]/D (clocked by sys_clk_pin). Large setup violations at the end of those stages might be difficult to fix during the post-placement implementation flow and could be the result of non-optimal XDC constraints or non-optimal design architecture
Related violations: <none>

TIMING-16#426 Warning
Large setup violation  
There is a large setup violation of -3.505 ns between my_cpu/pc_inst/PCout_reg[1]/C (clocked by sys_clk_pin) and my_cpu/data_mem_inst/memory_reg[12][5]/D (clocked by sys_clk_pin). Large setup violations at the end of those stages might be difficult to fix during the post-placement implementation flow and could be the result of non-optimal XDC constraints or non-optimal design architecture
Related violations: <none>

TIMING-16#427 Warning
Large setup violation  
There is a large setup violation of -3.506 ns between my_cpu/pc_inst/PCout_reg[1]/C (clocked by sys_clk_pin) and my_cpu/data_mem_inst/memory_reg[28][1]/CE (clocked by sys_clk_pin). Large setup violations at the end of those stages might be difficult to fix during the post-placement implementation flow and could be the result of non-optimal XDC constraints or non-optimal design architecture
Related violations: <none>

TIMING-16#428 Warning
Large setup violation  
There is a large setup violation of -3.506 ns between my_cpu/pc_inst/PCout_reg[1]/C (clocked by sys_clk_pin) and my_cpu/data_mem_inst/memory_reg[28][2]/CE (clocked by sys_clk_pin). Large setup violations at the end of those stages might be difficult to fix during the post-placement implementation flow and could be the result of non-optimal XDC constraints or non-optimal design architecture
Related violations: <none>

TIMING-16#429 Warning
Large setup violation  
There is a large setup violation of -3.509 ns between my_cpu/pc_inst/PCout_reg[1]/C (clocked by sys_clk_pin) and my_cpu/data_mem_inst/memory_reg[24][4]/D (clocked by sys_clk_pin). Large setup violations at the end of those stages might be difficult to fix during the post-placement implementation flow and could be the result of non-optimal XDC constraints or non-optimal design architecture
Related violations: <none>

TIMING-16#430 Warning
Large setup violation  
There is a large setup violation of -3.509 ns between my_cpu/pc_inst/PCout_reg[1]/C (clocked by sys_clk_pin) and my_cpu/data_mem_inst/memory_reg[26][6]/CE (clocked by sys_clk_pin). Large setup violations at the end of those stages might be difficult to fix during the post-placement implementation flow and could be the result of non-optimal XDC constraints or non-optimal design architecture
Related violations: <none>

TIMING-16#431 Warning
Large setup violation  
There is a large setup violation of -3.510 ns between my_cpu/pc_inst/PCout_reg[1]/C (clocked by sys_clk_pin) and my_cpu/data_mem_inst/memory_reg[4][4]/D (clocked by sys_clk_pin). Large setup violations at the end of those stages might be difficult to fix during the post-placement implementation flow and could be the result of non-optimal XDC constraints or non-optimal design architecture
Related violations: <none>

TIMING-16#432 Warning
Large setup violation  
There is a large setup violation of -3.517 ns between my_cpu/pc_inst/PCout_reg[1]/C (clocked by sys_clk_pin) and my_cpu/data_mem_inst/memory_reg[8][3]/D (clocked by sys_clk_pin). Large setup violations at the end of those stages might be difficult to fix during the post-placement implementation flow and could be the result of non-optimal XDC constraints or non-optimal design architecture
Related violations: <none>

TIMING-16#433 Warning
Large setup violation  
There is a large setup violation of -3.519 ns between my_cpu/pc_inst/PCout_reg[1]/C (clocked by sys_clk_pin) and my_cpu/data_mem_inst/memory_reg[23][1]/D (clocked by sys_clk_pin). Large setup violations at the end of those stages might be difficult to fix during the post-placement implementation flow and could be the result of non-optimal XDC constraints or non-optimal design architecture
Related violations: <none>

TIMING-16#434 Warning
Large setup violation  
There is a large setup violation of -3.520 ns between my_cpu/pc_inst/PCout_reg[1]/C (clocked by sys_clk_pin) and my_cpu/data_mem_inst/memory_reg[12][4]/D (clocked by sys_clk_pin). Large setup violations at the end of those stages might be difficult to fix during the post-placement implementation flow and could be the result of non-optimal XDC constraints or non-optimal design architecture
Related violations: <none>

TIMING-16#435 Warning
Large setup violation  
There is a large setup violation of -3.522 ns between my_cpu/pc_inst/PCout_reg[1]/C (clocked by sys_clk_pin) and my_cpu/data_mem_inst/memory_reg[36][6]/CE (clocked by sys_clk_pin). Large setup violations at the end of those stages might be difficult to fix during the post-placement implementation flow and could be the result of non-optimal XDC constraints or non-optimal design architecture
Related violations: <none>

TIMING-16#436 Warning
Large setup violation  
There is a large setup violation of -3.522 ns between my_cpu/pc_inst/PCout_reg[1]/C (clocked by sys_clk_pin) and my_cpu/data_mem_inst/memory_reg[36][7]/CE (clocked by sys_clk_pin). Large setup violations at the end of those stages might be difficult to fix during the post-placement implementation flow and could be the result of non-optimal XDC constraints or non-optimal design architecture
Related violations: <none>

TIMING-16#437 Warning
Large setup violation  
There is a large setup violation of -3.527 ns between my_cpu/pc_inst/PCout_reg[1]/C (clocked by sys_clk_pin) and my_cpu/data_mem_inst/memory_reg[27][6]/CE (clocked by sys_clk_pin). Large setup violations at the end of those stages might be difficult to fix during the post-placement implementation flow and could be the result of non-optimal XDC constraints or non-optimal design architecture
Related violations: <none>

TIMING-16#438 Warning
Large setup violation  
There is a large setup violation of -3.531 ns between my_cpu/pc_inst/PCout_reg[1]/C (clocked by sys_clk_pin) and my_cpu/data_mem_inst/memory_reg[58][7]/D (clocked by sys_clk_pin). Large setup violations at the end of those stages might be difficult to fix during the post-placement implementation flow and could be the result of non-optimal XDC constraints or non-optimal design architecture
Related violations: <none>

TIMING-16#439 Warning
Large setup violation  
There is a large setup violation of -3.539 ns between my_cpu/pc_inst/PCout_reg[1]/C (clocked by sys_clk_pin) and my_cpu/data_mem_inst/memory_reg[38][0]/D (clocked by sys_clk_pin). Large setup violations at the end of those stages might be difficult to fix during the post-placement implementation flow and could be the result of non-optimal XDC constraints or non-optimal design architecture
Related violations: <none>

TIMING-16#440 Warning
Large setup violation  
There is a large setup violation of -3.541 ns between my_cpu/pc_inst/PCout_reg[1]/C (clocked by sys_clk_pin) and my_cpu/data_mem_inst/memory_reg[25][5]/D (clocked by sys_clk_pin). Large setup violations at the end of those stages might be difficult to fix during the post-placement implementation flow and could be the result of non-optimal XDC constraints or non-optimal design architecture
Related violations: <none>

TIMING-16#441 Warning
Large setup violation  
There is a large setup violation of -3.543 ns between my_cpu/pc_inst/PCout_reg[1]/C (clocked by sys_clk_pin) and my_cpu/data_mem_inst/memory_reg[27][0]/D (clocked by sys_clk_pin). Large setup violations at the end of those stages might be difficult to fix during the post-placement implementation flow and could be the result of non-optimal XDC constraints or non-optimal design architecture
Related violations: <none>

TIMING-16#442 Warning
Large setup violation  
There is a large setup violation of -3.547 ns between my_cpu/pc_inst/PCout_reg[1]/C (clocked by sys_clk_pin) and my_cpu/data_mem_inst/memory_reg[44][1]/CE (clocked by sys_clk_pin). Large setup violations at the end of those stages might be difficult to fix during the post-placement implementation flow and could be the result of non-optimal XDC constraints or non-optimal design architecture
Related violations: <none>

TIMING-16#443 Warning
Large setup violation  
There is a large setup violation of -3.547 ns between my_cpu/pc_inst/PCout_reg[1]/C (clocked by sys_clk_pin) and my_cpu/data_mem_inst/memory_reg[44][3]/CE (clocked by sys_clk_pin). Large setup violations at the end of those stages might be difficult to fix during the post-placement implementation flow and could be the result of non-optimal XDC constraints or non-optimal design architecture
Related violations: <none>

TIMING-16#444 Warning
Large setup violation  
There is a large setup violation of -3.547 ns between my_cpu/pc_inst/PCout_reg[1]/C (clocked by sys_clk_pin) and my_cpu/data_mem_inst/memory_reg[57][1]/D (clocked by sys_clk_pin). Large setup violations at the end of those stages might be difficult to fix during the post-placement implementation flow and could be the result of non-optimal XDC constraints or non-optimal design architecture
Related violations: <none>

TIMING-16#445 Warning
Large setup violation  
There is a large setup violation of -3.548 ns between my_cpu/pc_inst/PCout_reg[1]/C (clocked by sys_clk_pin) and my_cpu/data_mem_inst/memory_reg[62][5]/D (clocked by sys_clk_pin). Large setup violations at the end of those stages might be difficult to fix during the post-placement implementation flow and could be the result of non-optimal XDC constraints or non-optimal design architecture
Related violations: <none>

TIMING-16#446 Warning
Large setup violation  
There is a large setup violation of -3.549 ns between my_cpu/pc_inst/PCout_reg[1]/C (clocked by sys_clk_pin) and my_cpu/data_mem_inst/memory_reg[53][1]/D (clocked by sys_clk_pin). Large setup violations at the end of those stages might be difficult to fix during the post-placement implementation flow and could be the result of non-optimal XDC constraints or non-optimal design architecture
Related violations: <none>

TIMING-16#447 Warning
Large setup violation  
There is a large setup violation of -3.550 ns between my_cpu/pc_inst/PCout_reg[1]/C (clocked by sys_clk_pin) and my_cpu/data_mem_inst/memory_reg[24][0]/D (clocked by sys_clk_pin). Large setup violations at the end of those stages might be difficult to fix during the post-placement implementation flow and could be the result of non-optimal XDC constraints or non-optimal design architecture
Related violations: <none>

TIMING-16#448 Warning
Large setup violation  
There is a large setup violation of -3.550 ns between my_cpu/pc_inst/PCout_reg[1]/C (clocked by sys_clk_pin) and my_cpu/data_mem_inst/memory_reg[36][1]/CE (clocked by sys_clk_pin). Large setup violations at the end of those stages might be difficult to fix during the post-placement implementation flow and could be the result of non-optimal XDC constraints or non-optimal design architecture
Related violations: <none>

TIMING-16#449 Warning
Large setup violation  
There is a large setup violation of -3.550 ns between my_cpu/pc_inst/PCout_reg[1]/C (clocked by sys_clk_pin) and my_cpu/data_mem_inst/memory_reg[36][3]/CE (clocked by sys_clk_pin). Large setup violations at the end of those stages might be difficult to fix during the post-placement implementation flow and could be the result of non-optimal XDC constraints or non-optimal design architecture
Related violations: <none>

TIMING-16#450 Warning
Large setup violation  
There is a large setup violation of -3.550 ns between my_cpu/pc_inst/PCout_reg[1]/C (clocked by sys_clk_pin) and my_cpu/data_mem_inst/memory_reg[36][5]/CE (clocked by sys_clk_pin). Large setup violations at the end of those stages might be difficult to fix during the post-placement implementation flow and could be the result of non-optimal XDC constraints or non-optimal design architecture
Related violations: <none>

TIMING-16#451 Warning
Large setup violation  
There is a large setup violation of -3.552 ns between my_cpu/pc_inst/PCout_reg[1]/C (clocked by sys_clk_pin) and my_cpu/data_mem_inst/memory_reg[24][2]/D (clocked by sys_clk_pin). Large setup violations at the end of those stages might be difficult to fix during the post-placement implementation flow and could be the result of non-optimal XDC constraints or non-optimal design architecture
Related violations: <none>

TIMING-16#452 Warning
Large setup violation  
There is a large setup violation of -3.553 ns between my_cpu/pc_inst/PCout_reg[1]/C (clocked by sys_clk_pin) and my_cpu/data_mem_inst/memory_reg[18][5]/CE (clocked by sys_clk_pin). Large setup violations at the end of those stages might be difficult to fix during the post-placement implementation flow and could be the result of non-optimal XDC constraints or non-optimal design architecture
Related violations: <none>

TIMING-16#453 Warning
Large setup violation  
There is a large setup violation of -3.553 ns between my_cpu/pc_inst/PCout_reg[1]/C (clocked by sys_clk_pin) and my_cpu/data_mem_inst/memory_reg[60][0]/D (clocked by sys_clk_pin). Large setup violations at the end of those stages might be difficult to fix during the post-placement implementation flow and could be the result of non-optimal XDC constraints or non-optimal design architecture
Related violations: <none>

TIMING-16#454 Warning
Large setup violation  
There is a large setup violation of -3.555 ns between my_cpu/pc_inst/PCout_reg[1]/C (clocked by sys_clk_pin) and my_cpu/data_mem_inst/memory_reg[22][4]/CE (clocked by sys_clk_pin). Large setup violations at the end of those stages might be difficult to fix during the post-placement implementation flow and could be the result of non-optimal XDC constraints or non-optimal design architecture
Related violations: <none>

TIMING-16#455 Warning
Large setup violation  
There is a large setup violation of -3.555 ns between my_cpu/pc_inst/PCout_reg[1]/C (clocked by sys_clk_pin) and my_cpu/data_mem_inst/memory_reg[22][5]/CE (clocked by sys_clk_pin). Large setup violations at the end of those stages might be difficult to fix during the post-placement implementation flow and could be the result of non-optimal XDC constraints or non-optimal design architecture
Related violations: <none>

TIMING-16#456 Warning
Large setup violation  
There is a large setup violation of -3.555 ns between my_cpu/pc_inst/PCout_reg[1]/C (clocked by sys_clk_pin) and my_cpu/data_mem_inst/memory_reg[22][7]/CE (clocked by sys_clk_pin). Large setup violations at the end of those stages might be difficult to fix during the post-placement implementation flow and could be the result of non-optimal XDC constraints or non-optimal design architecture
Related violations: <none>

TIMING-16#457 Warning
Large setup violation  
There is a large setup violation of -3.555 ns between my_cpu/pc_inst/PCout_reg[1]/C (clocked by sys_clk_pin) and my_cpu/data_mem_inst/memory_reg[53][3]/D (clocked by sys_clk_pin). Large setup violations at the end of those stages might be difficult to fix during the post-placement implementation flow and could be the result of non-optimal XDC constraints or non-optimal design architecture
Related violations: <none>

TIMING-16#458 Warning
Large setup violation  
There is a large setup violation of -3.559 ns between my_cpu/pc_inst/PCout_reg[1]/C (clocked by sys_clk_pin) and my_cpu/data_mem_inst/memory_reg[23][0]/D (clocked by sys_clk_pin). Large setup violations at the end of those stages might be difficult to fix during the post-placement implementation flow and could be the result of non-optimal XDC constraints or non-optimal design architecture
Related violations: <none>

TIMING-16#459 Warning
Large setup violation  
There is a large setup violation of -3.561 ns between my_cpu/pc_inst/PCout_reg[1]/C (clocked by sys_clk_pin) and my_cpu/data_mem_inst/memory_reg[61][7]/D (clocked by sys_clk_pin). Large setup violations at the end of those stages might be difficult to fix during the post-placement implementation flow and could be the result of non-optimal XDC constraints or non-optimal design architecture
Related violations: <none>

TIMING-16#460 Warning
Large setup violation  
There is a large setup violation of -3.565 ns between my_cpu/pc_inst/PCout_reg[1]/C (clocked by sys_clk_pin) and my_cpu/data_mem_inst/memory_reg[61][1]/D (clocked by sys_clk_pin). Large setup violations at the end of those stages might be difficult to fix during the post-placement implementation flow and could be the result of non-optimal XDC constraints or non-optimal design architecture
Related violations: <none>

TIMING-16#461 Warning
Large setup violation  
There is a large setup violation of -3.567 ns between my_cpu/pc_inst/PCout_reg[1]/C (clocked by sys_clk_pin) and my_cpu/data_mem_inst/memory_reg[61][2]/D (clocked by sys_clk_pin). Large setup violations at the end of those stages might be difficult to fix during the post-placement implementation flow and could be the result of non-optimal XDC constraints or non-optimal design architecture
Related violations: <none>

TIMING-16#462 Warning
Large setup violation  
There is a large setup violation of -3.569 ns between my_cpu/pc_inst/PCout_reg[1]/C (clocked by sys_clk_pin) and my_cpu/data_mem_inst/memory_reg[20][5]/D (clocked by sys_clk_pin). Large setup violations at the end of those stages might be difficult to fix during the post-placement implementation flow and could be the result of non-optimal XDC constraints or non-optimal design architecture
Related violations: <none>

TIMING-16#463 Warning
Large setup violation  
There is a large setup violation of -3.570 ns between my_cpu/pc_inst/PCout_reg[1]/C (clocked by sys_clk_pin) and my_cpu/data_mem_inst/memory_reg[44][0]/D (clocked by sys_clk_pin). Large setup violations at the end of those stages might be difficult to fix during the post-placement implementation flow and could be the result of non-optimal XDC constraints or non-optimal design architecture
Related violations: <none>

TIMING-16#464 Warning
Large setup violation  
There is a large setup violation of -3.571 ns between my_cpu/pc_inst/PCout_reg[1]/C (clocked by sys_clk_pin) and my_cpu/data_mem_inst/memory_reg[28][3]/D (clocked by sys_clk_pin). Large setup violations at the end of those stages might be difficult to fix during the post-placement implementation flow and could be the result of non-optimal XDC constraints or non-optimal design architecture
Related violations: <none>

TIMING-16#465 Warning
Large setup violation  
There is a large setup violation of -3.572 ns between my_cpu/pc_inst/PCout_reg[1]/C (clocked by sys_clk_pin) and my_cpu/data_mem_inst/memory_reg[44][5]/D (clocked by sys_clk_pin). Large setup violations at the end of those stages might be difficult to fix during the post-placement implementation flow and could be the result of non-optimal XDC constraints or non-optimal design architecture
Related violations: <none>

TIMING-16#466 Warning
Large setup violation  
There is a large setup violation of -3.573 ns between my_cpu/pc_inst/PCout_reg[1]/C (clocked by sys_clk_pin) and my_cpu/data_mem_inst/memory_reg[54][0]/D (clocked by sys_clk_pin). Large setup violations at the end of those stages might be difficult to fix during the post-placement implementation flow and could be the result of non-optimal XDC constraints or non-optimal design architecture
Related violations: <none>

TIMING-16#467 Warning
Large setup violation  
There is a large setup violation of -3.574 ns between my_cpu/pc_inst/PCout_reg[1]/C (clocked by sys_clk_pin) and my_cpu/data_mem_inst/memory_reg[17][3]/CE (clocked by sys_clk_pin). Large setup violations at the end of those stages might be difficult to fix during the post-placement implementation flow and could be the result of non-optimal XDC constraints or non-optimal design architecture
Related violations: <none>

TIMING-16#468 Warning
Large setup violation  
There is a large setup violation of -3.574 ns between my_cpu/pc_inst/PCout_reg[1]/C (clocked by sys_clk_pin) and my_cpu/data_mem_inst/memory_reg[17][4]/CE (clocked by sys_clk_pin). Large setup violations at the end of those stages might be difficult to fix during the post-placement implementation flow and could be the result of non-optimal XDC constraints or non-optimal design architecture
Related violations: <none>

TIMING-16#469 Warning
Large setup violation  
There is a large setup violation of -3.574 ns between my_cpu/pc_inst/PCout_reg[1]/C (clocked by sys_clk_pin) and my_cpu/data_mem_inst/memory_reg[17][5]/CE (clocked by sys_clk_pin). Large setup violations at the end of those stages might be difficult to fix during the post-placement implementation flow and could be the result of non-optimal XDC constraints or non-optimal design architecture
Related violations: <none>

TIMING-16#470 Warning
Large setup violation  
There is a large setup violation of -3.574 ns between my_cpu/pc_inst/PCout_reg[1]/C (clocked by sys_clk_pin) and my_cpu/data_mem_inst/memory_reg[17][6]/CE (clocked by sys_clk_pin). Large setup violations at the end of those stages might be difficult to fix during the post-placement implementation flow and could be the result of non-optimal XDC constraints or non-optimal design architecture
Related violations: <none>

TIMING-16#471 Warning
Large setup violation  
There is a large setup violation of -3.574 ns between my_cpu/pc_inst/PCout_reg[1]/C (clocked by sys_clk_pin) and my_cpu/data_mem_inst/memory_reg[17][7]/CE (clocked by sys_clk_pin). Large setup violations at the end of those stages might be difficult to fix during the post-placement implementation flow and could be the result of non-optimal XDC constraints or non-optimal design architecture
Related violations: <none>

TIMING-16#472 Warning
Large setup violation  
There is a large setup violation of -3.575 ns between my_cpu/pc_inst/PCout_reg[1]/C (clocked by sys_clk_pin) and my_cpu/data_mem_inst/memory_reg[31][0]/CE (clocked by sys_clk_pin). Large setup violations at the end of those stages might be difficult to fix during the post-placement implementation flow and could be the result of non-optimal XDC constraints or non-optimal design architecture
Related violations: <none>

TIMING-16#473 Warning
Large setup violation  
There is a large setup violation of -3.575 ns between my_cpu/pc_inst/PCout_reg[1]/C (clocked by sys_clk_pin) and my_cpu/data_mem_inst/memory_reg[31][3]/CE (clocked by sys_clk_pin). Large setup violations at the end of those stages might be difficult to fix during the post-placement implementation flow and could be the result of non-optimal XDC constraints or non-optimal design architecture
Related violations: <none>

TIMING-16#474 Warning
Large setup violation  
There is a large setup violation of -3.575 ns between my_cpu/pc_inst/PCout_reg[1]/C (clocked by sys_clk_pin) and my_cpu/data_mem_inst/memory_reg[31][6]/CE (clocked by sys_clk_pin). Large setup violations at the end of those stages might be difficult to fix during the post-placement implementation flow and could be the result of non-optimal XDC constraints or non-optimal design architecture
Related violations: <none>

TIMING-16#475 Warning
Large setup violation  
There is a large setup violation of -3.578 ns between my_cpu/pc_inst/PCout_reg[1]/C (clocked by sys_clk_pin) and my_cpu/data_mem_inst/memory_reg[0][1]/CE (clocked by sys_clk_pin). Large setup violations at the end of those stages might be difficult to fix during the post-placement implementation flow and could be the result of non-optimal XDC constraints or non-optimal design architecture
Related violations: <none>

TIMING-16#476 Warning
Large setup violation  
There is a large setup violation of -3.578 ns between my_cpu/pc_inst/PCout_reg[1]/C (clocked by sys_clk_pin) and my_cpu/data_mem_inst/memory_reg[0][7]/CE (clocked by sys_clk_pin). Large setup violations at the end of those stages might be difficult to fix during the post-placement implementation flow and could be the result of non-optimal XDC constraints or non-optimal design architecture
Related violations: <none>

TIMING-16#477 Warning
Large setup violation  
There is a large setup violation of -3.580 ns between my_cpu/pc_inst/PCout_reg[1]/C (clocked by sys_clk_pin) and my_cpu/data_mem_inst/memory_reg[12][0]/D (clocked by sys_clk_pin). Large setup violations at the end of those stages might be difficult to fix during the post-placement implementation flow and could be the result of non-optimal XDC constraints or non-optimal design architecture
Related violations: <none>

TIMING-16#478 Warning
Large setup violation  
There is a large setup violation of -3.583 ns between my_cpu/pc_inst/PCout_reg[1]/C (clocked by sys_clk_pin) and my_cpu/data_mem_inst/memory_reg[12][7]/D (clocked by sys_clk_pin). Large setup violations at the end of those stages might be difficult to fix during the post-placement implementation flow and could be the result of non-optimal XDC constraints or non-optimal design architecture
Related violations: <none>

TIMING-16#479 Warning
Large setup violation  
There is a large setup violation of -3.583 ns between my_cpu/pc_inst/PCout_reg[1]/C (clocked by sys_clk_pin) and my_cpu/data_mem_inst/memory_reg[20][4]/D (clocked by sys_clk_pin). Large setup violations at the end of those stages might be difficult to fix during the post-placement implementation flow and could be the result of non-optimal XDC constraints or non-optimal design architecture
Related violations: <none>

TIMING-16#480 Warning
Large setup violation  
There is a large setup violation of -3.588 ns between my_cpu/pc_inst/PCout_reg[1]/C (clocked by sys_clk_pin) and my_cpu/data_mem_inst/memory_reg[21][1]/CE (clocked by sys_clk_pin). Large setup violations at the end of those stages might be difficult to fix during the post-placement implementation flow and could be the result of non-optimal XDC constraints or non-optimal design architecture
Related violations: <none>

TIMING-16#481 Warning
Large setup violation  
There is a large setup violation of -3.588 ns between my_cpu/pc_inst/PCout_reg[1]/C (clocked by sys_clk_pin) and my_cpu/data_mem_inst/memory_reg[21][3]/CE (clocked by sys_clk_pin). Large setup violations at the end of those stages might be difficult to fix during the post-placement implementation flow and could be the result of non-optimal XDC constraints or non-optimal design architecture
Related violations: <none>

TIMING-16#482 Warning
Large setup violation  
There is a large setup violation of -3.588 ns between my_cpu/pc_inst/PCout_reg[1]/C (clocked by sys_clk_pin) and my_cpu/data_mem_inst/memory_reg[21][4]/CE (clocked by sys_clk_pin). Large setup violations at the end of those stages might be difficult to fix during the post-placement implementation flow and could be the result of non-optimal XDC constraints or non-optimal design architecture
Related violations: <none>

TIMING-16#483 Warning
Large setup violation  
There is a large setup violation of -3.588 ns between my_cpu/pc_inst/PCout_reg[1]/C (clocked by sys_clk_pin) and my_cpu/data_mem_inst/memory_reg[21][7]/CE (clocked by sys_clk_pin). Large setup violations at the end of those stages might be difficult to fix during the post-placement implementation flow and could be the result of non-optimal XDC constraints or non-optimal design architecture
Related violations: <none>

TIMING-16#484 Warning
Large setup violation  
There is a large setup violation of -3.591 ns between my_cpu/pc_inst/PCout_reg[1]/C (clocked by sys_clk_pin) and my_cpu/data_mem_inst/memory_reg[48][7]/D (clocked by sys_clk_pin). Large setup violations at the end of those stages might be difficult to fix during the post-placement implementation flow and could be the result of non-optimal XDC constraints or non-optimal design architecture
Related violations: <none>

TIMING-16#485 Warning
Large setup violation  
There is a large setup violation of -3.596 ns between my_cpu/pc_inst/PCout_reg[1]/C (clocked by sys_clk_pin) and my_cpu/data_mem_inst/memory_reg[23][6]/D (clocked by sys_clk_pin). Large setup violations at the end of those stages might be difficult to fix during the post-placement implementation flow and could be the result of non-optimal XDC constraints or non-optimal design architecture
Related violations: <none>

TIMING-16#486 Warning
Large setup violation  
There is a large setup violation of -3.600 ns between my_cpu/pc_inst/PCout_reg[1]/C (clocked by sys_clk_pin) and my_cpu/data_mem_inst/memory_reg[22][6]/CE (clocked by sys_clk_pin). Large setup violations at the end of those stages might be difficult to fix during the post-placement implementation flow and could be the result of non-optimal XDC constraints or non-optimal design architecture
Related violations: <none>

TIMING-16#487 Warning
Large setup violation  
There is a large setup violation of -3.601 ns between my_cpu/pc_inst/PCout_reg[1]/C (clocked by sys_clk_pin) and my_cpu/data_mem_inst/memory_reg[48][6]/D (clocked by sys_clk_pin). Large setup violations at the end of those stages might be difficult to fix during the post-placement implementation flow and could be the result of non-optimal XDC constraints or non-optimal design architecture
Related violations: <none>

TIMING-16#488 Warning
Large setup violation  
There is a large setup violation of -3.601 ns between my_cpu/pc_inst/PCout_reg[1]/C (clocked by sys_clk_pin) and my_cpu/data_mem_inst/memory_reg[57][2]/D (clocked by sys_clk_pin). Large setup violations at the end of those stages might be difficult to fix during the post-placement implementation flow and could be the result of non-optimal XDC constraints or non-optimal design architecture
Related violations: <none>

TIMING-16#489 Warning
Large setup violation  
There is a large setup violation of -3.601 ns between my_cpu/pc_inst/PCout_reg[1]/C (clocked by sys_clk_pin) and my_cpu/data_mem_inst/memory_reg[59][0]/CE (clocked by sys_clk_pin). Large setup violations at the end of those stages might be difficult to fix during the post-placement implementation flow and could be the result of non-optimal XDC constraints or non-optimal design architecture
Related violations: <none>

TIMING-16#490 Warning
Large setup violation  
There is a large setup violation of -3.601 ns between my_cpu/pc_inst/PCout_reg[1]/C (clocked by sys_clk_pin) and my_cpu/data_mem_inst/memory_reg[59][2]/CE (clocked by sys_clk_pin). Large setup violations at the end of those stages might be difficult to fix during the post-placement implementation flow and could be the result of non-optimal XDC constraints or non-optimal design architecture
Related violations: <none>

TIMING-16#491 Warning
Large setup violation  
There is a large setup violation of -3.601 ns between my_cpu/pc_inst/PCout_reg[1]/C (clocked by sys_clk_pin) and my_cpu/data_mem_inst/memory_reg[59][3]/CE (clocked by sys_clk_pin). Large setup violations at the end of those stages might be difficult to fix during the post-placement implementation flow and could be the result of non-optimal XDC constraints or non-optimal design architecture
Related violations: <none>

TIMING-16#492 Warning
Large setup violation  
There is a large setup violation of -3.605 ns between my_cpu/pc_inst/PCout_reg[1]/C (clocked by sys_clk_pin) and my_cpu/data_mem_inst/memory_reg[24][6]/D (clocked by sys_clk_pin). Large setup violations at the end of those stages might be difficult to fix during the post-placement implementation flow and could be the result of non-optimal XDC constraints or non-optimal design architecture
Related violations: <none>

TIMING-16#493 Warning
Large setup violation  
There is a large setup violation of -3.607 ns between my_cpu/pc_inst/PCout_reg[1]/C (clocked by sys_clk_pin) and my_cpu/data_mem_inst/memory_reg[22][0]/D (clocked by sys_clk_pin). Large setup violations at the end of those stages might be difficult to fix during the post-placement implementation flow and could be the result of non-optimal XDC constraints or non-optimal design architecture
Related violations: <none>

TIMING-16#494 Warning
Large setup violation  
There is a large setup violation of -3.617 ns between my_cpu/pc_inst/PCout_reg[1]/C (clocked by sys_clk_pin) and my_cpu/data_mem_inst/memory_reg[50][5]/D (clocked by sys_clk_pin). Large setup violations at the end of those stages might be difficult to fix during the post-placement implementation flow and could be the result of non-optimal XDC constraints or non-optimal design architecture
Related violations: <none>

TIMING-16#495 Warning
Large setup violation  
There is a large setup violation of -3.618 ns between my_cpu/pc_inst/PCout_reg[1]/C (clocked by sys_clk_pin) and my_cpu/data_mem_inst/memory_reg[25][6]/CE (clocked by sys_clk_pin). Large setup violations at the end of those stages might be difficult to fix during the post-placement implementation flow and could be the result of non-optimal XDC constraints or non-optimal design architecture
Related violations: <none>

TIMING-16#496 Warning
Large setup violation  
There is a large setup violation of -3.618 ns between my_cpu/pc_inst/PCout_reg[1]/C (clocked by sys_clk_pin) and my_cpu/data_mem_inst/memory_reg[25][7]/CE (clocked by sys_clk_pin). Large setup violations at the end of those stages might be difficult to fix during the post-placement implementation flow and could be the result of non-optimal XDC constraints or non-optimal design architecture
Related violations: <none>

TIMING-16#497 Warning
Large setup violation  
There is a large setup violation of -3.621 ns between my_cpu/pc_inst/PCout_reg[1]/C (clocked by sys_clk_pin) and my_cpu/data_mem_inst/memory_reg[23][3]/D (clocked by sys_clk_pin). Large setup violations at the end of those stages might be difficult to fix during the post-placement implementation flow and could be the result of non-optimal XDC constraints or non-optimal design architecture
Related violations: <none>

TIMING-16#498 Warning
Large setup violation  
There is a large setup violation of -3.624 ns between my_cpu/pc_inst/PCout_reg[1]/C (clocked by sys_clk_pin) and my_cpu/data_mem_inst/memory_reg[29][0]/CE (clocked by sys_clk_pin). Large setup violations at the end of those stages might be difficult to fix during the post-placement implementation flow and could be the result of non-optimal XDC constraints or non-optimal design architecture
Related violations: <none>

TIMING-16#499 Warning
Large setup violation  
There is a large setup violation of -3.624 ns between my_cpu/pc_inst/PCout_reg[1]/C (clocked by sys_clk_pin) and my_cpu/data_mem_inst/memory_reg[29][4]/CE (clocked by sys_clk_pin). Large setup violations at the end of those stages might be difficult to fix during the post-placement implementation flow and could be the result of non-optimal XDC constraints or non-optimal design architecture
Related violations: <none>

TIMING-16#500 Warning
Large setup violation  
There is a large setup violation of -3.624 ns between my_cpu/pc_inst/PCout_reg[1]/C (clocked by sys_clk_pin) and my_cpu/data_mem_inst/memory_reg[29][5]/CE (clocked by sys_clk_pin). Large setup violations at the end of those stages might be difficult to fix during the post-placement implementation flow and could be the result of non-optimal XDC constraints or non-optimal design architecture
Related violations: <none>

TIMING-16#501 Warning
Large setup violation  
There is a large setup violation of -3.624 ns between my_cpu/pc_inst/PCout_reg[1]/C (clocked by sys_clk_pin) and my_cpu/data_mem_inst/memory_reg[49][0]/CE (clocked by sys_clk_pin). Large setup violations at the end of those stages might be difficult to fix during the post-placement implementation flow and could be the result of non-optimal XDC constraints or non-optimal design architecture
Related violations: <none>

TIMING-16#502 Warning
Large setup violation  
There is a large setup violation of -3.624 ns between my_cpu/pc_inst/PCout_reg[1]/C (clocked by sys_clk_pin) and my_cpu/data_mem_inst/memory_reg[49][3]/CE (clocked by sys_clk_pin). Large setup violations at the end of those stages might be difficult to fix during the post-placement implementation flow and could be the result of non-optimal XDC constraints or non-optimal design architecture
Related violations: <none>

TIMING-16#503 Warning
Large setup violation  
There is a large setup violation of -3.624 ns between my_cpu/pc_inst/PCout_reg[1]/C (clocked by sys_clk_pin) and my_cpu/data_mem_inst/memory_reg[49][4]/CE (clocked by sys_clk_pin). Large setup violations at the end of those stages might be difficult to fix during the post-placement implementation flow and could be the result of non-optimal XDC constraints or non-optimal design architecture
Related violations: <none>

TIMING-16#504 Warning
Large setup violation  
There is a large setup violation of -3.624 ns between my_cpu/pc_inst/PCout_reg[1]/C (clocked by sys_clk_pin) and my_cpu/data_mem_inst/memory_reg[49][5]/CE (clocked by sys_clk_pin). Large setup violations at the end of those stages might be difficult to fix during the post-placement implementation flow and could be the result of non-optimal XDC constraints or non-optimal design architecture
Related violations: <none>

TIMING-16#505 Warning
Large setup violation  
There is a large setup violation of -3.624 ns between my_cpu/pc_inst/PCout_reg[1]/C (clocked by sys_clk_pin) and my_cpu/data_mem_inst/memory_reg[49][6]/CE (clocked by sys_clk_pin). Large setup violations at the end of those stages might be difficult to fix during the post-placement implementation flow and could be the result of non-optimal XDC constraints or non-optimal design architecture
Related violations: <none>

TIMING-16#506 Warning
Large setup violation  
There is a large setup violation of -3.624 ns between my_cpu/pc_inst/PCout_reg[1]/C (clocked by sys_clk_pin) and my_cpu/data_mem_inst/memory_reg[49][7]/CE (clocked by sys_clk_pin). Large setup violations at the end of those stages might be difficult to fix during the post-placement implementation flow and could be the result of non-optimal XDC constraints or non-optimal design architecture
Related violations: <none>

TIMING-16#507 Warning
Large setup violation  
There is a large setup violation of -3.628 ns between my_cpu/pc_inst/PCout_reg[1]/C (clocked by sys_clk_pin) and my_cpu/data_mem_inst/memory_reg[46][2]/CE (clocked by sys_clk_pin). Large setup violations at the end of those stages might be difficult to fix during the post-placement implementation flow and could be the result of non-optimal XDC constraints or non-optimal design architecture
Related violations: <none>

TIMING-16#508 Warning
Large setup violation  
There is a large setup violation of -3.628 ns between my_cpu/pc_inst/PCout_reg[1]/C (clocked by sys_clk_pin) and my_cpu/data_mem_inst/memory_reg[4][0]/D (clocked by sys_clk_pin). Large setup violations at the end of those stages might be difficult to fix during the post-placement implementation flow and could be the result of non-optimal XDC constraints or non-optimal design architecture
Related violations: <none>

TIMING-16#509 Warning
Large setup violation  
There is a large setup violation of -3.630 ns between my_cpu/pc_inst/PCout_reg[1]/C (clocked by sys_clk_pin) and my_cpu/data_mem_inst/memory_reg[22][7]/D (clocked by sys_clk_pin). Large setup violations at the end of those stages might be difficult to fix during the post-placement implementation flow and could be the result of non-optimal XDC constraints or non-optimal design architecture
Related violations: <none>

TIMING-16#510 Warning
Large setup violation  
There is a large setup violation of -3.630 ns between my_cpu/pc_inst/PCout_reg[1]/C (clocked by sys_clk_pin) and my_cpu/data_mem_inst/memory_reg[62][3]/D (clocked by sys_clk_pin). Large setup violations at the end of those stages might be difficult to fix during the post-placement implementation flow and could be the result of non-optimal XDC constraints or non-optimal design architecture
Related violations: <none>

TIMING-16#511 Warning
Large setup violation  
There is a large setup violation of -3.632 ns between my_cpu/pc_inst/PCout_reg[1]/C (clocked by sys_clk_pin) and my_cpu/data_mem_inst/memory_reg[14][2]/D (clocked by sys_clk_pin). Large setup violations at the end of those stages might be difficult to fix during the post-placement implementation flow and could be the result of non-optimal XDC constraints or non-optimal design architecture
Related violations: <none>

TIMING-16#512 Warning
Large setup violation  
There is a large setup violation of -3.633 ns between my_cpu/pc_inst/PCout_reg[1]/C (clocked by sys_clk_pin) and my_cpu/data_mem_inst/memory_reg[57][3]/D (clocked by sys_clk_pin). Large setup violations at the end of those stages might be difficult to fix during the post-placement implementation flow and could be the result of non-optimal XDC constraints or non-optimal design architecture
Related violations: <none>

TIMING-16#513 Warning
Large setup violation  
There is a large setup violation of -3.634 ns between my_cpu/pc_inst/PCout_reg[1]/C (clocked by sys_clk_pin) and my_cpu/data_mem_inst/memory_reg[34][5]/D (clocked by sys_clk_pin). Large setup violations at the end of those stages might be difficult to fix during the post-placement implementation flow and could be the result of non-optimal XDC constraints or non-optimal design architecture
Related violations: <none>

TIMING-16#514 Warning
Large setup violation  
There is a large setup violation of -3.635 ns between my_cpu/pc_inst/PCout_reg[1]/C (clocked by sys_clk_pin) and my_cpu/data_mem_inst/memory_reg[10][7]/D (clocked by sys_clk_pin). Large setup violations at the end of those stages might be difficult to fix during the post-placement implementation flow and could be the result of non-optimal XDC constraints or non-optimal design architecture
Related violations: <none>

TIMING-16#515 Warning
Large setup violation  
There is a large setup violation of -3.636 ns between my_cpu/pc_inst/PCout_reg[1]/C (clocked by sys_clk_pin) and my_cpu/data_mem_inst/memory_reg[28][3]/CE (clocked by sys_clk_pin). Large setup violations at the end of those stages might be difficult to fix during the post-placement implementation flow and could be the result of non-optimal XDC constraints or non-optimal design architecture
Related violations: <none>

TIMING-16#516 Warning
Large setup violation  
There is a large setup violation of -3.636 ns between my_cpu/pc_inst/PCout_reg[1]/C (clocked by sys_clk_pin) and my_cpu/data_mem_inst/memory_reg[28][4]/CE (clocked by sys_clk_pin). Large setup violations at the end of those stages might be difficult to fix during the post-placement implementation flow and could be the result of non-optimal XDC constraints or non-optimal design architecture
Related violations: <none>

TIMING-16#517 Warning
Large setup violation  
There is a large setup violation of -3.636 ns between my_cpu/pc_inst/PCout_reg[1]/C (clocked by sys_clk_pin) and my_cpu/data_mem_inst/memory_reg[28][5]/CE (clocked by sys_clk_pin). Large setup violations at the end of those stages might be difficult to fix during the post-placement implementation flow and could be the result of non-optimal XDC constraints or non-optimal design architecture
Related violations: <none>

TIMING-16#518 Warning
Large setup violation  
There is a large setup violation of -3.637 ns between my_cpu/pc_inst/PCout_reg[1]/C (clocked by sys_clk_pin) and my_cpu/data_mem_inst/memory_reg[60][2]/D (clocked by sys_clk_pin). Large setup violations at the end of those stages might be difficult to fix during the post-placement implementation flow and could be the result of non-optimal XDC constraints or non-optimal design architecture
Related violations: <none>

TIMING-16#519 Warning
Large setup violation  
There is a large setup violation of -3.638 ns between my_cpu/pc_inst/PCout_reg[1]/C (clocked by sys_clk_pin) and my_cpu/data_mem_inst/memory_reg[16][3]/CE (clocked by sys_clk_pin). Large setup violations at the end of those stages might be difficult to fix during the post-placement implementation flow and could be the result of non-optimal XDC constraints or non-optimal design architecture
Related violations: <none>

TIMING-16#520 Warning
Large setup violation  
There is a large setup violation of -3.638 ns between my_cpu/pc_inst/PCout_reg[1]/C (clocked by sys_clk_pin) and my_cpu/data_mem_inst/memory_reg[16][4]/CE (clocked by sys_clk_pin). Large setup violations at the end of those stages might be difficult to fix during the post-placement implementation flow and could be the result of non-optimal XDC constraints or non-optimal design architecture
Related violations: <none>

TIMING-16#521 Warning
Large setup violation  
There is a large setup violation of -3.638 ns between my_cpu/pc_inst/PCout_reg[1]/C (clocked by sys_clk_pin) and my_cpu/data_mem_inst/memory_reg[46][0]/CE (clocked by sys_clk_pin). Large setup violations at the end of those stages might be difficult to fix during the post-placement implementation flow and could be the result of non-optimal XDC constraints or non-optimal design architecture
Related violations: <none>

TIMING-16#522 Warning
Large setup violation  
There is a large setup violation of -3.638 ns between my_cpu/pc_inst/PCout_reg[1]/C (clocked by sys_clk_pin) and my_cpu/data_mem_inst/memory_reg[46][3]/CE (clocked by sys_clk_pin). Large setup violations at the end of those stages might be difficult to fix during the post-placement implementation flow and could be the result of non-optimal XDC constraints or non-optimal design architecture
Related violations: <none>

TIMING-16#523 Warning
Large setup violation  
There is a large setup violation of -3.640 ns between my_cpu/pc_inst/PCout_reg[1]/C (clocked by sys_clk_pin) and my_cpu/data_mem_inst/memory_reg[24][3]/D (clocked by sys_clk_pin). Large setup violations at the end of those stages might be difficult to fix during the post-placement implementation flow and could be the result of non-optimal XDC constraints or non-optimal design architecture
Related violations: <none>

TIMING-16#524 Warning
Large setup violation  
There is a large setup violation of -3.640 ns between my_cpu/pc_inst/PCout_reg[1]/C (clocked by sys_clk_pin) and my_cpu/data_mem_inst/memory_reg[40][4]/CE (clocked by sys_clk_pin). Large setup violations at the end of those stages might be difficult to fix during the post-placement implementation flow and could be the result of non-optimal XDC constraints or non-optimal design architecture
Related violations: <none>

TIMING-16#525 Warning
Large setup violation  
There is a large setup violation of -3.640 ns between my_cpu/pc_inst/PCout_reg[1]/C (clocked by sys_clk_pin) and my_cpu/data_mem_inst/memory_reg[43][0]/CE (clocked by sys_clk_pin). Large setup violations at the end of those stages might be difficult to fix during the post-placement implementation flow and could be the result of non-optimal XDC constraints or non-optimal design architecture
Related violations: <none>

TIMING-16#526 Warning
Large setup violation  
There is a large setup violation of -3.640 ns between my_cpu/pc_inst/PCout_reg[1]/C (clocked by sys_clk_pin) and my_cpu/data_mem_inst/memory_reg[43][1]/CE (clocked by sys_clk_pin). Large setup violations at the end of those stages might be difficult to fix during the post-placement implementation flow and could be the result of non-optimal XDC constraints or non-optimal design architecture
Related violations: <none>

TIMING-16#527 Warning
Large setup violation  
There is a large setup violation of -3.640 ns between my_cpu/pc_inst/PCout_reg[1]/C (clocked by sys_clk_pin) and my_cpu/data_mem_inst/memory_reg[43][5]/CE (clocked by sys_clk_pin). Large setup violations at the end of those stages might be difficult to fix during the post-placement implementation flow and could be the result of non-optimal XDC constraints or non-optimal design architecture
Related violations: <none>

TIMING-16#528 Warning
Large setup violation  
There is a large setup violation of -3.640 ns between my_cpu/pc_inst/PCout_reg[1]/C (clocked by sys_clk_pin) and my_cpu/data_mem_inst/memory_reg[56][3]/D (clocked by sys_clk_pin). Large setup violations at the end of those stages might be difficult to fix during the post-placement implementation flow and could be the result of non-optimal XDC constraints or non-optimal design architecture
Related violations: <none>

TIMING-16#529 Warning
Large setup violation  
There is a large setup violation of -3.641 ns between my_cpu/pc_inst/PCout_reg[1]/C (clocked by sys_clk_pin) and my_cpu/data_mem_inst/memory_reg[22][6]/D (clocked by sys_clk_pin). Large setup violations at the end of those stages might be difficult to fix during the post-placement implementation flow and could be the result of non-optimal XDC constraints or non-optimal design architecture
Related violations: <none>

TIMING-16#530 Warning
Large setup violation  
There is a large setup violation of -3.641 ns between my_cpu/pc_inst/PCout_reg[1]/C (clocked by sys_clk_pin) and my_cpu/data_mem_inst/memory_reg[44][2]/D (clocked by sys_clk_pin). Large setup violations at the end of those stages might be difficult to fix during the post-placement implementation flow and could be the result of non-optimal XDC constraints or non-optimal design architecture
Related violations: <none>

TIMING-16#531 Warning
Large setup violation  
There is a large setup violation of -3.641 ns between my_cpu/pc_inst/PCout_reg[1]/C (clocked by sys_clk_pin) and my_cpu/data_mem_inst/memory_reg[60][1]/D (clocked by sys_clk_pin). Large setup violations at the end of those stages might be difficult to fix during the post-placement implementation flow and could be the result of non-optimal XDC constraints or non-optimal design architecture
Related violations: <none>

TIMING-16#532 Warning
Large setup violation  
There is a large setup violation of -3.644 ns between my_cpu/pc_inst/PCout_reg[1]/C (clocked by sys_clk_pin) and my_cpu/data_mem_inst/memory_reg[12][1]/D (clocked by sys_clk_pin). Large setup violations at the end of those stages might be difficult to fix during the post-placement implementation flow and could be the result of non-optimal XDC constraints or non-optimal design architecture
Related violations: <none>

TIMING-16#533 Warning
Large setup violation  
There is a large setup violation of -3.644 ns between my_cpu/pc_inst/PCout_reg[1]/C (clocked by sys_clk_pin) and my_cpu/data_mem_inst/memory_reg[59][5]/CE (clocked by sys_clk_pin). Large setup violations at the end of those stages might be difficult to fix during the post-placement implementation flow and could be the result of non-optimal XDC constraints or non-optimal design architecture
Related violations: <none>

TIMING-16#534 Warning
Large setup violation  
There is a large setup violation of -3.649 ns between my_cpu/pc_inst/PCout_reg[1]/C (clocked by sys_clk_pin) and my_cpu/data_mem_inst/memory_reg[0][3]/CE (clocked by sys_clk_pin). Large setup violations at the end of those stages might be difficult to fix during the post-placement implementation flow and could be the result of non-optimal XDC constraints or non-optimal design architecture
Related violations: <none>

TIMING-16#535 Warning
Large setup violation  
There is a large setup violation of -3.649 ns between my_cpu/pc_inst/PCout_reg[1]/C (clocked by sys_clk_pin) and my_cpu/data_mem_inst/memory_reg[28][0]/CE (clocked by sys_clk_pin). Large setup violations at the end of those stages might be difficult to fix during the post-placement implementation flow and could be the result of non-optimal XDC constraints or non-optimal design architecture
Related violations: <none>

TIMING-16#536 Warning
Large setup violation  
There is a large setup violation of -3.649 ns between my_cpu/pc_inst/PCout_reg[1]/C (clocked by sys_clk_pin) and my_cpu/data_mem_inst/memory_reg[28][7]/CE (clocked by sys_clk_pin). Large setup violations at the end of those stages might be difficult to fix during the post-placement implementation flow and could be the result of non-optimal XDC constraints or non-optimal design architecture
Related violations: <none>

TIMING-16#537 Warning
Large setup violation  
There is a large setup violation of -3.649 ns between my_cpu/pc_inst/PCout_reg[1]/C (clocked by sys_clk_pin) and my_cpu/data_mem_inst/memory_reg[29][7]/CE (clocked by sys_clk_pin). Large setup violations at the end of those stages might be difficult to fix during the post-placement implementation flow and could be the result of non-optimal XDC constraints or non-optimal design architecture
Related violations: <none>

TIMING-16#538 Warning
Large setup violation  
There is a large setup violation of -3.649 ns between my_cpu/pc_inst/PCout_reg[1]/C (clocked by sys_clk_pin) and my_cpu/data_mem_inst/memory_reg[51][1]/CE (clocked by sys_clk_pin). Large setup violations at the end of those stages might be difficult to fix during the post-placement implementation flow and could be the result of non-optimal XDC constraints or non-optimal design architecture
Related violations: <none>

TIMING-16#539 Warning
Large setup violation  
There is a large setup violation of -3.649 ns between my_cpu/pc_inst/PCout_reg[1]/C (clocked by sys_clk_pin) and my_cpu/data_mem_inst/memory_reg[51][3]/CE (clocked by sys_clk_pin). Large setup violations at the end of those stages might be difficult to fix during the post-placement implementation flow and could be the result of non-optimal XDC constraints or non-optimal design architecture
Related violations: <none>

TIMING-16#540 Warning
Large setup violation  
There is a large setup violation of -3.649 ns between my_cpu/pc_inst/PCout_reg[1]/C (clocked by sys_clk_pin) and my_cpu/data_mem_inst/memory_reg[51][4]/CE (clocked by sys_clk_pin). Large setup violations at the end of those stages might be difficult to fix during the post-placement implementation flow and could be the result of non-optimal XDC constraints or non-optimal design architecture
Related violations: <none>

TIMING-16#541 Warning
Large setup violation  
There is a large setup violation of -3.649 ns between my_cpu/pc_inst/PCout_reg[1]/C (clocked by sys_clk_pin) and my_cpu/data_mem_inst/memory_reg[51][6]/CE (clocked by sys_clk_pin). Large setup violations at the end of those stages might be difficult to fix during the post-placement implementation flow and could be the result of non-optimal XDC constraints or non-optimal design architecture
Related violations: <none>

TIMING-16#542 Warning
Large setup violation  
There is a large setup violation of -3.650 ns between my_cpu/pc_inst/PCout_reg[1]/C (clocked by sys_clk_pin) and my_cpu/data_mem_inst/memory_reg[10][1]/CE (clocked by sys_clk_pin). Large setup violations at the end of those stages might be difficult to fix during the post-placement implementation flow and could be the result of non-optimal XDC constraints or non-optimal design architecture
Related violations: <none>

TIMING-16#543 Warning
Large setup violation  
There is a large setup violation of -3.650 ns between my_cpu/pc_inst/PCout_reg[1]/C (clocked by sys_clk_pin) and my_cpu/data_mem_inst/memory_reg[45][0]/CE (clocked by sys_clk_pin). Large setup violations at the end of those stages might be difficult to fix during the post-placement implementation flow and could be the result of non-optimal XDC constraints or non-optimal design architecture
Related violations: <none>

TIMING-16#544 Warning
Large setup violation  
There is a large setup violation of -3.650 ns between my_cpu/pc_inst/PCout_reg[1]/C (clocked by sys_clk_pin) and my_cpu/data_mem_inst/memory_reg[45][4]/CE (clocked by sys_clk_pin). Large setup violations at the end of those stages might be difficult to fix during the post-placement implementation flow and could be the result of non-optimal XDC constraints or non-optimal design architecture
Related violations: <none>

TIMING-16#545 Warning
Large setup violation  
There is a large setup violation of -3.650 ns between my_cpu/pc_inst/PCout_reg[1]/C (clocked by sys_clk_pin) and my_cpu/data_mem_inst/memory_reg[45][5]/CE (clocked by sys_clk_pin). Large setup violations at the end of those stages might be difficult to fix during the post-placement implementation flow and could be the result of non-optimal XDC constraints or non-optimal design architecture
Related violations: <none>

TIMING-16#546 Warning
Large setup violation  
There is a large setup violation of -3.650 ns between my_cpu/pc_inst/PCout_reg[1]/C (clocked by sys_clk_pin) and my_cpu/data_mem_inst/memory_reg[45][7]/CE (clocked by sys_clk_pin). Large setup violations at the end of those stages might be difficult to fix during the post-placement implementation flow and could be the result of non-optimal XDC constraints or non-optimal design architecture
Related violations: <none>

TIMING-16#547 Warning
Large setup violation  
There is a large setup violation of -3.651 ns between my_cpu/pc_inst/PCout_reg[1]/C (clocked by sys_clk_pin) and my_cpu/data_mem_inst/memory_reg[26][3]/D (clocked by sys_clk_pin). Large setup violations at the end of those stages might be difficult to fix during the post-placement implementation flow and could be the result of non-optimal XDC constraints or non-optimal design architecture
Related violations: <none>

TIMING-16#548 Warning
Large setup violation  
There is a large setup violation of -3.652 ns between my_cpu/pc_inst/PCout_reg[1]/C (clocked by sys_clk_pin) and my_cpu/data_mem_inst/memory_reg[44][2]/CE (clocked by sys_clk_pin). Large setup violations at the end of those stages might be difficult to fix during the post-placement implementation flow and could be the result of non-optimal XDC constraints or non-optimal design architecture
Related violations: <none>

TIMING-16#549 Warning
Large setup violation  
There is a large setup violation of -3.652 ns between my_cpu/pc_inst/PCout_reg[1]/C (clocked by sys_clk_pin) and my_cpu/data_mem_inst/memory_reg[44][6]/CE (clocked by sys_clk_pin). Large setup violations at the end of those stages might be difficult to fix during the post-placement implementation flow and could be the result of non-optimal XDC constraints or non-optimal design architecture
Related violations: <none>

TIMING-16#550 Warning
Large setup violation  
There is a large setup violation of -3.653 ns between my_cpu/pc_inst/PCout_reg[1]/C (clocked by sys_clk_pin) and my_cpu/data_mem_inst/memory_reg[60][3]/D (clocked by sys_clk_pin). Large setup violations at the end of those stages might be difficult to fix during the post-placement implementation flow and could be the result of non-optimal XDC constraints or non-optimal design architecture
Related violations: <none>

TIMING-16#551 Warning
Large setup violation  
There is a large setup violation of -3.654 ns between my_cpu/pc_inst/PCout_reg[1]/C (clocked by sys_clk_pin) and my_cpu/data_mem_inst/memory_reg[31][2]/CE (clocked by sys_clk_pin). Large setup violations at the end of those stages might be difficult to fix during the post-placement implementation flow and could be the result of non-optimal XDC constraints or non-optimal design architecture
Related violations: <none>

TIMING-16#552 Warning
Large setup violation  
There is a large setup violation of -3.654 ns between my_cpu/pc_inst/PCout_reg[1]/C (clocked by sys_clk_pin) and my_cpu/data_mem_inst/memory_reg[31][5]/CE (clocked by sys_clk_pin). Large setup violations at the end of those stages might be difficult to fix during the post-placement implementation flow and could be the result of non-optimal XDC constraints or non-optimal design architecture
Related violations: <none>

TIMING-16#553 Warning
Large setup violation  
There is a large setup violation of -3.655 ns between my_cpu/pc_inst/PCout_reg[1]/C (clocked by sys_clk_pin) and my_cpu/data_mem_inst/memory_reg[10][3]/CE (clocked by sys_clk_pin). Large setup violations at the end of those stages might be difficult to fix during the post-placement implementation flow and could be the result of non-optimal XDC constraints or non-optimal design architecture
Related violations: <none>

TIMING-16#554 Warning
Large setup violation  
There is a large setup violation of -3.655 ns between my_cpu/pc_inst/PCout_reg[1]/C (clocked by sys_clk_pin) and my_cpu/data_mem_inst/memory_reg[10][4]/CE (clocked by sys_clk_pin). Large setup violations at the end of those stages might be difficult to fix during the post-placement implementation flow and could be the result of non-optimal XDC constraints or non-optimal design architecture
Related violations: <none>

TIMING-16#555 Warning
Large setup violation  
There is a large setup violation of -3.659 ns between my_cpu/pc_inst/PCout_reg[1]/C (clocked by sys_clk_pin) and my_cpu/data_mem_inst/memory_reg[47][5]/CE (clocked by sys_clk_pin). Large setup violations at the end of those stages might be difficult to fix during the post-placement implementation flow and could be the result of non-optimal XDC constraints or non-optimal design architecture
Related violations: <none>

TIMING-16#556 Warning
Large setup violation  
There is a large setup violation of -3.659 ns between my_cpu/pc_inst/PCout_reg[1]/C (clocked by sys_clk_pin) and my_cpu/data_mem_inst/memory_reg[47][7]/CE (clocked by sys_clk_pin). Large setup violations at the end of those stages might be difficult to fix during the post-placement implementation flow and could be the result of non-optimal XDC constraints or non-optimal design architecture
Related violations: <none>

TIMING-16#557 Warning
Large setup violation  
There is a large setup violation of -3.659 ns between my_cpu/pc_inst/PCout_reg[1]/C (clocked by sys_clk_pin) and my_cpu/data_mem_inst/memory_reg[62][0]/D (clocked by sys_clk_pin). Large setup violations at the end of those stages might be difficult to fix during the post-placement implementation flow and could be the result of non-optimal XDC constraints or non-optimal design architecture
Related violations: <none>

TIMING-16#558 Warning
Large setup violation  
There is a large setup violation of -3.661 ns between my_cpu/pc_inst/PCout_reg[1]/C (clocked by sys_clk_pin) and my_cpu/data_mem_inst/memory_reg[44][6]/D (clocked by sys_clk_pin). Large setup violations at the end of those stages might be difficult to fix during the post-placement implementation flow and could be the result of non-optimal XDC constraints or non-optimal design architecture
Related violations: <none>

TIMING-16#559 Warning
Large setup violation  
There is a large setup violation of -3.664 ns between my_cpu/pc_inst/PCout_reg[1]/C (clocked by sys_clk_pin) and my_cpu/data_mem_inst/memory_reg[10][7]/CE (clocked by sys_clk_pin). Large setup violations at the end of those stages might be difficult to fix during the post-placement implementation flow and could be the result of non-optimal XDC constraints or non-optimal design architecture
Related violations: <none>

TIMING-16#560 Warning
Large setup violation  
There is a large setup violation of -3.667 ns between my_cpu/pc_inst/PCout_reg[1]/C (clocked by sys_clk_pin) and my_cpu/data_mem_inst/memory_reg[62][1]/D (clocked by sys_clk_pin). Large setup violations at the end of those stages might be difficult to fix during the post-placement implementation flow and could be the result of non-optimal XDC constraints or non-optimal design architecture
Related violations: <none>

TIMING-16#561 Warning
Large setup violation  
There is a large setup violation of -3.670 ns between my_cpu/pc_inst/PCout_reg[1]/C (clocked by sys_clk_pin) and my_cpu/data_mem_inst/memory_reg[6][7]/D (clocked by sys_clk_pin). Large setup violations at the end of those stages might be difficult to fix during the post-placement implementation flow and could be the result of non-optimal XDC constraints or non-optimal design architecture
Related violations: <none>

TIMING-16#562 Warning
Large setup violation  
There is a large setup violation of -3.671 ns between my_cpu/pc_inst/PCout_reg[1]/C (clocked by sys_clk_pin) and my_cpu/data_mem_inst/memory_reg[54][2]/D (clocked by sys_clk_pin). Large setup violations at the end of those stages might be difficult to fix during the post-placement implementation flow and could be the result of non-optimal XDC constraints or non-optimal design architecture
Related violations: <none>

TIMING-16#563 Warning
Large setup violation  
There is a large setup violation of -3.672 ns between my_cpu/pc_inst/PCout_reg[1]/C (clocked by sys_clk_pin) and my_cpu/data_mem_inst/memory_reg[45][1]/CE (clocked by sys_clk_pin). Large setup violations at the end of those stages might be difficult to fix during the post-placement implementation flow and could be the result of non-optimal XDC constraints or non-optimal design architecture
Related violations: <none>

TIMING-16#564 Warning
Large setup violation  
There is a large setup violation of -3.672 ns between my_cpu/pc_inst/PCout_reg[1]/C (clocked by sys_clk_pin) and my_cpu/data_mem_inst/memory_reg[45][6]/CE (clocked by sys_clk_pin). Large setup violations at the end of those stages might be difficult to fix during the post-placement implementation flow and could be the result of non-optimal XDC constraints or non-optimal design architecture
Related violations: <none>

TIMING-16#565 Warning
Large setup violation  
There is a large setup violation of -3.674 ns between my_cpu/pc_inst/PCout_reg[1]/C (clocked by sys_clk_pin) and my_cpu/data_mem_inst/memory_reg[60][7]/D (clocked by sys_clk_pin). Large setup violations at the end of those stages might be difficult to fix during the post-placement implementation flow and could be the result of non-optimal XDC constraints or non-optimal design architecture
Related violations: <none>

TIMING-16#566 Warning
Large setup violation  
There is a large setup violation of -3.675 ns between my_cpu/pc_inst/PCout_reg[1]/C (clocked by sys_clk_pin) and my_cpu/data_mem_inst/memory_reg[47][0]/CE (clocked by sys_clk_pin). Large setup violations at the end of those stages might be difficult to fix during the post-placement implementation flow and could be the result of non-optimal XDC constraints or non-optimal design architecture
Related violations: <none>

TIMING-16#567 Warning
Large setup violation  
There is a large setup violation of -3.677 ns between my_cpu/pc_inst/PCout_reg[1]/C (clocked by sys_clk_pin) and my_cpu/data_mem_inst/memory_reg[32][6]/CE (clocked by sys_clk_pin). Large setup violations at the end of those stages might be difficult to fix during the post-placement implementation flow and could be the result of non-optimal XDC constraints or non-optimal design architecture
Related violations: <none>

TIMING-16#568 Warning
Large setup violation  
There is a large setup violation of -3.677 ns between my_cpu/pc_inst/PCout_reg[1]/C (clocked by sys_clk_pin) and my_cpu/data_mem_inst/memory_reg[32][7]/CE (clocked by sys_clk_pin). Large setup violations at the end of those stages might be difficult to fix during the post-placement implementation flow and could be the result of non-optimal XDC constraints or non-optimal design architecture
Related violations: <none>

TIMING-16#569 Warning
Large setup violation  
There is a large setup violation of -3.677 ns between my_cpu/pc_inst/PCout_reg[1]/C (clocked by sys_clk_pin) and my_cpu/data_mem_inst/memory_reg[60][4]/D (clocked by sys_clk_pin). Large setup violations at the end of those stages might be difficult to fix during the post-placement implementation flow and could be the result of non-optimal XDC constraints or non-optimal design architecture
Related violations: <none>

TIMING-16#570 Warning
Large setup violation  
There is a large setup violation of -3.681 ns between my_cpu/pc_inst/PCout_reg[1]/C (clocked by sys_clk_pin) and my_cpu/data_mem_inst/memory_reg[28][2]/D (clocked by sys_clk_pin). Large setup violations at the end of those stages might be difficult to fix during the post-placement implementation flow and could be the result of non-optimal XDC constraints or non-optimal design architecture
Related violations: <none>

TIMING-16#571 Warning
Large setup violation  
There is a large setup violation of -3.681 ns between my_cpu/pc_inst/PCout_reg[1]/C (clocked by sys_clk_pin) and my_cpu/data_mem_inst/memory_reg[50][2]/D (clocked by sys_clk_pin). Large setup violations at the end of those stages might be difficult to fix during the post-placement implementation flow and could be the result of non-optimal XDC constraints or non-optimal design architecture
Related violations: <none>

TIMING-16#572 Warning
Large setup violation  
There is a large setup violation of -3.682 ns between my_cpu/pc_inst/PCout_reg[1]/C (clocked by sys_clk_pin) and my_cpu/data_mem_inst/memory_reg[6][0]/D (clocked by sys_clk_pin). Large setup violations at the end of those stages might be difficult to fix during the post-placement implementation flow and could be the result of non-optimal XDC constraints or non-optimal design architecture
Related violations: <none>

TIMING-16#573 Warning
Large setup violation  
There is a large setup violation of -3.683 ns between my_cpu/pc_inst/PCout_reg[1]/C (clocked by sys_clk_pin) and my_cpu/data_mem_inst/memory_reg[24][3]/CE (clocked by sys_clk_pin). Large setup violations at the end of those stages might be difficult to fix during the post-placement implementation flow and could be the result of non-optimal XDC constraints or non-optimal design architecture
Related violations: <none>

TIMING-16#574 Warning
Large setup violation  
There is a large setup violation of -3.683 ns between my_cpu/pc_inst/PCout_reg[1]/C (clocked by sys_clk_pin) and my_cpu/data_mem_inst/memory_reg[24][4]/CE (clocked by sys_clk_pin). Large setup violations at the end of those stages might be difficult to fix during the post-placement implementation flow and could be the result of non-optimal XDC constraints or non-optimal design architecture
Related violations: <none>

TIMING-16#575 Warning
Large setup violation  
There is a large setup violation of -3.684 ns between my_cpu/pc_inst/PCout_reg[1]/C (clocked by sys_clk_pin) and my_cpu/data_mem_inst/memory_reg[39][0]/CE (clocked by sys_clk_pin). Large setup violations at the end of those stages might be difficult to fix during the post-placement implementation flow and could be the result of non-optimal XDC constraints or non-optimal design architecture
Related violations: <none>

TIMING-16#576 Warning
Large setup violation  
There is a large setup violation of -3.684 ns between my_cpu/pc_inst/PCout_reg[1]/C (clocked by sys_clk_pin) and my_cpu/data_mem_inst/memory_reg[39][1]/CE (clocked by sys_clk_pin). Large setup violations at the end of those stages might be difficult to fix during the post-placement implementation flow and could be the result of non-optimal XDC constraints or non-optimal design architecture
Related violations: <none>

TIMING-16#577 Warning
Large setup violation  
There is a large setup violation of -3.684 ns between my_cpu/pc_inst/PCout_reg[1]/C (clocked by sys_clk_pin) and my_cpu/data_mem_inst/memory_reg[39][5]/CE (clocked by sys_clk_pin). Large setup violations at the end of those stages might be difficult to fix during the post-placement implementation flow and could be the result of non-optimal XDC constraints or non-optimal design architecture
Related violations: <none>

TIMING-16#578 Warning
Large setup violation  
There is a large setup violation of -3.684 ns between my_cpu/pc_inst/PCout_reg[1]/C (clocked by sys_clk_pin) and my_cpu/data_mem_inst/memory_reg[39][6]/CE (clocked by sys_clk_pin). Large setup violations at the end of those stages might be difficult to fix during the post-placement implementation flow and could be the result of non-optimal XDC constraints or non-optimal design architecture
Related violations: <none>

TIMING-16#579 Warning
Large setup violation  
There is a large setup violation of -3.685 ns between my_cpu/pc_inst/PCout_reg[1]/C (clocked by sys_clk_pin) and my_cpu/data_mem_inst/memory_reg[44][4]/CE (clocked by sys_clk_pin). Large setup violations at the end of those stages might be difficult to fix during the post-placement implementation flow and could be the result of non-optimal XDC constraints or non-optimal design architecture
Related violations: <none>

TIMING-16#580 Warning
Large setup violation  
There is a large setup violation of -3.686 ns between my_cpu/pc_inst/PCout_reg[1]/C (clocked by sys_clk_pin) and my_cpu/data_mem_inst/memory_reg[28][1]/D (clocked by sys_clk_pin). Large setup violations at the end of those stages might be difficult to fix during the post-placement implementation flow and could be the result of non-optimal XDC constraints or non-optimal design architecture
Related violations: <none>

TIMING-16#581 Warning
Large setup violation  
There is a large setup violation of -3.686 ns between my_cpu/pc_inst/PCout_reg[1]/C (clocked by sys_clk_pin) and my_cpu/data_mem_inst/memory_reg[52][1]/CE (clocked by sys_clk_pin). Large setup violations at the end of those stages might be difficult to fix during the post-placement implementation flow and could be the result of non-optimal XDC constraints or non-optimal design architecture
Related violations: <none>

TIMING-16#582 Warning
Large setup violation  
There is a large setup violation of -3.686 ns between my_cpu/pc_inst/PCout_reg[1]/C (clocked by sys_clk_pin) and my_cpu/data_mem_inst/memory_reg[52][2]/CE (clocked by sys_clk_pin). Large setup violations at the end of those stages might be difficult to fix during the post-placement implementation flow and could be the result of non-optimal XDC constraints or non-optimal design architecture
Related violations: <none>

TIMING-16#583 Warning
Large setup violation  
There is a large setup violation of -3.686 ns between my_cpu/pc_inst/PCout_reg[1]/C (clocked by sys_clk_pin) and my_cpu/data_mem_inst/memory_reg[52][3]/CE (clocked by sys_clk_pin). Large setup violations at the end of those stages might be difficult to fix during the post-placement implementation flow and could be the result of non-optimal XDC constraints or non-optimal design architecture
Related violations: <none>

TIMING-16#584 Warning
Large setup violation  
There is a large setup violation of -3.687 ns between my_cpu/pc_inst/PCout_reg[1]/C (clocked by sys_clk_pin) and my_cpu/data_mem_inst/memory_reg[10][2]/CE (clocked by sys_clk_pin). Large setup violations at the end of those stages might be difficult to fix during the post-placement implementation flow and could be the result of non-optimal XDC constraints or non-optimal design architecture
Related violations: <none>

TIMING-16#585 Warning
Large setup violation  
There is a large setup violation of -3.687 ns between my_cpu/pc_inst/PCout_reg[1]/C (clocked by sys_clk_pin) and my_cpu/data_mem_inst/memory_reg[47][1]/CE (clocked by sys_clk_pin). Large setup violations at the end of those stages might be difficult to fix during the post-placement implementation flow and could be the result of non-optimal XDC constraints or non-optimal design architecture
Related violations: <none>

TIMING-16#586 Warning
Large setup violation  
There is a large setup violation of -3.687 ns between my_cpu/pc_inst/PCout_reg[1]/C (clocked by sys_clk_pin) and my_cpu/data_mem_inst/memory_reg[47][2]/CE (clocked by sys_clk_pin). Large setup violations at the end of those stages might be difficult to fix during the post-placement implementation flow and could be the result of non-optimal XDC constraints or non-optimal design architecture
Related violations: <none>

TIMING-16#587 Warning
Large setup violation  
There is a large setup violation of -3.687 ns between my_cpu/pc_inst/PCout_reg[1]/C (clocked by sys_clk_pin) and my_cpu/data_mem_inst/memory_reg[47][3]/CE (clocked by sys_clk_pin). Large setup violations at the end of those stages might be difficult to fix during the post-placement implementation flow and could be the result of non-optimal XDC constraints or non-optimal design architecture
Related violations: <none>

TIMING-16#588 Warning
Large setup violation  
There is a large setup violation of -3.689 ns between my_cpu/pc_inst/PCout_reg[1]/C (clocked by sys_clk_pin) and my_cpu/data_mem_inst/memory_reg[45][2]/CE (clocked by sys_clk_pin). Large setup violations at the end of those stages might be difficult to fix during the post-placement implementation flow and could be the result of non-optimal XDC constraints or non-optimal design architecture
Related violations: <none>

TIMING-16#589 Warning
Large setup violation  
There is a large setup violation of -3.689 ns between my_cpu/pc_inst/PCout_reg[1]/C (clocked by sys_clk_pin) and my_cpu/data_mem_inst/memory_reg[45][3]/CE (clocked by sys_clk_pin). Large setup violations at the end of those stages might be difficult to fix during the post-placement implementation flow and could be the result of non-optimal XDC constraints or non-optimal design architecture
Related violations: <none>

TIMING-16#590 Warning
Large setup violation  
There is a large setup violation of -3.693 ns between my_cpu/pc_inst/PCout_reg[1]/C (clocked by sys_clk_pin) and my_cpu/data_mem_inst/memory_reg[22][5]/D (clocked by sys_clk_pin). Large setup violations at the end of those stages might be difficult to fix during the post-placement implementation flow and could be the result of non-optimal XDC constraints or non-optimal design architecture
Related violations: <none>

TIMING-16#591 Warning
Large setup violation  
There is a large setup violation of -3.694 ns between my_cpu/pc_inst/PCout_reg[1]/C (clocked by sys_clk_pin) and my_cpu/data_mem_inst/memory_reg[14][1]/D (clocked by sys_clk_pin). Large setup violations at the end of those stages might be difficult to fix during the post-placement implementation flow and could be the result of non-optimal XDC constraints or non-optimal design architecture
Related violations: <none>

TIMING-16#592 Warning
Large setup violation  
There is a large setup violation of -3.699 ns between my_cpu/pc_inst/PCout_reg[1]/C (clocked by sys_clk_pin) and my_cpu/data_mem_inst/memory_reg[54][5]/D (clocked by sys_clk_pin). Large setup violations at the end of those stages might be difficult to fix during the post-placement implementation flow and could be the result of non-optimal XDC constraints or non-optimal design architecture
Related violations: <none>

TIMING-16#593 Warning
Large setup violation  
There is a large setup violation of -3.702 ns between my_cpu/pc_inst/PCout_reg[1]/C (clocked by sys_clk_pin) and my_cpu/data_mem_inst/memory_reg[24][0]/CE (clocked by sys_clk_pin). Large setup violations at the end of those stages might be difficult to fix during the post-placement implementation flow and could be the result of non-optimal XDC constraints or non-optimal design architecture
Related violations: <none>

TIMING-16#594 Warning
Large setup violation  
There is a large setup violation of -3.702 ns between my_cpu/pc_inst/PCout_reg[1]/C (clocked by sys_clk_pin) and my_cpu/data_mem_inst/memory_reg[24][2]/CE (clocked by sys_clk_pin). Large setup violations at the end of those stages might be difficult to fix during the post-placement implementation flow and could be the result of non-optimal XDC constraints or non-optimal design architecture
Related violations: <none>

TIMING-16#595 Warning
Large setup violation  
There is a large setup violation of -3.702 ns between my_cpu/pc_inst/PCout_reg[1]/C (clocked by sys_clk_pin) and my_cpu/data_mem_inst/memory_reg[24][6]/CE (clocked by sys_clk_pin). Large setup violations at the end of those stages might be difficult to fix during the post-placement implementation flow and could be the result of non-optimal XDC constraints or non-optimal design architecture
Related violations: <none>

TIMING-16#596 Warning
Large setup violation  
There is a large setup violation of -3.702 ns between my_cpu/pc_inst/PCout_reg[1]/C (clocked by sys_clk_pin) and my_cpu/data_mem_inst/memory_reg[55][3]/CE (clocked by sys_clk_pin). Large setup violations at the end of those stages might be difficult to fix during the post-placement implementation flow and could be the result of non-optimal XDC constraints or non-optimal design architecture
Related violations: <none>

TIMING-16#597 Warning
Large setup violation  
There is a large setup violation of -3.702 ns between my_cpu/pc_inst/PCout_reg[1]/C (clocked by sys_clk_pin) and my_cpu/data_mem_inst/memory_reg[55][4]/CE (clocked by sys_clk_pin). Large setup violations at the end of those stages might be difficult to fix during the post-placement implementation flow and could be the result of non-optimal XDC constraints or non-optimal design architecture
Related violations: <none>

TIMING-16#598 Warning
Large setup violation  
There is a large setup violation of -3.706 ns between my_cpu/pc_inst/PCout_reg[1]/C (clocked by sys_clk_pin) and my_cpu/data_mem_inst/memory_reg[54][3]/D (clocked by sys_clk_pin). Large setup violations at the end of those stages might be difficult to fix during the post-placement implementation flow and could be the result of non-optimal XDC constraints or non-optimal design architecture
Related violations: <none>

TIMING-16#599 Warning
Large setup violation  
There is a large setup violation of -3.708 ns between my_cpu/pc_inst/PCout_reg[1]/C (clocked by sys_clk_pin) and my_cpu/data_mem_inst/memory_reg[18][4]/D (clocked by sys_clk_pin). Large setup violations at the end of those stages might be difficult to fix during the post-placement implementation flow and could be the result of non-optimal XDC constraints or non-optimal design architecture
Related violations: <none>

TIMING-16#600 Warning
Large setup violation  
There is a large setup violation of -3.709 ns between my_cpu/pc_inst/PCout_reg[1]/C (clocked by sys_clk_pin) and my_cpu/data_mem_inst/memory_reg[8][4]/D (clocked by sys_clk_pin). Large setup violations at the end of those stages might be difficult to fix during the post-placement implementation flow and could be the result of non-optimal XDC constraints or non-optimal design architecture
Related violations: <none>

TIMING-16#601 Warning
Large setup violation  
There is a large setup violation of -3.710 ns between my_cpu/pc_inst/PCout_reg[1]/C (clocked by sys_clk_pin) and my_cpu/data_mem_inst/memory_reg[10][0]/CE (clocked by sys_clk_pin). Large setup violations at the end of those stages might be difficult to fix during the post-placement implementation flow and could be the result of non-optimal XDC constraints or non-optimal design architecture
Related violations: <none>

TIMING-16#602 Warning
Large setup violation  
There is a large setup violation of -3.710 ns between my_cpu/pc_inst/PCout_reg[1]/C (clocked by sys_clk_pin) and my_cpu/data_mem_inst/memory_reg[18][1]/D (clocked by sys_clk_pin). Large setup violations at the end of those stages might be difficult to fix during the post-placement implementation flow and could be the result of non-optimal XDC constraints or non-optimal design architecture
Related violations: <none>

TIMING-16#603 Warning
Large setup violation  
There is a large setup violation of -3.712 ns between my_cpu/pc_inst/PCout_reg[1]/C (clocked by sys_clk_pin) and my_cpu/data_mem_inst/memory_reg[22][0]/CE (clocked by sys_clk_pin). Large setup violations at the end of those stages might be difficult to fix during the post-placement implementation flow and could be the result of non-optimal XDC constraints or non-optimal design architecture
Related violations: <none>

TIMING-16#604 Warning
Large setup violation  
There is a large setup violation of -3.712 ns between my_cpu/pc_inst/PCout_reg[1]/C (clocked by sys_clk_pin) and my_cpu/data_mem_inst/memory_reg[22][2]/CE (clocked by sys_clk_pin). Large setup violations at the end of those stages might be difficult to fix during the post-placement implementation flow and could be the result of non-optimal XDC constraints or non-optimal design architecture
Related violations: <none>

TIMING-16#605 Warning
Large setup violation  
There is a large setup violation of -3.713 ns between my_cpu/pc_inst/PCout_reg[1]/C (clocked by sys_clk_pin) and my_cpu/data_mem_inst/memory_reg[30][4]/D (clocked by sys_clk_pin). Large setup violations at the end of those stages might be difficult to fix during the post-placement implementation flow and could be the result of non-optimal XDC constraints or non-optimal design architecture
Related violations: <none>

TIMING-16#606 Warning
Large setup violation  
There is a large setup violation of -3.713 ns between my_cpu/pc_inst/PCout_reg[1]/C (clocked by sys_clk_pin) and my_cpu/data_mem_inst/memory_reg[54][7]/D (clocked by sys_clk_pin). Large setup violations at the end of those stages might be difficult to fix during the post-placement implementation flow and could be the result of non-optimal XDC constraints or non-optimal design architecture
Related violations: <none>

TIMING-16#607 Warning
Large setup violation  
There is a large setup violation of -3.716 ns between my_cpu/pc_inst/PCout_reg[1]/C (clocked by sys_clk_pin) and my_cpu/data_mem_inst/memory_reg[28][4]/D (clocked by sys_clk_pin). Large setup violations at the end of those stages might be difficult to fix during the post-placement implementation flow and could be the result of non-optimal XDC constraints or non-optimal design architecture
Related violations: <none>

TIMING-16#608 Warning
Large setup violation  
There is a large setup violation of -3.716 ns between my_cpu/pc_inst/PCout_reg[1]/C (clocked by sys_clk_pin) and my_cpu/data_mem_inst/memory_reg[8][2]/D (clocked by sys_clk_pin). Large setup violations at the end of those stages might be difficult to fix during the post-placement implementation flow and could be the result of non-optimal XDC constraints or non-optimal design architecture
Related violations: <none>

TIMING-16#609 Warning
Large setup violation  
There is a large setup violation of -3.717 ns between my_cpu/pc_inst/PCout_reg[1]/C (clocked by sys_clk_pin) and my_cpu/data_mem_inst/memory_reg[10][5]/CE (clocked by sys_clk_pin). Large setup violations at the end of those stages might be difficult to fix during the post-placement implementation flow and could be the result of non-optimal XDC constraints or non-optimal design architecture
Related violations: <none>

TIMING-16#610 Warning
Large setup violation  
There is a large setup violation of -3.717 ns between my_cpu/pc_inst/PCout_reg[1]/C (clocked by sys_clk_pin) and my_cpu/data_mem_inst/memory_reg[22][4]/D (clocked by sys_clk_pin). Large setup violations at the end of those stages might be difficult to fix during the post-placement implementation flow and could be the result of non-optimal XDC constraints or non-optimal design architecture
Related violations: <none>

TIMING-16#611 Warning
Large setup violation  
There is a large setup violation of -3.717 ns between my_cpu/pc_inst/PCout_reg[1]/C (clocked by sys_clk_pin) and my_cpu/data_mem_inst/memory_reg[40][0]/CE (clocked by sys_clk_pin). Large setup violations at the end of those stages might be difficult to fix during the post-placement implementation flow and could be the result of non-optimal XDC constraints or non-optimal design architecture
Related violations: <none>

TIMING-16#612 Warning
Large setup violation  
There is a large setup violation of -3.717 ns between my_cpu/pc_inst/PCout_reg[1]/C (clocked by sys_clk_pin) and my_cpu/data_mem_inst/memory_reg[40][3]/CE (clocked by sys_clk_pin). Large setup violations at the end of those stages might be difficult to fix during the post-placement implementation flow and could be the result of non-optimal XDC constraints or non-optimal design architecture
Related violations: <none>

TIMING-16#613 Warning
Large setup violation  
There is a large setup violation of -3.718 ns between my_cpu/pc_inst/PCout_reg[1]/C (clocked by sys_clk_pin) and my_cpu/data_mem_inst/memory_reg[61][0]/D (clocked by sys_clk_pin). Large setup violations at the end of those stages might be difficult to fix during the post-placement implementation flow and could be the result of non-optimal XDC constraints or non-optimal design architecture
Related violations: <none>

TIMING-16#614 Warning
Large setup violation  
There is a large setup violation of -3.720 ns between my_cpu/pc_inst/PCout_reg[1]/C (clocked by sys_clk_pin) and my_cpu/data_mem_inst/memory_reg[61][6]/D (clocked by sys_clk_pin). Large setup violations at the end of those stages might be difficult to fix during the post-placement implementation flow and could be the result of non-optimal XDC constraints or non-optimal design architecture
Related violations: <none>

TIMING-16#615 Warning
Large setup violation  
There is a large setup violation of -3.723 ns between my_cpu/pc_inst/PCout_reg[1]/C (clocked by sys_clk_pin) and my_cpu/data_mem_inst/memory_reg[46][1]/CE (clocked by sys_clk_pin). Large setup violations at the end of those stages might be difficult to fix during the post-placement implementation flow and could be the result of non-optimal XDC constraints or non-optimal design architecture
Related violations: <none>

TIMING-16#616 Warning
Large setup violation  
There is a large setup violation of -3.723 ns between my_cpu/pc_inst/PCout_reg[1]/C (clocked by sys_clk_pin) and my_cpu/data_mem_inst/memory_reg[46][7]/CE (clocked by sys_clk_pin). Large setup violations at the end of those stages might be difficult to fix during the post-placement implementation flow and could be the result of non-optimal XDC constraints or non-optimal design architecture
Related violations: <none>

TIMING-16#617 Warning
Large setup violation  
There is a large setup violation of -3.724 ns between my_cpu/pc_inst/PCout_reg[1]/C (clocked by sys_clk_pin) and my_cpu/data_mem_inst/memory_reg[52][4]/CE (clocked by sys_clk_pin). Large setup violations at the end of those stages might be difficult to fix during the post-placement implementation flow and could be the result of non-optimal XDC constraints or non-optimal design architecture
Related violations: <none>

TIMING-16#618 Warning
Large setup violation  
There is a large setup violation of -3.724 ns between my_cpu/pc_inst/PCout_reg[1]/C (clocked by sys_clk_pin) and my_cpu/data_mem_inst/memory_reg[52][5]/CE (clocked by sys_clk_pin). Large setup violations at the end of those stages might be difficult to fix during the post-placement implementation flow and could be the result of non-optimal XDC constraints or non-optimal design architecture
Related violations: <none>

TIMING-16#619 Warning
Large setup violation  
There is a large setup violation of -3.724 ns between my_cpu/pc_inst/PCout_reg[1]/C (clocked by sys_clk_pin) and my_cpu/data_mem_inst/memory_reg[7][5]/CE (clocked by sys_clk_pin). Large setup violations at the end of those stages might be difficult to fix during the post-placement implementation flow and could be the result of non-optimal XDC constraints or non-optimal design architecture
Related violations: <none>

TIMING-16#620 Warning
Large setup violation  
There is a large setup violation of -3.724 ns between my_cpu/pc_inst/PCout_reg[1]/C (clocked by sys_clk_pin) and my_cpu/data_mem_inst/memory_reg[7][7]/CE (clocked by sys_clk_pin). Large setup violations at the end of those stages might be difficult to fix during the post-placement implementation flow and could be the result of non-optimal XDC constraints or non-optimal design architecture
Related violations: <none>

TIMING-16#621 Warning
Large setup violation  
There is a large setup violation of -3.725 ns between my_cpu/pc_inst/PCout_reg[1]/C (clocked by sys_clk_pin) and my_cpu/data_mem_inst/memory_reg[36][2]/D (clocked by sys_clk_pin). Large setup violations at the end of those stages might be difficult to fix during the post-placement implementation flow and could be the result of non-optimal XDC constraints or non-optimal design architecture
Related violations: <none>

TIMING-16#622 Warning
Large setup violation  
There is a large setup violation of -3.726 ns between my_cpu/pc_inst/PCout_reg[1]/C (clocked by sys_clk_pin) and my_cpu/data_mem_inst/memory_reg[21][5]/CE (clocked by sys_clk_pin). Large setup violations at the end of those stages might be difficult to fix during the post-placement implementation flow and could be the result of non-optimal XDC constraints or non-optimal design architecture
Related violations: <none>

TIMING-16#623 Warning
Large setup violation  
There is a large setup violation of -3.726 ns between my_cpu/pc_inst/PCout_reg[1]/C (clocked by sys_clk_pin) and my_cpu/data_mem_inst/memory_reg[21][6]/CE (clocked by sys_clk_pin). Large setup violations at the end of those stages might be difficult to fix during the post-placement implementation flow and could be the result of non-optimal XDC constraints or non-optimal design architecture
Related violations: <none>

TIMING-16#624 Warning
Large setup violation  
There is a large setup violation of -3.727 ns between my_cpu/pc_inst/PCout_reg[1]/C (clocked by sys_clk_pin) and my_cpu/data_mem_inst/memory_reg[26][4]/D (clocked by sys_clk_pin). Large setup violations at the end of those stages might be difficult to fix during the post-placement implementation flow and could be the result of non-optimal XDC constraints or non-optimal design architecture
Related violations: <none>

TIMING-16#625 Warning
Large setup violation  
There is a large setup violation of -3.730 ns between my_cpu/pc_inst/PCout_reg[1]/C (clocked by sys_clk_pin) and my_cpu/data_mem_inst/memory_reg[48][3]/D (clocked by sys_clk_pin). Large setup violations at the end of those stages might be difficult to fix during the post-placement implementation flow and could be the result of non-optimal XDC constraints or non-optimal design architecture
Related violations: <none>

TIMING-16#626 Warning
Large setup violation  
There is a large setup violation of -3.730 ns between my_cpu/pc_inst/PCout_reg[1]/C (clocked by sys_clk_pin) and my_cpu/data_mem_inst/memory_reg[61][5]/D (clocked by sys_clk_pin). Large setup violations at the end of those stages might be difficult to fix during the post-placement implementation flow and could be the result of non-optimal XDC constraints or non-optimal design architecture
Related violations: <none>

TIMING-16#627 Warning
Large setup violation  
There is a large setup violation of -3.730 ns between my_cpu/pc_inst/PCout_reg[1]/C (clocked by sys_clk_pin) and my_cpu/data_mem_inst/memory_reg[6][6]/D (clocked by sys_clk_pin). Large setup violations at the end of those stages might be difficult to fix during the post-placement implementation flow and could be the result of non-optimal XDC constraints or non-optimal design architecture
Related violations: <none>

TIMING-16#628 Warning
Large setup violation  
There is a large setup violation of -3.734 ns between my_cpu/pc_inst/PCout_reg[1]/C (clocked by sys_clk_pin) and my_cpu/data_mem_inst/memory_reg[21][0]/CE (clocked by sys_clk_pin). Large setup violations at the end of those stages might be difficult to fix during the post-placement implementation flow and could be the result of non-optimal XDC constraints or non-optimal design architecture
Related violations: <none>

TIMING-16#629 Warning
Large setup violation  
There is a large setup violation of -3.734 ns between my_cpu/pc_inst/PCout_reg[1]/C (clocked by sys_clk_pin) and my_cpu/data_mem_inst/memory_reg[21][2]/CE (clocked by sys_clk_pin). Large setup violations at the end of those stages might be difficult to fix during the post-placement implementation flow and could be the result of non-optimal XDC constraints or non-optimal design architecture
Related violations: <none>

TIMING-16#630 Warning
Large setup violation  
There is a large setup violation of -3.736 ns between my_cpu/pc_inst/PCout_reg[1]/C (clocked by sys_clk_pin) and my_cpu/data_mem_inst/memory_reg[38][3]/D (clocked by sys_clk_pin). Large setup violations at the end of those stages might be difficult to fix during the post-placement implementation flow and could be the result of non-optimal XDC constraints or non-optimal design architecture
Related violations: <none>

TIMING-16#631 Warning
Large setup violation  
There is a large setup violation of -3.739 ns between my_cpu/pc_inst/PCout_reg[1]/C (clocked by sys_clk_pin) and my_cpu/data_mem_inst/memory_reg[28][6]/CE (clocked by sys_clk_pin). Large setup violations at the end of those stages might be difficult to fix during the post-placement implementation flow and could be the result of non-optimal XDC constraints or non-optimal design architecture
Related violations: <none>

TIMING-16#632 Warning
Large setup violation  
There is a large setup violation of -3.740 ns between my_cpu/pc_inst/PCout_reg[1]/C (clocked by sys_clk_pin) and my_cpu/data_mem_inst/memory_reg[42][6]/CE (clocked by sys_clk_pin). Large setup violations at the end of those stages might be difficult to fix during the post-placement implementation flow and could be the result of non-optimal XDC constraints or non-optimal design architecture
Related violations: <none>

TIMING-16#633 Warning
Large setup violation  
There is a large setup violation of -3.750 ns between my_cpu/pc_inst/PCout_reg[1]/C (clocked by sys_clk_pin) and my_cpu/data_mem_inst/memory_reg[4][3]/CE (clocked by sys_clk_pin). Large setup violations at the end of those stages might be difficult to fix during the post-placement implementation flow and could be the result of non-optimal XDC constraints or non-optimal design architecture
Related violations: <none>

TIMING-16#634 Warning
Large setup violation  
There is a large setup violation of -3.750 ns between my_cpu/pc_inst/PCout_reg[1]/C (clocked by sys_clk_pin) and my_cpu/data_mem_inst/memory_reg[4][4]/CE (clocked by sys_clk_pin). Large setup violations at the end of those stages might be difficult to fix during the post-placement implementation flow and could be the result of non-optimal XDC constraints or non-optimal design architecture
Related violations: <none>

TIMING-16#635 Warning
Large setup violation  
There is a large setup violation of -3.753 ns between my_cpu/pc_inst/PCout_reg[1]/C (clocked by sys_clk_pin) and my_cpu/data_mem_inst/memory_reg[40][1]/CE (clocked by sys_clk_pin). Large setup violations at the end of those stages might be difficult to fix during the post-placement implementation flow and could be the result of non-optimal XDC constraints or non-optimal design architecture
Related violations: <none>

TIMING-16#636 Warning
Large setup violation  
There is a large setup violation of -3.753 ns between my_cpu/pc_inst/PCout_reg[1]/C (clocked by sys_clk_pin) and my_cpu/data_mem_inst/memory_reg[40][2]/CE (clocked by sys_clk_pin). Large setup violations at the end of those stages might be difficult to fix during the post-placement implementation flow and could be the result of non-optimal XDC constraints or non-optimal design architecture
Related violations: <none>

TIMING-16#637 Warning
Large setup violation  
There is a large setup violation of -3.753 ns between my_cpu/pc_inst/PCout_reg[1]/C (clocked by sys_clk_pin) and my_cpu/data_mem_inst/memory_reg[6][5]/D (clocked by sys_clk_pin). Large setup violations at the end of those stages might be difficult to fix during the post-placement implementation flow and could be the result of non-optimal XDC constraints or non-optimal design architecture
Related violations: <none>

TIMING-16#638 Warning
Large setup violation  
There is a large setup violation of -3.754 ns between my_cpu/pc_inst/PCout_reg[1]/C (clocked by sys_clk_pin) and my_cpu/data_mem_inst/memory_reg[34][2]/D (clocked by sys_clk_pin). Large setup violations at the end of those stages might be difficult to fix during the post-placement implementation flow and could be the result of non-optimal XDC constraints or non-optimal design architecture
Related violations: <none>

TIMING-16#639 Warning
Large setup violation  
There is a large setup violation of -3.755 ns between my_cpu/pc_inst/PCout_reg[1]/C (clocked by sys_clk_pin) and my_cpu/data_mem_inst/memory_reg[51][0]/CE (clocked by sys_clk_pin). Large setup violations at the end of those stages might be difficult to fix during the post-placement implementation flow and could be the result of non-optimal XDC constraints or non-optimal design architecture
Related violations: <none>

TIMING-16#640 Warning
Large setup violation  
There is a large setup violation of -3.755 ns between my_cpu/pc_inst/PCout_reg[1]/C (clocked by sys_clk_pin) and my_cpu/data_mem_inst/memory_reg[51][2]/CE (clocked by sys_clk_pin). Large setup violations at the end of those stages might be difficult to fix during the post-placement implementation flow and could be the result of non-optimal XDC constraints or non-optimal design architecture
Related violations: <none>

TIMING-16#641 Warning
Large setup violation  
There is a large setup violation of -3.755 ns between my_cpu/pc_inst/PCout_reg[1]/C (clocked by sys_clk_pin) and my_cpu/data_mem_inst/memory_reg[51][5]/CE (clocked by sys_clk_pin). Large setup violations at the end of those stages might be difficult to fix during the post-placement implementation flow and could be the result of non-optimal XDC constraints or non-optimal design architecture
Related violations: <none>

TIMING-16#642 Warning
Large setup violation  
There is a large setup violation of -3.757 ns between my_cpu/pc_inst/PCout_reg[1]/C (clocked by sys_clk_pin) and my_cpu/data_mem_inst/memory_reg[6][3]/D (clocked by sys_clk_pin). Large setup violations at the end of those stages might be difficult to fix during the post-placement implementation flow and could be the result of non-optimal XDC constraints or non-optimal design architecture
Related violations: <none>

TIMING-16#643 Warning
Large setup violation  
There is a large setup violation of -3.760 ns between my_cpu/pc_inst/PCout_reg[1]/C (clocked by sys_clk_pin) and my_cpu/data_mem_inst/memory_reg[0][2]/CE (clocked by sys_clk_pin). Large setup violations at the end of those stages might be difficult to fix during the post-placement implementation flow and could be the result of non-optimal XDC constraints or non-optimal design architecture
Related violations: <none>

TIMING-16#644 Warning
Large setup violation  
There is a large setup violation of -3.762 ns between my_cpu/pc_inst/PCout_reg[1]/C (clocked by sys_clk_pin) and my_cpu/data_mem_inst/memory_reg[10][4]/D (clocked by sys_clk_pin). Large setup violations at the end of those stages might be difficult to fix during the post-placement implementation flow and could be the result of non-optimal XDC constraints or non-optimal design architecture
Related violations: <none>

TIMING-16#645 Warning
Large setup violation  
There is a large setup violation of -3.764 ns between my_cpu/pc_inst/PCout_reg[1]/C (clocked by sys_clk_pin) and my_cpu/data_mem_inst/memory_reg[18][5]/D (clocked by sys_clk_pin). Large setup violations at the end of those stages might be difficult to fix during the post-placement implementation flow and could be the result of non-optimal XDC constraints or non-optimal design architecture
Related violations: <none>

TIMING-16#646 Warning
Large setup violation  
There is a large setup violation of -3.769 ns between my_cpu/pc_inst/PCout_reg[1]/C (clocked by sys_clk_pin) and my_cpu/data_mem_inst/memory_reg[11][2]/CE (clocked by sys_clk_pin). Large setup violations at the end of those stages might be difficult to fix during the post-placement implementation flow and could be the result of non-optimal XDC constraints or non-optimal design architecture
Related violations: <none>

TIMING-16#647 Warning
Large setup violation  
There is a large setup violation of -3.769 ns between my_cpu/pc_inst/PCout_reg[1]/C (clocked by sys_clk_pin) and my_cpu/data_mem_inst/memory_reg[11][3]/CE (clocked by sys_clk_pin). Large setup violations at the end of those stages might be difficult to fix during the post-placement implementation flow and could be the result of non-optimal XDC constraints or non-optimal design architecture
Related violations: <none>

TIMING-16#648 Warning
Large setup violation  
There is a large setup violation of -3.769 ns between my_cpu/pc_inst/PCout_reg[1]/C (clocked by sys_clk_pin) and my_cpu/data_mem_inst/memory_reg[11][4]/CE (clocked by sys_clk_pin). Large setup violations at the end of those stages might be difficult to fix during the post-placement implementation flow and could be the result of non-optimal XDC constraints or non-optimal design architecture
Related violations: <none>

TIMING-16#649 Warning
Large setup violation  
There is a large setup violation of -3.769 ns between my_cpu/pc_inst/PCout_reg[1]/C (clocked by sys_clk_pin) and my_cpu/data_mem_inst/memory_reg[11][5]/CE (clocked by sys_clk_pin). Large setup violations at the end of those stages might be difficult to fix during the post-placement implementation flow and could be the result of non-optimal XDC constraints or non-optimal design architecture
Related violations: <none>

TIMING-16#650 Warning
Large setup violation  
There is a large setup violation of -3.769 ns between my_cpu/pc_inst/PCout_reg[1]/C (clocked by sys_clk_pin) and my_cpu/data_mem_inst/memory_reg[11][6]/CE (clocked by sys_clk_pin). Large setup violations at the end of those stages might be difficult to fix during the post-placement implementation flow and could be the result of non-optimal XDC constraints or non-optimal design architecture
Related violations: <none>

TIMING-16#651 Warning
Large setup violation  
There is a large setup violation of -3.769 ns between my_cpu/pc_inst/PCout_reg[1]/C (clocked by sys_clk_pin) and my_cpu/data_mem_inst/memory_reg[11][7]/CE (clocked by sys_clk_pin). Large setup violations at the end of those stages might be difficult to fix during the post-placement implementation flow and could be the result of non-optimal XDC constraints or non-optimal design architecture
Related violations: <none>

TIMING-16#652 Warning
Large setup violation  
There is a large setup violation of -3.769 ns between my_cpu/pc_inst/PCout_reg[1]/C (clocked by sys_clk_pin) and my_cpu/data_mem_inst/memory_reg[23][2]/D (clocked by sys_clk_pin). Large setup violations at the end of those stages might be difficult to fix during the post-placement implementation flow and could be the result of non-optimal XDC constraints or non-optimal design architecture
Related violations: <none>

TIMING-16#653 Warning
Large setup violation  
There is a large setup violation of -3.770 ns between my_cpu/pc_inst/PCout_reg[1]/C (clocked by sys_clk_pin) and my_cpu/data_mem_inst/memory_reg[29][1]/CE (clocked by sys_clk_pin). Large setup violations at the end of those stages might be difficult to fix during the post-placement implementation flow and could be the result of non-optimal XDC constraints or non-optimal design architecture
Related violations: <none>

TIMING-16#654 Warning
Large setup violation  
There is a large setup violation of -3.770 ns between my_cpu/pc_inst/PCout_reg[1]/C (clocked by sys_clk_pin) and my_cpu/data_mem_inst/memory_reg[29][2]/CE (clocked by sys_clk_pin). Large setup violations at the end of those stages might be difficult to fix during the post-placement implementation flow and could be the result of non-optimal XDC constraints or non-optimal design architecture
Related violations: <none>

TIMING-16#655 Warning
Large setup violation  
There is a large setup violation of -3.770 ns between my_cpu/pc_inst/PCout_reg[1]/C (clocked by sys_clk_pin) and my_cpu/data_mem_inst/memory_reg[29][3]/CE (clocked by sys_clk_pin). Large setup violations at the end of those stages might be difficult to fix during the post-placement implementation flow and could be the result of non-optimal XDC constraints or non-optimal design architecture
Related violations: <none>

TIMING-16#656 Warning
Large setup violation  
There is a large setup violation of -3.770 ns between my_cpu/pc_inst/PCout_reg[1]/C (clocked by sys_clk_pin) and my_cpu/data_mem_inst/memory_reg[29][6]/CE (clocked by sys_clk_pin). Large setup violations at the end of those stages might be difficult to fix during the post-placement implementation flow and could be the result of non-optimal XDC constraints or non-optimal design architecture
Related violations: <none>

TIMING-16#657 Warning
Large setup violation  
There is a large setup violation of -3.770 ns between my_cpu/pc_inst/PCout_reg[1]/C (clocked by sys_clk_pin) and my_cpu/data_mem_inst/memory_reg[50][4]/D (clocked by sys_clk_pin). Large setup violations at the end of those stages might be difficult to fix during the post-placement implementation flow and could be the result of non-optimal XDC constraints or non-optimal design architecture
Related violations: <none>

TIMING-16#658 Warning
Large setup violation  
There is a large setup violation of -3.771 ns between my_cpu/pc_inst/PCout_reg[1]/C (clocked by sys_clk_pin) and my_cpu/data_mem_inst/memory_reg[20][4]/CE (clocked by sys_clk_pin). Large setup violations at the end of those stages might be difficult to fix during the post-placement implementation flow and could be the result of non-optimal XDC constraints or non-optimal design architecture
Related violations: <none>

TIMING-16#659 Warning
Large setup violation  
There is a large setup violation of -3.771 ns between my_cpu/pc_inst/PCout_reg[1]/C (clocked by sys_clk_pin) and my_cpu/data_mem_inst/memory_reg[20][5]/CE (clocked by sys_clk_pin). Large setup violations at the end of those stages might be difficult to fix during the post-placement implementation flow and could be the result of non-optimal XDC constraints or non-optimal design architecture
Related violations: <none>

TIMING-16#660 Warning
Large setup violation  
There is a large setup violation of -3.771 ns between my_cpu/pc_inst/PCout_reg[1]/C (clocked by sys_clk_pin) and my_cpu/data_mem_inst/memory_reg[46][5]/CE (clocked by sys_clk_pin). Large setup violations at the end of those stages might be difficult to fix during the post-placement implementation flow and could be the result of non-optimal XDC constraints or non-optimal design architecture
Related violations: <none>

TIMING-16#661 Warning
Large setup violation  
There is a large setup violation of -3.773 ns between my_cpu/pc_inst/PCout_reg[1]/C (clocked by sys_clk_pin) and my_cpu/data_mem_inst/memory_reg[7][0]/CE (clocked by sys_clk_pin). Large setup violations at the end of those stages might be difficult to fix during the post-placement implementation flow and could be the result of non-optimal XDC constraints or non-optimal design architecture
Related violations: <none>

TIMING-16#662 Warning
Large setup violation  
There is a large setup violation of -3.773 ns between my_cpu/pc_inst/PCout_reg[1]/C (clocked by sys_clk_pin) and my_cpu/data_mem_inst/memory_reg[7][1]/CE (clocked by sys_clk_pin). Large setup violations at the end of those stages might be difficult to fix during the post-placement implementation flow and could be the result of non-optimal XDC constraints or non-optimal design architecture
Related violations: <none>

TIMING-16#663 Warning
Large setup violation  
There is a large setup violation of -3.773 ns between my_cpu/pc_inst/PCout_reg[1]/C (clocked by sys_clk_pin) and my_cpu/data_mem_inst/memory_reg[7][4]/CE (clocked by sys_clk_pin). Large setup violations at the end of those stages might be difficult to fix during the post-placement implementation flow and could be the result of non-optimal XDC constraints or non-optimal design architecture
Related violations: <none>

TIMING-16#664 Warning
Large setup violation  
There is a large setup violation of -3.774 ns between my_cpu/pc_inst/PCout_reg[1]/C (clocked by sys_clk_pin) and my_cpu/data_mem_inst/memory_reg[4][6]/CE (clocked by sys_clk_pin). Large setup violations at the end of those stages might be difficult to fix during the post-placement implementation flow and could be the result of non-optimal XDC constraints or non-optimal design architecture
Related violations: <none>

TIMING-16#665 Warning
Large setup violation  
There is a large setup violation of -3.775 ns between my_cpu/pc_inst/PCout_reg[1]/C (clocked by sys_clk_pin) and my_cpu/data_mem_inst/memory_reg[4][1]/CE (clocked by sys_clk_pin). Large setup violations at the end of those stages might be difficult to fix during the post-placement implementation flow and could be the result of non-optimal XDC constraints or non-optimal design architecture
Related violations: <none>

TIMING-16#666 Warning
Large setup violation  
There is a large setup violation of -3.775 ns between my_cpu/pc_inst/PCout_reg[1]/C (clocked by sys_clk_pin) and my_cpu/data_mem_inst/memory_reg[4][5]/CE (clocked by sys_clk_pin). Large setup violations at the end of those stages might be difficult to fix during the post-placement implementation flow and could be the result of non-optimal XDC constraints or non-optimal design architecture
Related violations: <none>

TIMING-16#667 Warning
Large setup violation  
There is a large setup violation of -3.777 ns between my_cpu/pc_inst/PCout_reg[1]/C (clocked by sys_clk_pin) and my_cpu/data_mem_inst/memory_reg[14][5]/D (clocked by sys_clk_pin). Large setup violations at the end of those stages might be difficult to fix during the post-placement implementation flow and could be the result of non-optimal XDC constraints or non-optimal design architecture
Related violations: <none>

TIMING-16#668 Warning
Large setup violation  
There is a large setup violation of -3.779 ns between my_cpu/pc_inst/PCout_reg[1]/C (clocked by sys_clk_pin) and my_cpu/data_mem_inst/memory_reg[24][1]/D (clocked by sys_clk_pin). Large setup violations at the end of those stages might be difficult to fix during the post-placement implementation flow and could be the result of non-optimal XDC constraints or non-optimal design architecture
Related violations: <none>

TIMING-16#669 Warning
Large setup violation  
There is a large setup violation of -3.780 ns between my_cpu/pc_inst/PCout_reg[1]/C (clocked by sys_clk_pin) and my_cpu/data_mem_inst/memory_reg[16][5]/CE (clocked by sys_clk_pin). Large setup violations at the end of those stages might be difficult to fix during the post-placement implementation flow and could be the result of non-optimal XDC constraints or non-optimal design architecture
Related violations: <none>

TIMING-16#670 Warning
Large setup violation  
There is a large setup violation of -3.780 ns between my_cpu/pc_inst/PCout_reg[1]/C (clocked by sys_clk_pin) and my_cpu/data_mem_inst/memory_reg[16][6]/CE (clocked by sys_clk_pin). Large setup violations at the end of those stages might be difficult to fix during the post-placement implementation flow and could be the result of non-optimal XDC constraints or non-optimal design architecture
Related violations: <none>

TIMING-16#671 Warning
Large setup violation  
There is a large setup violation of -3.781 ns between my_cpu/pc_inst/PCout_reg[1]/C (clocked by sys_clk_pin) and my_cpu/data_mem_inst/memory_reg[32][4]/CE (clocked by sys_clk_pin). Large setup violations at the end of those stages might be difficult to fix during the post-placement implementation flow and could be the result of non-optimal XDC constraints or non-optimal design architecture
Related violations: <none>

TIMING-16#672 Warning
Large setup violation  
There is a large setup violation of -3.781 ns between my_cpu/pc_inst/PCout_reg[1]/C (clocked by sys_clk_pin) and my_cpu/data_mem_inst/memory_reg[32][5]/CE (clocked by sys_clk_pin). Large setup violations at the end of those stages might be difficult to fix during the post-placement implementation flow and could be the result of non-optimal XDC constraints or non-optimal design architecture
Related violations: <none>

TIMING-16#673 Warning
Large setup violation  
There is a large setup violation of -3.782 ns between my_cpu/pc_inst/PCout_reg[1]/C (clocked by sys_clk_pin) and my_cpu/data_mem_inst/memory_reg[22][1]/D (clocked by sys_clk_pin). Large setup violations at the end of those stages might be difficult to fix during the post-placement implementation flow and could be the result of non-optimal XDC constraints or non-optimal design architecture
Related violations: <none>

TIMING-16#674 Warning
Large setup violation  
There is a large setup violation of -3.783 ns between my_cpu/pc_inst/PCout_reg[1]/C (clocked by sys_clk_pin) and my_cpu/data_mem_inst/memory_reg[58][5]/D (clocked by sys_clk_pin). Large setup violations at the end of those stages might be difficult to fix during the post-placement implementation flow and could be the result of non-optimal XDC constraints or non-optimal design architecture
Related violations: <none>

TIMING-16#675 Warning
Large setup violation  
There is a large setup violation of -3.785 ns between my_cpu/pc_inst/PCout_reg[1]/C (clocked by sys_clk_pin) and my_cpu/data_mem_inst/memory_reg[40][6]/CE (clocked by sys_clk_pin). Large setup violations at the end of those stages might be difficult to fix during the post-placement implementation flow and could be the result of non-optimal XDC constraints or non-optimal design architecture
Related violations: <none>

TIMING-16#676 Warning
Large setup violation  
There is a large setup violation of -3.785 ns between my_cpu/pc_inst/PCout_reg[1]/C (clocked by sys_clk_pin) and my_cpu/data_mem_inst/memory_reg[40][7]/CE (clocked by sys_clk_pin). Large setup violations at the end of those stages might be difficult to fix during the post-placement implementation flow and could be the result of non-optimal XDC constraints or non-optimal design architecture
Related violations: <none>

TIMING-16#677 Warning
Large setup violation  
There is a large setup violation of -3.786 ns between my_cpu/pc_inst/PCout_reg[1]/C (clocked by sys_clk_pin) and my_cpu/data_mem_inst/memory_reg[25][0]/CE (clocked by sys_clk_pin). Large setup violations at the end of those stages might be difficult to fix during the post-placement implementation flow and could be the result of non-optimal XDC constraints or non-optimal design architecture
Related violations: <none>

TIMING-16#678 Warning
Large setup violation  
There is a large setup violation of -3.786 ns between my_cpu/pc_inst/PCout_reg[1]/C (clocked by sys_clk_pin) and my_cpu/data_mem_inst/memory_reg[25][2]/CE (clocked by sys_clk_pin). Large setup violations at the end of those stages might be difficult to fix during the post-placement implementation flow and could be the result of non-optimal XDC constraints or non-optimal design architecture
Related violations: <none>

TIMING-16#679 Warning
Large setup violation  
There is a large setup violation of -3.786 ns between my_cpu/pc_inst/PCout_reg[1]/C (clocked by sys_clk_pin) and my_cpu/data_mem_inst/memory_reg[25][3]/CE (clocked by sys_clk_pin). Large setup violations at the end of those stages might be difficult to fix during the post-placement implementation flow and could be the result of non-optimal XDC constraints or non-optimal design architecture
Related violations: <none>

TIMING-16#680 Warning
Large setup violation  
There is a large setup violation of -3.786 ns between my_cpu/pc_inst/PCout_reg[1]/C (clocked by sys_clk_pin) and my_cpu/data_mem_inst/memory_reg[25][4]/CE (clocked by sys_clk_pin). Large setup violations at the end of those stages might be difficult to fix during the post-placement implementation flow and could be the result of non-optimal XDC constraints or non-optimal design architecture
Related violations: <none>

TIMING-16#681 Warning
Large setup violation  
There is a large setup violation of -3.791 ns between my_cpu/pc_inst/PCout_reg[1]/C (clocked by sys_clk_pin) and my_cpu/data_mem_inst/memory_reg[34][0]/CE (clocked by sys_clk_pin). Large setup violations at the end of those stages might be difficult to fix during the post-placement implementation flow and could be the result of non-optimal XDC constraints or non-optimal design architecture
Related violations: <none>

TIMING-16#682 Warning
Large setup violation  
There is a large setup violation of -3.791 ns between my_cpu/pc_inst/PCout_reg[1]/C (clocked by sys_clk_pin) and my_cpu/data_mem_inst/memory_reg[34][3]/CE (clocked by sys_clk_pin). Large setup violations at the end of those stages might be difficult to fix during the post-placement implementation flow and could be the result of non-optimal XDC constraints or non-optimal design architecture
Related violations: <none>

TIMING-16#683 Warning
Large setup violation  
There is a large setup violation of -3.795 ns between my_cpu/pc_inst/PCout_reg[1]/C (clocked by sys_clk_pin) and my_cpu/data_mem_inst/memory_reg[34][7]/CE (clocked by sys_clk_pin). Large setup violations at the end of those stages might be difficult to fix during the post-placement implementation flow and could be the result of non-optimal XDC constraints or non-optimal design architecture
Related violations: <none>

TIMING-16#684 Warning
Large setup violation  
There is a large setup violation of -3.796 ns between my_cpu/pc_inst/PCout_reg[1]/C (clocked by sys_clk_pin) and my_cpu/data_mem_inst/memory_reg[0][4]/CE (clocked by sys_clk_pin). Large setup violations at the end of those stages might be difficult to fix during the post-placement implementation flow and could be the result of non-optimal XDC constraints or non-optimal design architecture
Related violations: <none>

TIMING-16#685 Warning
Large setup violation  
There is a large setup violation of -3.797 ns between my_cpu/pc_inst/PCout_reg[1]/C (clocked by sys_clk_pin) and my_cpu/data_mem_inst/memory_reg[22][3]/D (clocked by sys_clk_pin). Large setup violations at the end of those stages might be difficult to fix during the post-placement implementation flow and could be the result of non-optimal XDC constraints or non-optimal design architecture
Related violations: <none>

TIMING-16#686 Warning
Large setup violation  
There is a large setup violation of -3.801 ns between my_cpu/pc_inst/PCout_reg[1]/C (clocked by sys_clk_pin) and my_cpu/data_mem_inst/memory_reg[26][7]/D (clocked by sys_clk_pin). Large setup violations at the end of those stages might be difficult to fix during the post-placement implementation flow and could be the result of non-optimal XDC constraints or non-optimal design architecture
Related violations: <none>

TIMING-16#687 Warning
Large setup violation  
There is a large setup violation of -3.801 ns between my_cpu/pc_inst/PCout_reg[1]/C (clocked by sys_clk_pin) and my_cpu/data_mem_inst/memory_reg[4][2]/CE (clocked by sys_clk_pin). Large setup violations at the end of those stages might be difficult to fix during the post-placement implementation flow and could be the result of non-optimal XDC constraints or non-optimal design architecture
Related violations: <none>

TIMING-16#688 Warning
Large setup violation  
There is a large setup violation of -3.802 ns between my_cpu/pc_inst/PCout_reg[1]/C (clocked by sys_clk_pin) and my_cpu/data_mem_inst/memory_reg[10][6]/CE (clocked by sys_clk_pin). Large setup violations at the end of those stages might be difficult to fix during the post-placement implementation flow and could be the result of non-optimal XDC constraints or non-optimal design architecture
Related violations: <none>

TIMING-16#689 Warning
Large setup violation  
There is a large setup violation of -3.803 ns between my_cpu/pc_inst/PCout_reg[1]/C (clocked by sys_clk_pin) and my_cpu/data_mem_inst/memory_reg[14][3]/D (clocked by sys_clk_pin). Large setup violations at the end of those stages might be difficult to fix during the post-placement implementation flow and could be the result of non-optimal XDC constraints or non-optimal design architecture
Related violations: <none>

TIMING-16#690 Warning
Large setup violation  
There is a large setup violation of -3.805 ns between my_cpu/pc_inst/PCout_reg[1]/C (clocked by sys_clk_pin) and my_cpu/data_mem_inst/memory_reg[14][6]/D (clocked by sys_clk_pin). Large setup violations at the end of those stages might be difficult to fix during the post-placement implementation flow and could be the result of non-optimal XDC constraints or non-optimal design architecture
Related violations: <none>

TIMING-16#691 Warning
Large setup violation  
There is a large setup violation of -3.814 ns between my_cpu/pc_inst/PCout_reg[1]/C (clocked by sys_clk_pin) and my_cpu/data_mem_inst/memory_reg[26][2]/D (clocked by sys_clk_pin). Large setup violations at the end of those stages might be difficult to fix during the post-placement implementation flow and could be the result of non-optimal XDC constraints or non-optimal design architecture
Related violations: <none>

TIMING-16#692 Warning
Large setup violation  
There is a large setup violation of -3.817 ns between my_cpu/pc_inst/PCout_reg[1]/C (clocked by sys_clk_pin) and my_cpu/data_mem_inst/memory_reg[12][6]/CE (clocked by sys_clk_pin). Large setup violations at the end of those stages might be difficult to fix during the post-placement implementation flow and could be the result of non-optimal XDC constraints or non-optimal design architecture
Related violations: <none>

TIMING-16#693 Warning
Large setup violation  
There is a large setup violation of -3.824 ns between my_cpu/pc_inst/PCout_reg[1]/C (clocked by sys_clk_pin) and my_cpu/data_mem_inst/memory_reg[14][7]/D (clocked by sys_clk_pin). Large setup violations at the end of those stages might be difficult to fix during the post-placement implementation flow and could be the result of non-optimal XDC constraints or non-optimal design architecture
Related violations: <none>

TIMING-16#694 Warning
Large setup violation  
There is a large setup violation of -3.824 ns between my_cpu/pc_inst/PCout_reg[1]/C (clocked by sys_clk_pin) and my_cpu/data_mem_inst/memory_reg[32][0]/CE (clocked by sys_clk_pin). Large setup violations at the end of those stages might be difficult to fix during the post-placement implementation flow and could be the result of non-optimal XDC constraints or non-optimal design architecture
Related violations: <none>

TIMING-16#695 Warning
Large setup violation  
There is a large setup violation of -3.824 ns between my_cpu/pc_inst/PCout_reg[1]/C (clocked by sys_clk_pin) and my_cpu/data_mem_inst/memory_reg[32][1]/CE (clocked by sys_clk_pin). Large setup violations at the end of those stages might be difficult to fix during the post-placement implementation flow and could be the result of non-optimal XDC constraints or non-optimal design architecture
Related violations: <none>

TIMING-16#696 Warning
Large setup violation  
There is a large setup violation of -3.825 ns between my_cpu/pc_inst/PCout_reg[1]/C (clocked by sys_clk_pin) and my_cpu/data_mem_inst/memory_reg[30][2]/D (clocked by sys_clk_pin). Large setup violations at the end of those stages might be difficult to fix during the post-placement implementation flow and could be the result of non-optimal XDC constraints or non-optimal design architecture
Related violations: <none>

TIMING-16#697 Warning
Large setup violation  
There is a large setup violation of -3.827 ns between my_cpu/pc_inst/PCout_reg[1]/C (clocked by sys_clk_pin) and my_cpu/data_mem_inst/memory_reg[16][0]/CE (clocked by sys_clk_pin). Large setup violations at the end of those stages might be difficult to fix during the post-placement implementation flow and could be the result of non-optimal XDC constraints or non-optimal design architecture
Related violations: <none>

TIMING-16#698 Warning
Large setup violation  
There is a large setup violation of -3.827 ns between my_cpu/pc_inst/PCout_reg[1]/C (clocked by sys_clk_pin) and my_cpu/data_mem_inst/memory_reg[16][2]/CE (clocked by sys_clk_pin). Large setup violations at the end of those stages might be difficult to fix during the post-placement implementation flow and could be the result of non-optimal XDC constraints or non-optimal design architecture
Related violations: <none>

TIMING-16#699 Warning
Large setup violation  
There is a large setup violation of -3.829 ns between my_cpu/pc_inst/PCout_reg[1]/C (clocked by sys_clk_pin) and my_cpu/data_mem_inst/memory_reg[14][4]/D (clocked by sys_clk_pin). Large setup violations at the end of those stages might be difficult to fix during the post-placement implementation flow and could be the result of non-optimal XDC constraints or non-optimal design architecture
Related violations: <none>

TIMING-16#700 Warning
Large setup violation  
There is a large setup violation of -3.829 ns between my_cpu/pc_inst/PCout_reg[1]/C (clocked by sys_clk_pin) and my_cpu/data_mem_inst/memory_reg[32][2]/CE (clocked by sys_clk_pin). Large setup violations at the end of those stages might be difficult to fix during the post-placement implementation flow and could be the result of non-optimal XDC constraints or non-optimal design architecture
Related violations: <none>

TIMING-16#701 Warning
Large setup violation  
There is a large setup violation of -3.829 ns between my_cpu/pc_inst/PCout_reg[1]/C (clocked by sys_clk_pin) and my_cpu/data_mem_inst/memory_reg[32][3]/CE (clocked by sys_clk_pin). Large setup violations at the end of those stages might be difficult to fix during the post-placement implementation flow and could be the result of non-optimal XDC constraints or non-optimal design architecture
Related violations: <none>

TIMING-16#702 Warning
Large setup violation  
There is a large setup violation of -3.829 ns between my_cpu/pc_inst/PCout_reg[1]/C (clocked by sys_clk_pin) and my_cpu/data_mem_inst/memory_reg[38][1]/D (clocked by sys_clk_pin). Large setup violations at the end of those stages might be difficult to fix during the post-placement implementation flow and could be the result of non-optimal XDC constraints or non-optimal design architecture
Related violations: <none>

TIMING-16#703 Warning
Large setup violation  
There is a large setup violation of -3.833 ns between my_cpu/pc_inst/PCout_reg[1]/C (clocked by sys_clk_pin) and my_cpu/data_mem_inst/memory_reg[40][5]/CE (clocked by sys_clk_pin). Large setup violations at the end of those stages might be difficult to fix during the post-placement implementation flow and could be the result of non-optimal XDC constraints or non-optimal design architecture
Related violations: <none>

TIMING-16#704 Warning
Large setup violation  
There is a large setup violation of -3.835 ns between my_cpu/pc_inst/PCout_reg[1]/C (clocked by sys_clk_pin) and my_cpu/data_mem_inst/memory_reg[18][3]/CE (clocked by sys_clk_pin). Large setup violations at the end of those stages might be difficult to fix during the post-placement implementation flow and could be the result of non-optimal XDC constraints or non-optimal design architecture
Related violations: <none>

TIMING-16#705 Warning
Large setup violation  
There is a large setup violation of -3.835 ns between my_cpu/pc_inst/PCout_reg[1]/C (clocked by sys_clk_pin) and my_cpu/data_mem_inst/memory_reg[18][7]/CE (clocked by sys_clk_pin). Large setup violations at the end of those stages might be difficult to fix during the post-placement implementation flow and could be the result of non-optimal XDC constraints or non-optimal design architecture
Related violations: <none>

TIMING-16#706 Warning
Large setup violation  
There is a large setup violation of -3.835 ns between my_cpu/pc_inst/PCout_reg[1]/C (clocked by sys_clk_pin) and my_cpu/data_mem_inst/memory_reg[38][5]/D (clocked by sys_clk_pin). Large setup violations at the end of those stages might be difficult to fix during the post-placement implementation flow and could be the result of non-optimal XDC constraints or non-optimal design architecture
Related violations: <none>

TIMING-16#707 Warning
Large setup violation  
There is a large setup violation of -3.835 ns between my_cpu/pc_inst/PCout_reg[1]/C (clocked by sys_clk_pin) and my_cpu/data_mem_inst/memory_reg[55][5]/CE (clocked by sys_clk_pin). Large setup violations at the end of those stages might be difficult to fix during the post-placement implementation flow and could be the result of non-optimal XDC constraints or non-optimal design architecture
Related violations: <none>

TIMING-16#708 Warning
Large setup violation  
There is a large setup violation of -3.835 ns between my_cpu/pc_inst/PCout_reg[1]/C (clocked by sys_clk_pin) and my_cpu/data_mem_inst/memory_reg[55][7]/CE (clocked by sys_clk_pin). Large setup violations at the end of those stages might be difficult to fix during the post-placement implementation flow and could be the result of non-optimal XDC constraints or non-optimal design architecture
Related violations: <none>

TIMING-16#709 Warning
Large setup violation  
There is a large setup violation of -3.836 ns between my_cpu/pc_inst/PCout_reg[1]/C (clocked by sys_clk_pin) and my_cpu/data_mem_inst/memory_reg[42][5]/CE (clocked by sys_clk_pin). Large setup violations at the end of those stages might be difficult to fix during the post-placement implementation flow and could be the result of non-optimal XDC constraints or non-optimal design architecture
Related violations: <none>

TIMING-16#710 Warning
Large setup violation  
There is a large setup violation of -3.837 ns between my_cpu/pc_inst/PCout_reg[1]/C (clocked by sys_clk_pin) and my_cpu/data_mem_inst/memory_reg[50][0]/D (clocked by sys_clk_pin). Large setup violations at the end of those stages might be difficult to fix during the post-placement implementation flow and could be the result of non-optimal XDC constraints or non-optimal design architecture
Related violations: <none>

TIMING-16#711 Warning
Large setup violation  
There is a large setup violation of -3.840 ns between my_cpu/pc_inst/PCout_reg[1]/C (clocked by sys_clk_pin) and my_cpu/data_mem_inst/memory_reg[6][4]/D (clocked by sys_clk_pin). Large setup violations at the end of those stages might be difficult to fix during the post-placement implementation flow and could be the result of non-optimal XDC constraints or non-optimal design architecture
Related violations: <none>

TIMING-16#712 Warning
Large setup violation  
There is a large setup violation of -3.841 ns between my_cpu/pc_inst/PCout_reg[1]/C (clocked by sys_clk_pin) and my_cpu/data_mem_inst/memory_reg[62][2]/D (clocked by sys_clk_pin). Large setup violations at the end of those stages might be difficult to fix during the post-placement implementation flow and could be the result of non-optimal XDC constraints or non-optimal design architecture
Related violations: <none>

TIMING-16#713 Warning
Large setup violation  
There is a large setup violation of -3.845 ns between my_cpu/pc_inst/PCout_reg[1]/C (clocked by sys_clk_pin) and my_cpu/data_mem_inst/memory_reg[52][7]/CE (clocked by sys_clk_pin). Large setup violations at the end of those stages might be difficult to fix during the post-placement implementation flow and could be the result of non-optimal XDC constraints or non-optimal design architecture
Related violations: <none>

TIMING-16#714 Warning
Large setup violation  
There is a large setup violation of -3.849 ns between my_cpu/pc_inst/PCout_reg[1]/C (clocked by sys_clk_pin) and my_cpu/data_mem_inst/memory_reg[58][0]/CE (clocked by sys_clk_pin). Large setup violations at the end of those stages might be difficult to fix during the post-placement implementation flow and could be the result of non-optimal XDC constraints or non-optimal design architecture
Related violations: <none>

TIMING-16#715 Warning
Large setup violation  
There is a large setup violation of -3.849 ns between my_cpu/pc_inst/PCout_reg[1]/C (clocked by sys_clk_pin) and my_cpu/data_mem_inst/memory_reg[58][5]/CE (clocked by sys_clk_pin). Large setup violations at the end of those stages might be difficult to fix during the post-placement implementation flow and could be the result of non-optimal XDC constraints or non-optimal design architecture
Related violations: <none>

TIMING-16#716 Warning
Large setup violation  
There is a large setup violation of -3.851 ns between my_cpu/pc_inst/PCout_reg[1]/C (clocked by sys_clk_pin) and my_cpu/data_mem_inst/memory_reg[18][2]/CE (clocked by sys_clk_pin). Large setup violations at the end of those stages might be difficult to fix during the post-placement implementation flow and could be the result of non-optimal XDC constraints or non-optimal design architecture
Related violations: <none>

TIMING-16#717 Warning
Large setup violation  
There is a large setup violation of -3.851 ns between my_cpu/pc_inst/PCout_reg[1]/C (clocked by sys_clk_pin) and my_cpu/data_mem_inst/memory_reg[18][6]/CE (clocked by sys_clk_pin). Large setup violations at the end of those stages might be difficult to fix during the post-placement implementation flow and could be the result of non-optimal XDC constraints or non-optimal design architecture
Related violations: <none>

TIMING-16#718 Warning
Large setup violation  
There is a large setup violation of -3.857 ns between my_cpu/pc_inst/PCout_reg[1]/C (clocked by sys_clk_pin) and my_cpu/data_mem_inst/memory_reg[30][5]/D (clocked by sys_clk_pin). Large setup violations at the end of those stages might be difficult to fix during the post-placement implementation flow and could be the result of non-optimal XDC constraints or non-optimal design architecture
Related violations: <none>

TIMING-16#719 Warning
Large setup violation  
There is a large setup violation of -3.858 ns between my_cpu/pc_inst/PCout_reg[1]/C (clocked by sys_clk_pin) and my_cpu/data_mem_inst/memory_reg[12][1]/CE (clocked by sys_clk_pin). Large setup violations at the end of those stages might be difficult to fix during the post-placement implementation flow and could be the result of non-optimal XDC constraints or non-optimal design architecture
Related violations: <none>

TIMING-16#720 Warning
Large setup violation  
There is a large setup violation of -3.858 ns between my_cpu/pc_inst/PCout_reg[1]/C (clocked by sys_clk_pin) and my_cpu/data_mem_inst/memory_reg[16][7]/CE (clocked by sys_clk_pin). Large setup violations at the end of those stages might be difficult to fix during the post-placement implementation flow and could be the result of non-optimal XDC constraints or non-optimal design architecture
Related violations: <none>

TIMING-16#721 Warning
Large setup violation  
There is a large setup violation of -3.858 ns between my_cpu/pc_inst/PCout_reg[1]/C (clocked by sys_clk_pin) and my_cpu/data_mem_inst/memory_reg[50][1]/D (clocked by sys_clk_pin). Large setup violations at the end of those stages might be difficult to fix during the post-placement implementation flow and could be the result of non-optimal XDC constraints or non-optimal design architecture
Related violations: <none>

TIMING-16#722 Warning
Large setup violation  
There is a large setup violation of -3.858 ns between my_cpu/pc_inst/PCout_reg[1]/C (clocked by sys_clk_pin) and my_cpu/data_mem_inst/memory_reg[54][4]/D (clocked by sys_clk_pin). Large setup violations at the end of those stages might be difficult to fix during the post-placement implementation flow and could be the result of non-optimal XDC constraints or non-optimal design architecture
Related violations: <none>

TIMING-16#723 Warning
Large setup violation  
There is a large setup violation of -3.859 ns between my_cpu/pc_inst/PCout_reg[1]/C (clocked by sys_clk_pin) and my_cpu/data_mem_inst/memory_reg[35][0]/CE (clocked by sys_clk_pin). Large setup violations at the end of those stages might be difficult to fix during the post-placement implementation flow and could be the result of non-optimal XDC constraints or non-optimal design architecture
Related violations: <none>

TIMING-16#724 Warning
Large setup violation  
There is a large setup violation of -3.859 ns between my_cpu/pc_inst/PCout_reg[1]/C (clocked by sys_clk_pin) and my_cpu/data_mem_inst/memory_reg[35][2]/CE (clocked by sys_clk_pin). Large setup violations at the end of those stages might be difficult to fix during the post-placement implementation flow and could be the result of non-optimal XDC constraints or non-optimal design architecture
Related violations: <none>

TIMING-16#725 Warning
Large setup violation  
There is a large setup violation of -3.859 ns between my_cpu/pc_inst/PCout_reg[1]/C (clocked by sys_clk_pin) and my_cpu/data_mem_inst/memory_reg[35][6]/CE (clocked by sys_clk_pin). Large setup violations at the end of those stages might be difficult to fix during the post-placement implementation flow and could be the result of non-optimal XDC constraints or non-optimal design architecture
Related violations: <none>

TIMING-16#726 Warning
Large setup violation  
There is a large setup violation of -3.859 ns between my_cpu/pc_inst/PCout_reg[1]/C (clocked by sys_clk_pin) and my_cpu/data_mem_inst/memory_reg[35][7]/CE (clocked by sys_clk_pin). Large setup violations at the end of those stages might be difficult to fix during the post-placement implementation flow and could be the result of non-optimal XDC constraints or non-optimal design architecture
Related violations: <none>

TIMING-16#727 Warning
Large setup violation  
There is a large setup violation of -3.859 ns between my_cpu/pc_inst/PCout_reg[1]/C (clocked by sys_clk_pin) and my_cpu/data_mem_inst/memory_reg[62][4]/D (clocked by sys_clk_pin). Large setup violations at the end of those stages might be difficult to fix during the post-placement implementation flow and could be the result of non-optimal XDC constraints or non-optimal design architecture
Related violations: <none>

TIMING-16#728 Warning
Large setup violation  
There is a large setup violation of -3.864 ns between my_cpu/pc_inst/PCout_reg[1]/C (clocked by sys_clk_pin) and my_cpu/data_mem_inst/memory_reg[6][2]/D (clocked by sys_clk_pin). Large setup violations at the end of those stages might be difficult to fix during the post-placement implementation flow and could be the result of non-optimal XDC constraints or non-optimal design architecture
Related violations: <none>

TIMING-16#729 Warning
Large setup violation  
There is a large setup violation of -3.869 ns between my_cpu/pc_inst/PCout_reg[1]/C (clocked by sys_clk_pin) and my_cpu/data_mem_inst/memory_reg[58][1]/D (clocked by sys_clk_pin). Large setup violations at the end of those stages might be difficult to fix during the post-placement implementation flow and could be the result of non-optimal XDC constraints or non-optimal design architecture
Related violations: <none>

TIMING-16#730 Warning
Large setup violation  
There is a large setup violation of -3.870 ns between my_cpu/pc_inst/PCout_reg[1]/C (clocked by sys_clk_pin) and my_cpu/data_mem_inst/memory_reg[38][7]/D (clocked by sys_clk_pin). Large setup violations at the end of those stages might be difficult to fix during the post-placement implementation flow and could be the result of non-optimal XDC constraints or non-optimal design architecture
Related violations: <none>

TIMING-16#731 Warning
Large setup violation  
There is a large setup violation of -3.874 ns between my_cpu/pc_inst/PCout_reg[1]/C (clocked by sys_clk_pin) and my_cpu/data_mem_inst/memory_reg[63][3]/D (clocked by sys_clk_pin). Large setup violations at the end of those stages might be difficult to fix during the post-placement implementation flow and could be the result of non-optimal XDC constraints or non-optimal design architecture
Related violations: <none>

TIMING-16#732 Warning
Large setup violation  
There is a large setup violation of -3.877 ns between my_cpu/pc_inst/PCout_reg[1]/C (clocked by sys_clk_pin) and my_cpu/data_mem_inst/memory_reg[28][7]/D (clocked by sys_clk_pin). Large setup violations at the end of those stages might be difficult to fix during the post-placement implementation flow and could be the result of non-optimal XDC constraints or non-optimal design architecture
Related violations: <none>

TIMING-16#733 Warning
Large setup violation  
There is a large setup violation of -3.879 ns between my_cpu/pc_inst/PCout_reg[1]/C (clocked by sys_clk_pin) and my_cpu/data_mem_inst/memory_reg[63][2]/D (clocked by sys_clk_pin). Large setup violations at the end of those stages might be difficult to fix during the post-placement implementation flow and could be the result of non-optimal XDC constraints or non-optimal design architecture
Related violations: <none>

TIMING-16#734 Warning
Large setup violation  
There is a large setup violation of -3.880 ns between my_cpu/pc_inst/PCout_reg[1]/C (clocked by sys_clk_pin) and my_cpu/data_mem_inst/memory_reg[18][1]/CE (clocked by sys_clk_pin). Large setup violations at the end of those stages might be difficult to fix during the post-placement implementation flow and could be the result of non-optimal XDC constraints or non-optimal design architecture
Related violations: <none>

TIMING-16#735 Warning
Large setup violation  
There is a large setup violation of -3.880 ns between my_cpu/pc_inst/PCout_reg[1]/C (clocked by sys_clk_pin) and my_cpu/data_mem_inst/memory_reg[18][4]/CE (clocked by sys_clk_pin). Large setup violations at the end of those stages might be difficult to fix during the post-placement implementation flow and could be the result of non-optimal XDC constraints or non-optimal design architecture
Related violations: <none>

TIMING-16#736 Warning
Large setup violation  
There is a large setup violation of -3.881 ns between my_cpu/pc_inst/PCout_reg[1]/C (clocked by sys_clk_pin) and my_cpu/data_mem_inst/memory_reg[13][1]/CE (clocked by sys_clk_pin). Large setup violations at the end of those stages might be difficult to fix during the post-placement implementation flow and could be the result of non-optimal XDC constraints or non-optimal design architecture
Related violations: <none>

TIMING-16#737 Warning
Large setup violation  
There is a large setup violation of -3.881 ns between my_cpu/pc_inst/PCout_reg[1]/C (clocked by sys_clk_pin) and my_cpu/data_mem_inst/memory_reg[13][2]/CE (clocked by sys_clk_pin). Large setup violations at the end of those stages might be difficult to fix during the post-placement implementation flow and could be the result of non-optimal XDC constraints or non-optimal design architecture
Related violations: <none>

TIMING-16#738 Warning
Large setup violation  
There is a large setup violation of -3.881 ns between my_cpu/pc_inst/PCout_reg[1]/C (clocked by sys_clk_pin) and my_cpu/data_mem_inst/memory_reg[13][4]/CE (clocked by sys_clk_pin). Large setup violations at the end of those stages might be difficult to fix during the post-placement implementation flow and could be the result of non-optimal XDC constraints or non-optimal design architecture
Related violations: <none>

TIMING-16#739 Warning
Large setup violation  
There is a large setup violation of -3.881 ns between my_cpu/pc_inst/PCout_reg[1]/C (clocked by sys_clk_pin) and my_cpu/data_mem_inst/memory_reg[13][7]/CE (clocked by sys_clk_pin). Large setup violations at the end of those stages might be difficult to fix during the post-placement implementation flow and could be the result of non-optimal XDC constraints or non-optimal design architecture
Related violations: <none>

TIMING-16#740 Warning
Large setup violation  
There is a large setup violation of -3.882 ns between my_cpu/pc_inst/PCout_reg[1]/C (clocked by sys_clk_pin) and my_cpu/data_mem_inst/memory_reg[28][0]/D (clocked by sys_clk_pin). Large setup violations at the end of those stages might be difficult to fix during the post-placement implementation flow and could be the result of non-optimal XDC constraints or non-optimal design architecture
Related violations: <none>

TIMING-16#741 Warning
Large setup violation  
There is a large setup violation of -3.883 ns between my_cpu/pc_inst/PCout_reg[1]/C (clocked by sys_clk_pin) and my_cpu/data_mem_inst/memory_reg[6][1]/D (clocked by sys_clk_pin). Large setup violations at the end of those stages might be difficult to fix during the post-placement implementation flow and could be the result of non-optimal XDC constraints or non-optimal design architecture
Related violations: <none>

TIMING-16#742 Warning
Large setup violation  
There is a large setup violation of -3.886 ns between my_cpu/pc_inst/PCout_reg[1]/C (clocked by sys_clk_pin) and my_cpu/data_mem_inst/memory_reg[50][3]/D (clocked by sys_clk_pin). Large setup violations at the end of those stages might be difficult to fix during the post-placement implementation flow and could be the result of non-optimal XDC constraints or non-optimal design architecture
Related violations: <none>

TIMING-16#743 Warning
Large setup violation  
There is a large setup violation of -3.887 ns between my_cpu/pc_inst/PCout_reg[1]/C (clocked by sys_clk_pin) and my_cpu/data_mem_inst/memory_reg[36][2]/CE (clocked by sys_clk_pin). Large setup violations at the end of those stages might be difficult to fix during the post-placement implementation flow and could be the result of non-optimal XDC constraints or non-optimal design architecture
Related violations: <none>

TIMING-16#744 Warning
Large setup violation  
There is a large setup violation of -3.887 ns between my_cpu/pc_inst/PCout_reg[1]/C (clocked by sys_clk_pin) and my_cpu/data_mem_inst/memory_reg[36][4]/CE (clocked by sys_clk_pin). Large setup violations at the end of those stages might be difficult to fix during the post-placement implementation flow and could be the result of non-optimal XDC constraints or non-optimal design architecture
Related violations: <none>

TIMING-16#745 Warning
Large setup violation  
There is a large setup violation of -3.888 ns between my_cpu/pc_inst/PCout_reg[1]/C (clocked by sys_clk_pin) and my_cpu/data_mem_inst/memory_reg[58][1]/CE (clocked by sys_clk_pin). Large setup violations at the end of those stages might be difficult to fix during the post-placement implementation flow and could be the result of non-optimal XDC constraints or non-optimal design architecture
Related violations: <none>

TIMING-16#746 Warning
Large setup violation  
There is a large setup violation of -3.896 ns between my_cpu/pc_inst/PCout_reg[1]/C (clocked by sys_clk_pin) and my_cpu/data_mem_inst/memory_reg[34][6]/D (clocked by sys_clk_pin). Large setup violations at the end of those stages might be difficult to fix during the post-placement implementation flow and could be the result of non-optimal XDC constraints or non-optimal design architecture
Related violations: <none>

TIMING-16#747 Warning
Large setup violation  
There is a large setup violation of -3.900 ns between my_cpu/pc_inst/PCout_reg[1]/C (clocked by sys_clk_pin) and my_cpu/data_mem_inst/memory_reg[53][2]/CE (clocked by sys_clk_pin). Large setup violations at the end of those stages might be difficult to fix during the post-placement implementation flow and could be the result of non-optimal XDC constraints or non-optimal design architecture
Related violations: <none>

TIMING-16#748 Warning
Large setup violation  
There is a large setup violation of -3.904 ns between my_cpu/pc_inst/PCout_reg[1]/C (clocked by sys_clk_pin) and my_cpu/data_mem_inst/memory_reg[26][5]/D (clocked by sys_clk_pin). Large setup violations at the end of those stages might be difficult to fix during the post-placement implementation flow and could be the result of non-optimal XDC constraints or non-optimal design architecture
Related violations: <none>

TIMING-16#749 Warning
Large setup violation  
There is a large setup violation of -3.910 ns between my_cpu/pc_inst/PCout_reg[1]/C (clocked by sys_clk_pin) and my_cpu/data_mem_inst/memory_reg[58][3]/D (clocked by sys_clk_pin). Large setup violations at the end of those stages might be difficult to fix during the post-placement implementation flow and could be the result of non-optimal XDC constraints or non-optimal design architecture
Related violations: <none>

TIMING-16#750 Warning
Large setup violation  
There is a large setup violation of -3.914 ns between my_cpu/pc_inst/PCout_reg[1]/C (clocked by sys_clk_pin) and my_cpu/data_mem_inst/memory_reg[58][6]/CE (clocked by sys_clk_pin). Large setup violations at the end of those stages might be difficult to fix during the post-placement implementation flow and could be the result of non-optimal XDC constraints or non-optimal design architecture
Related violations: <none>

TIMING-16#751 Warning
Large setup violation  
There is a large setup violation of -3.923 ns between my_cpu/pc_inst/PCout_reg[1]/C (clocked by sys_clk_pin) and my_cpu/data_mem_inst/memory_reg[18][3]/D (clocked by sys_clk_pin). Large setup violations at the end of those stages might be difficult to fix during the post-placement implementation flow and could be the result of non-optimal XDC constraints or non-optimal design architecture
Related violations: <none>

TIMING-16#752 Warning
Large setup violation  
There is a large setup violation of -3.923 ns between my_cpu/pc_inst/PCout_reg[1]/C (clocked by sys_clk_pin) and my_cpu/data_mem_inst/memory_reg[4][0]/CE (clocked by sys_clk_pin). Large setup violations at the end of those stages might be difficult to fix during the post-placement implementation flow and could be the result of non-optimal XDC constraints or non-optimal design architecture
Related violations: <none>

TIMING-16#753 Warning
Large setup violation  
There is a large setup violation of -3.924 ns between my_cpu/pc_inst/PCout_reg[1]/C (clocked by sys_clk_pin) and my_cpu/data_mem_inst/memory_reg[56][2]/CE (clocked by sys_clk_pin). Large setup violations at the end of those stages might be difficult to fix during the post-placement implementation flow and could be the result of non-optimal XDC constraints or non-optimal design architecture
Related violations: <none>

TIMING-16#754 Warning
Large setup violation  
There is a large setup violation of -3.924 ns between my_cpu/pc_inst/PCout_reg[1]/C (clocked by sys_clk_pin) and my_cpu/data_mem_inst/memory_reg[56][4]/CE (clocked by sys_clk_pin). Large setup violations at the end of those stages might be difficult to fix during the post-placement implementation flow and could be the result of non-optimal XDC constraints or non-optimal design architecture
Related violations: <none>

TIMING-16#755 Warning
Large setup violation  
There is a large setup violation of -3.926 ns between my_cpu/pc_inst/PCout_reg[1]/C (clocked by sys_clk_pin) and my_cpu/data_mem_inst/memory_reg[14][0]/D (clocked by sys_clk_pin). Large setup violations at the end of those stages might be difficult to fix during the post-placement implementation flow and could be the result of non-optimal XDC constraints or non-optimal design architecture
Related violations: <none>

TIMING-16#756 Warning
Large setup violation  
There is a large setup violation of -3.926 ns between my_cpu/pc_inst/PCout_reg[1]/C (clocked by sys_clk_pin) and my_cpu/data_mem_inst/memory_reg[25][1]/CE (clocked by sys_clk_pin). Large setup violations at the end of those stages might be difficult to fix during the post-placement implementation flow and could be the result of non-optimal XDC constraints or non-optimal design architecture
Related violations: <none>

TIMING-16#757 Warning
Large setup violation  
There is a large setup violation of -3.926 ns between my_cpu/pc_inst/PCout_reg[1]/C (clocked by sys_clk_pin) and my_cpu/data_mem_inst/memory_reg[25][5]/CE (clocked by sys_clk_pin). Large setup violations at the end of those stages might be difficult to fix during the post-placement implementation flow and could be the result of non-optimal XDC constraints or non-optimal design architecture
Related violations: <none>

TIMING-16#758 Warning
Large setup violation  
There is a large setup violation of -3.926 ns between my_cpu/pc_inst/PCout_reg[1]/C (clocked by sys_clk_pin) and my_cpu/data_mem_inst/memory_reg[63][1]/D (clocked by sys_clk_pin). Large setup violations at the end of those stages might be difficult to fix during the post-placement implementation flow and could be the result of non-optimal XDC constraints or non-optimal design architecture
Related violations: <none>

TIMING-16#759 Warning
Large setup violation  
There is a large setup violation of -3.930 ns between my_cpu/pc_inst/PCout_reg[1]/C (clocked by sys_clk_pin) and my_cpu/data_mem_inst/memory_reg[30][3]/D (clocked by sys_clk_pin). Large setup violations at the end of those stages might be difficult to fix during the post-placement implementation flow and could be the result of non-optimal XDC constraints or non-optimal design architecture
Related violations: <none>

TIMING-16#760 Warning
Large setup violation  
There is a large setup violation of -3.930 ns between my_cpu/pc_inst/PCout_reg[1]/C (clocked by sys_clk_pin) and my_cpu/data_mem_inst/memory_reg[48][0]/CE (clocked by sys_clk_pin). Large setup violations at the end of those stages might be difficult to fix during the post-placement implementation flow and could be the result of non-optimal XDC constraints or non-optimal design architecture
Related violations: <none>

TIMING-16#761 Warning
Large setup violation  
There is a large setup violation of -3.930 ns between my_cpu/pc_inst/PCout_reg[1]/C (clocked by sys_clk_pin) and my_cpu/data_mem_inst/memory_reg[48][4]/CE (clocked by sys_clk_pin). Large setup violations at the end of those stages might be difficult to fix during the post-placement implementation flow and could be the result of non-optimal XDC constraints or non-optimal design architecture
Related violations: <none>

TIMING-16#762 Warning
Large setup violation  
There is a large setup violation of -3.933 ns between my_cpu/pc_inst/PCout_reg[1]/C (clocked by sys_clk_pin) and my_cpu/data_mem_inst/memory_reg[34][4]/CE (clocked by sys_clk_pin). Large setup violations at the end of those stages might be difficult to fix during the post-placement implementation flow and could be the result of non-optimal XDC constraints or non-optimal design architecture
Related violations: <none>

TIMING-16#763 Warning
Large setup violation  
There is a large setup violation of -3.933 ns between my_cpu/pc_inst/PCout_reg[1]/C (clocked by sys_clk_pin) and my_cpu/data_mem_inst/memory_reg[34][5]/CE (clocked by sys_clk_pin). Large setup violations at the end of those stages might be difficult to fix during the post-placement implementation flow and could be the result of non-optimal XDC constraints or non-optimal design architecture
Related violations: <none>

TIMING-16#764 Warning
Large setup violation  
There is a large setup violation of -3.938 ns between my_cpu/pc_inst/PCout_reg[1]/C (clocked by sys_clk_pin) and my_cpu/data_mem_inst/memory_reg[13][5]/CE (clocked by sys_clk_pin). Large setup violations at the end of those stages might be difficult to fix during the post-placement implementation flow and could be the result of non-optimal XDC constraints or non-optimal design architecture
Related violations: <none>

TIMING-16#765 Warning
Large setup violation  
There is a large setup violation of -3.938 ns between my_cpu/pc_inst/PCout_reg[1]/C (clocked by sys_clk_pin) and my_cpu/data_mem_inst/memory_reg[13][6]/CE (clocked by sys_clk_pin). Large setup violations at the end of those stages might be difficult to fix during the post-placement implementation flow and could be the result of non-optimal XDC constraints or non-optimal design architecture
Related violations: <none>

TIMING-16#766 Warning
Large setup violation  
There is a large setup violation of -3.939 ns between my_cpu/pc_inst/PCout_reg[1]/C (clocked by sys_clk_pin) and my_cpu/data_mem_inst/memory_reg[52][0]/CE (clocked by sys_clk_pin). Large setup violations at the end of those stages might be difficult to fix during the post-placement implementation flow and could be the result of non-optimal XDC constraints or non-optimal design architecture
Related violations: <none>

TIMING-16#767 Warning
Large setup violation  
There is a large setup violation of -3.939 ns between my_cpu/pc_inst/PCout_reg[1]/C (clocked by sys_clk_pin) and my_cpu/data_mem_inst/memory_reg[52][6]/CE (clocked by sys_clk_pin). Large setup violations at the end of those stages might be difficult to fix during the post-placement implementation flow and could be the result of non-optimal XDC constraints or non-optimal design architecture
Related violations: <none>

TIMING-16#768 Warning
Large setup violation  
There is a large setup violation of -3.940 ns between my_cpu/pc_inst/PCout_reg[1]/C (clocked by sys_clk_pin) and my_cpu/data_mem_inst/memory_reg[58][4]/CE (clocked by sys_clk_pin). Large setup violations at the end of those stages might be difficult to fix during the post-placement implementation flow and could be the result of non-optimal XDC constraints or non-optimal design architecture
Related violations: <none>

TIMING-16#769 Warning
Large setup violation  
There is a large setup violation of -3.942 ns between my_cpu/pc_inst/PCout_reg[1]/C (clocked by sys_clk_pin) and my_cpu/data_mem_inst/memory_reg[58][2]/CE (clocked by sys_clk_pin). Large setup violations at the end of those stages might be difficult to fix during the post-placement implementation flow and could be the result of non-optimal XDC constraints or non-optimal design architecture
Related violations: <none>

TIMING-16#770 Warning
Large setup violation  
There is a large setup violation of -3.946 ns between my_cpu/pc_inst/PCout_reg[1]/C (clocked by sys_clk_pin) and my_cpu/data_mem_inst/memory_reg[42][1]/D (clocked by sys_clk_pin). Large setup violations at the end of those stages might be difficult to fix during the post-placement implementation flow and could be the result of non-optimal XDC constraints or non-optimal design architecture
Related violations: <none>

TIMING-16#771 Warning
Large setup violation  
There is a large setup violation of -3.946 ns between my_cpu/pc_inst/PCout_reg[1]/C (clocked by sys_clk_pin) and my_cpu/data_mem_inst/memory_reg[58][6]/D (clocked by sys_clk_pin). Large setup violations at the end of those stages might be difficult to fix during the post-placement implementation flow and could be the result of non-optimal XDC constraints or non-optimal design architecture
Related violations: <none>

TIMING-16#772 Warning
Large setup violation  
There is a large setup violation of -3.949 ns between my_cpu/pc_inst/PCout_reg[1]/C (clocked by sys_clk_pin) and my_cpu/data_mem_inst/memory_reg[15][1]/CE (clocked by sys_clk_pin). Large setup violations at the end of those stages might be difficult to fix during the post-placement implementation flow and could be the result of non-optimal XDC constraints or non-optimal design architecture
Related violations: <none>

TIMING-16#773 Warning
Large setup violation  
There is a large setup violation of -3.949 ns between my_cpu/pc_inst/PCout_reg[1]/C (clocked by sys_clk_pin) and my_cpu/data_mem_inst/memory_reg[15][2]/CE (clocked by sys_clk_pin). Large setup violations at the end of those stages might be difficult to fix during the post-placement implementation flow and could be the result of non-optimal XDC constraints or non-optimal design architecture
Related violations: <none>

TIMING-16#774 Warning
Large setup violation  
There is a large setup violation of -3.949 ns between my_cpu/pc_inst/PCout_reg[1]/C (clocked by sys_clk_pin) and my_cpu/data_mem_inst/memory_reg[15][3]/CE (clocked by sys_clk_pin). Large setup violations at the end of those stages might be difficult to fix during the post-placement implementation flow and could be the result of non-optimal XDC constraints or non-optimal design architecture
Related violations: <none>

TIMING-16#775 Warning
Large setup violation  
There is a large setup violation of -3.949 ns between my_cpu/pc_inst/PCout_reg[1]/C (clocked by sys_clk_pin) and my_cpu/data_mem_inst/memory_reg[15][4]/CE (clocked by sys_clk_pin). Large setup violations at the end of those stages might be difficult to fix during the post-placement implementation flow and could be the result of non-optimal XDC constraints or non-optimal design architecture
Related violations: <none>

TIMING-16#776 Warning
Large setup violation  
There is a large setup violation of -3.949 ns between my_cpu/pc_inst/PCout_reg[1]/C (clocked by sys_clk_pin) and my_cpu/data_mem_inst/memory_reg[56][0]/CE (clocked by sys_clk_pin). Large setup violations at the end of those stages might be difficult to fix during the post-placement implementation flow and could be the result of non-optimal XDC constraints or non-optimal design architecture
Related violations: <none>

TIMING-16#777 Warning
Large setup violation  
There is a large setup violation of -3.949 ns between my_cpu/pc_inst/PCout_reg[1]/C (clocked by sys_clk_pin) and my_cpu/data_mem_inst/memory_reg[56][1]/CE (clocked by sys_clk_pin). Large setup violations at the end of those stages might be difficult to fix during the post-placement implementation flow and could be the result of non-optimal XDC constraints or non-optimal design architecture
Related violations: <none>

TIMING-16#778 Warning
Large setup violation  
There is a large setup violation of -3.949 ns between my_cpu/pc_inst/PCout_reg[1]/C (clocked by sys_clk_pin) and my_cpu/data_mem_inst/memory_reg[56][3]/CE (clocked by sys_clk_pin). Large setup violations at the end of those stages might be difficult to fix during the post-placement implementation flow and could be the result of non-optimal XDC constraints or non-optimal design architecture
Related violations: <none>

TIMING-16#779 Warning
Large setup violation  
There is a large setup violation of -3.949 ns between my_cpu/pc_inst/PCout_reg[1]/C (clocked by sys_clk_pin) and my_cpu/data_mem_inst/memory_reg[56][6]/CE (clocked by sys_clk_pin). Large setup violations at the end of those stages might be difficult to fix during the post-placement implementation flow and could be the result of non-optimal XDC constraints or non-optimal design architecture
Related violations: <none>

TIMING-16#780 Warning
Large setup violation  
There is a large setup violation of -3.949 ns between my_cpu/pc_inst/PCout_reg[1]/C (clocked by sys_clk_pin) and my_cpu/data_mem_inst/memory_reg[56][7]/CE (clocked by sys_clk_pin). Large setup violations at the end of those stages might be difficult to fix during the post-placement implementation flow and could be the result of non-optimal XDC constraints or non-optimal design architecture
Related violations: <none>

TIMING-16#781 Warning
Large setup violation  
There is a large setup violation of -3.950 ns between my_cpu/pc_inst/PCout_reg[1]/C (clocked by sys_clk_pin) and my_cpu/data_mem_inst/memory_reg[34][6]/CE (clocked by sys_clk_pin). Large setup violations at the end of those stages might be difficult to fix during the post-placement implementation flow and could be the result of non-optimal XDC constraints or non-optimal design architecture
Related violations: <none>

TIMING-16#782 Warning
Large setup violation  
There is a large setup violation of -3.953 ns between my_cpu/pc_inst/PCout_reg[1]/C (clocked by sys_clk_pin) and my_cpu/data_mem_inst/memory_reg[34][1]/CE (clocked by sys_clk_pin). Large setup violations at the end of those stages might be difficult to fix during the post-placement implementation flow and could be the result of non-optimal XDC constraints or non-optimal design architecture
Related violations: <none>

TIMING-16#783 Warning
Large setup violation  
There is a large setup violation of -3.953 ns between my_cpu/pc_inst/PCout_reg[1]/C (clocked by sys_clk_pin) and my_cpu/data_mem_inst/memory_reg[34][2]/CE (clocked by sys_clk_pin). Large setup violations at the end of those stages might be difficult to fix during the post-placement implementation flow and could be the result of non-optimal XDC constraints or non-optimal design architecture
Related violations: <none>

TIMING-16#784 Warning
Large setup violation  
There is a large setup violation of -3.954 ns between my_cpu/pc_inst/PCout_reg[1]/C (clocked by sys_clk_pin) and my_cpu/data_mem_inst/memory_reg[43][7]/CE (clocked by sys_clk_pin). Large setup violations at the end of those stages might be difficult to fix during the post-placement implementation flow and could be the result of non-optimal XDC constraints or non-optimal design architecture
Related violations: <none>

TIMING-16#785 Warning
Large setup violation  
There is a large setup violation of -3.954 ns between my_cpu/pc_inst/PCout_reg[1]/C (clocked by sys_clk_pin) and my_cpu/data_mem_inst/memory_reg[55][0]/CE (clocked by sys_clk_pin). Large setup violations at the end of those stages might be difficult to fix during the post-placement implementation flow and could be the result of non-optimal XDC constraints or non-optimal design architecture
Related violations: <none>

TIMING-16#786 Warning
Large setup violation  
There is a large setup violation of -3.954 ns between my_cpu/pc_inst/PCout_reg[1]/C (clocked by sys_clk_pin) and my_cpu/data_mem_inst/memory_reg[55][1]/CE (clocked by sys_clk_pin). Large setup violations at the end of those stages might be difficult to fix during the post-placement implementation flow and could be the result of non-optimal XDC constraints or non-optimal design architecture
Related violations: <none>

TIMING-16#787 Warning
Large setup violation  
There is a large setup violation of -3.954 ns between my_cpu/pc_inst/PCout_reg[1]/C (clocked by sys_clk_pin) and my_cpu/data_mem_inst/memory_reg[55][2]/CE (clocked by sys_clk_pin). Large setup violations at the end of those stages might be difficult to fix during the post-placement implementation flow and could be the result of non-optimal XDC constraints or non-optimal design architecture
Related violations: <none>

TIMING-16#788 Warning
Large setup violation  
There is a large setup violation of -3.954 ns between my_cpu/pc_inst/PCout_reg[1]/C (clocked by sys_clk_pin) and my_cpu/data_mem_inst/memory_reg[55][6]/CE (clocked by sys_clk_pin). Large setup violations at the end of those stages might be difficult to fix during the post-placement implementation flow and could be the result of non-optimal XDC constraints or non-optimal design architecture
Related violations: <none>

TIMING-16#789 Warning
Large setup violation  
There is a large setup violation of -3.956 ns between my_cpu/pc_inst/PCout_reg[1]/C (clocked by sys_clk_pin) and my_cpu/data_mem_inst/memory_reg[20][2]/CE (clocked by sys_clk_pin). Large setup violations at the end of those stages might be difficult to fix during the post-placement implementation flow and could be the result of non-optimal XDC constraints or non-optimal design architecture
Related violations: <none>

TIMING-16#790 Warning
Large setup violation  
There is a large setup violation of -3.956 ns between my_cpu/pc_inst/PCout_reg[1]/C (clocked by sys_clk_pin) and my_cpu/data_mem_inst/memory_reg[20][6]/CE (clocked by sys_clk_pin). Large setup violations at the end of those stages might be difficult to fix during the post-placement implementation flow and could be the result of non-optimal XDC constraints or non-optimal design architecture
Related violations: <none>

TIMING-16#791 Warning
Large setup violation  
There is a large setup violation of -3.956 ns between my_cpu/pc_inst/PCout_reg[1]/C (clocked by sys_clk_pin) and my_cpu/data_mem_inst/memory_reg[30][6]/D (clocked by sys_clk_pin). Large setup violations at the end of those stages might be difficult to fix during the post-placement implementation flow and could be the result of non-optimal XDC constraints or non-optimal design architecture
Related violations: <none>

TIMING-16#792 Warning
Large setup violation  
There is a large setup violation of -3.958 ns between my_cpu/pc_inst/PCout_reg[1]/C (clocked by sys_clk_pin) and my_cpu/data_mem_inst/memory_reg[43][2]/CE (clocked by sys_clk_pin). Large setup violations at the end of those stages might be difficult to fix during the post-placement implementation flow and could be the result of non-optimal XDC constraints or non-optimal design architecture
Related violations: <none>

TIMING-16#793 Warning
Large setup violation  
There is a large setup violation of -3.958 ns between my_cpu/pc_inst/PCout_reg[1]/C (clocked by sys_clk_pin) and my_cpu/data_mem_inst/memory_reg[43][3]/CE (clocked by sys_clk_pin). Large setup violations at the end of those stages might be difficult to fix during the post-placement implementation flow and could be the result of non-optimal XDC constraints or non-optimal design architecture
Related violations: <none>

TIMING-16#794 Warning
Large setup violation  
There is a large setup violation of -3.958 ns between my_cpu/pc_inst/PCout_reg[1]/C (clocked by sys_clk_pin) and my_cpu/data_mem_inst/memory_reg[54][1]/D (clocked by sys_clk_pin). Large setup violations at the end of those stages might be difficult to fix during the post-placement implementation flow and could be the result of non-optimal XDC constraints or non-optimal design architecture
Related violations: <none>

TIMING-16#795 Warning
Large setup violation  
There is a large setup violation of -3.962 ns between my_cpu/pc_inst/PCout_reg[1]/C (clocked by sys_clk_pin) and my_cpu/data_mem_inst/memory_reg[11][0]/CE (clocked by sys_clk_pin). Large setup violations at the end of those stages might be difficult to fix during the post-placement implementation flow and could be the result of non-optimal XDC constraints or non-optimal design architecture
Related violations: <none>

TIMING-16#796 Warning
Large setup violation  
There is a large setup violation of -3.964 ns between my_cpu/pc_inst/PCout_reg[1]/C (clocked by sys_clk_pin) and my_cpu/data_mem_inst/memory_reg[12][2]/CE (clocked by sys_clk_pin). Large setup violations at the end of those stages might be difficult to fix during the post-placement implementation flow and could be the result of non-optimal XDC constraints or non-optimal design architecture
Related violations: <none>

TIMING-16#797 Warning
Large setup violation  
There is a large setup violation of -3.964 ns between my_cpu/pc_inst/PCout_reg[1]/C (clocked by sys_clk_pin) and my_cpu/data_mem_inst/memory_reg[12][3]/CE (clocked by sys_clk_pin). Large setup violations at the end of those stages might be difficult to fix during the post-placement implementation flow and could be the result of non-optimal XDC constraints or non-optimal design architecture
Related violations: <none>

TIMING-16#798 Warning
Large setup violation  
There is a large setup violation of -3.964 ns between my_cpu/pc_inst/PCout_reg[1]/C (clocked by sys_clk_pin) and my_cpu/data_mem_inst/memory_reg[58][7]/CE (clocked by sys_clk_pin). Large setup violations at the end of those stages might be difficult to fix during the post-placement implementation flow and could be the result of non-optimal XDC constraints or non-optimal design architecture
Related violations: <none>

TIMING-16#799 Warning
Large setup violation  
There is a large setup violation of -3.968 ns between my_cpu/pc_inst/PCout_reg[1]/C (clocked by sys_clk_pin) and my_cpu/data_mem_inst/memory_reg[18][0]/CE (clocked by sys_clk_pin). Large setup violations at the end of those stages might be difficult to fix during the post-placement implementation flow and could be the result of non-optimal XDC constraints or non-optimal design architecture
Related violations: <none>

TIMING-16#800 Warning
Large setup violation  
There is a large setup violation of -3.974 ns between my_cpu/pc_inst/PCout_reg[1]/C (clocked by sys_clk_pin) and my_cpu/data_mem_inst/memory_reg[8][7]/D (clocked by sys_clk_pin). Large setup violations at the end of those stages might be difficult to fix during the post-placement implementation flow and could be the result of non-optimal XDC constraints or non-optimal design architecture
Related violations: <none>

TIMING-16#801 Warning
Large setup violation  
There is a large setup violation of -3.980 ns between my_cpu/pc_inst/PCout_reg[1]/C (clocked by sys_clk_pin) and my_cpu/data_mem_inst/memory_reg[48][2]/CE (clocked by sys_clk_pin). Large setup violations at the end of those stages might be difficult to fix during the post-placement implementation flow and could be the result of non-optimal XDC constraints or non-optimal design architecture
Related violations: <none>

TIMING-16#802 Warning
Large setup violation  
There is a large setup violation of -3.980 ns between my_cpu/pc_inst/PCout_reg[1]/C (clocked by sys_clk_pin) and my_cpu/data_mem_inst/memory_reg[63][6]/D (clocked by sys_clk_pin). Large setup violations at the end of those stages might be difficult to fix during the post-placement implementation flow and could be the result of non-optimal XDC constraints or non-optimal design architecture
Related violations: <none>

TIMING-16#803 Warning
Large setup violation  
There is a large setup violation of -3.982 ns between my_cpu/pc_inst/PCout_reg[1]/C (clocked by sys_clk_pin) and my_cpu/data_mem_inst/memory_reg[63][5]/D (clocked by sys_clk_pin). Large setup violations at the end of those stages might be difficult to fix during the post-placement implementation flow and could be the result of non-optimal XDC constraints or non-optimal design architecture
Related violations: <none>

TIMING-16#804 Warning
Large setup violation  
There is a large setup violation of -3.988 ns between my_cpu/pc_inst/PCout_reg[1]/C (clocked by sys_clk_pin) and my_cpu/data_mem_inst/memory_reg[62][3]/CE (clocked by sys_clk_pin). Large setup violations at the end of those stages might be difficult to fix during the post-placement implementation flow and could be the result of non-optimal XDC constraints or non-optimal design architecture
Related violations: <none>

TIMING-16#805 Warning
Large setup violation  
There is a large setup violation of -3.988 ns between my_cpu/pc_inst/PCout_reg[1]/C (clocked by sys_clk_pin) and my_cpu/data_mem_inst/memory_reg[62][6]/CE (clocked by sys_clk_pin). Large setup violations at the end of those stages might be difficult to fix during the post-placement implementation flow and could be the result of non-optimal XDC constraints or non-optimal design architecture
Related violations: <none>

TIMING-16#806 Warning
Large setup violation  
There is a large setup violation of -3.988 ns between my_cpu/pc_inst/PCout_reg[1]/C (clocked by sys_clk_pin) and my_cpu/data_mem_inst/memory_reg[63][2]/CE (clocked by sys_clk_pin). Large setup violations at the end of those stages might be difficult to fix during the post-placement implementation flow and could be the result of non-optimal XDC constraints or non-optimal design architecture
Related violations: <none>

TIMING-16#807 Warning
Large setup violation  
There is a large setup violation of -3.988 ns between my_cpu/pc_inst/PCout_reg[1]/C (clocked by sys_clk_pin) and my_cpu/data_mem_inst/memory_reg[63][3]/CE (clocked by sys_clk_pin). Large setup violations at the end of those stages might be difficult to fix during the post-placement implementation flow and could be the result of non-optimal XDC constraints or non-optimal design architecture
Related violations: <none>

TIMING-16#808 Warning
Large setup violation  
There is a large setup violation of -3.989 ns between my_cpu/pc_inst/PCout_reg[1]/C (clocked by sys_clk_pin) and my_cpu/data_mem_inst/memory_reg[57][0]/CE (clocked by sys_clk_pin). Large setup violations at the end of those stages might be difficult to fix during the post-placement implementation flow and could be the result of non-optimal XDC constraints or non-optimal design architecture
Related violations: <none>

TIMING-16#809 Warning
Large setup violation  
There is a large setup violation of -3.989 ns between my_cpu/pc_inst/PCout_reg[1]/C (clocked by sys_clk_pin) and my_cpu/data_mem_inst/memory_reg[57][2]/CE (clocked by sys_clk_pin). Large setup violations at the end of those stages might be difficult to fix during the post-placement implementation flow and could be the result of non-optimal XDC constraints or non-optimal design architecture
Related violations: <none>

TIMING-16#810 Warning
Large setup violation  
There is a large setup violation of -3.989 ns between my_cpu/pc_inst/PCout_reg[1]/C (clocked by sys_clk_pin) and my_cpu/data_mem_inst/memory_reg[57][5]/CE (clocked by sys_clk_pin). Large setup violations at the end of those stages might be difficult to fix during the post-placement implementation flow and could be the result of non-optimal XDC constraints or non-optimal design architecture
Related violations: <none>

TIMING-16#811 Warning
Large setup violation  
There is a large setup violation of -3.992 ns between my_cpu/pc_inst/PCout_reg[1]/C (clocked by sys_clk_pin) and my_cpu/data_mem_inst/memory_reg[30][7]/D (clocked by sys_clk_pin). Large setup violations at the end of those stages might be difficult to fix during the post-placement implementation flow and could be the result of non-optimal XDC constraints or non-optimal design architecture
Related violations: <none>

TIMING-16#812 Warning
Large setup violation  
There is a large setup violation of -3.992 ns between my_cpu/pc_inst/PCout_reg[1]/C (clocked by sys_clk_pin) and my_cpu/data_mem_inst/memory_reg[58][0]/D (clocked by sys_clk_pin). Large setup violations at the end of those stages might be difficult to fix during the post-placement implementation flow and could be the result of non-optimal XDC constraints or non-optimal design architecture
Related violations: <none>

TIMING-16#813 Warning
Large setup violation  
There is a large setup violation of -3.997 ns between my_cpu/pc_inst/PCout_reg[1]/C (clocked by sys_clk_pin) and my_cpu/data_mem_inst/memory_reg[50][7]/D (clocked by sys_clk_pin). Large setup violations at the end of those stages might be difficult to fix during the post-placement implementation flow and could be the result of non-optimal XDC constraints or non-optimal design architecture
Related violations: <none>

TIMING-16#814 Warning
Large setup violation  
There is a large setup violation of -4.000 ns between my_cpu/pc_inst/PCout_reg[1]/C (clocked by sys_clk_pin) and my_cpu/data_mem_inst/memory_reg[50][6]/D (clocked by sys_clk_pin). Large setup violations at the end of those stages might be difficult to fix during the post-placement implementation flow and could be the result of non-optimal XDC constraints or non-optimal design architecture
Related violations: <none>

TIMING-16#815 Warning
Large setup violation  
There is a large setup violation of -4.002 ns between my_cpu/pc_inst/PCout_reg[1]/C (clocked by sys_clk_pin) and my_cpu/data_mem_inst/memory_reg[5][4]/CE (clocked by sys_clk_pin). Large setup violations at the end of those stages might be difficult to fix during the post-placement implementation flow and could be the result of non-optimal XDC constraints or non-optimal design architecture
Related violations: <none>

TIMING-16#816 Warning
Large setup violation  
There is a large setup violation of -4.002 ns between my_cpu/pc_inst/PCout_reg[1]/C (clocked by sys_clk_pin) and my_cpu/data_mem_inst/memory_reg[5][5]/CE (clocked by sys_clk_pin). Large setup violations at the end of those stages might be difficult to fix during the post-placement implementation flow and could be the result of non-optimal XDC constraints or non-optimal design architecture
Related violations: <none>

TIMING-16#817 Warning
Large setup violation  
There is a large setup violation of -4.003 ns between my_cpu/pc_inst/PCout_reg[1]/C (clocked by sys_clk_pin) and my_cpu/data_mem_inst/memory_reg[48][7]/CE (clocked by sys_clk_pin). Large setup violations at the end of those stages might be difficult to fix during the post-placement implementation flow and could be the result of non-optimal XDC constraints or non-optimal design architecture
Related violations: <none>

TIMING-16#818 Warning
Large setup violation  
There is a large setup violation of -4.011 ns between my_cpu/pc_inst/PCout_reg[1]/C (clocked by sys_clk_pin) and my_cpu/data_mem_inst/memory_reg[12][0]/CE (clocked by sys_clk_pin). Large setup violations at the end of those stages might be difficult to fix during the post-placement implementation flow and could be the result of non-optimal XDC constraints or non-optimal design architecture
Related violations: <none>

TIMING-16#819 Warning
Large setup violation  
There is a large setup violation of -4.011 ns between my_cpu/pc_inst/PCout_reg[1]/C (clocked by sys_clk_pin) and my_cpu/data_mem_inst/memory_reg[12][7]/CE (clocked by sys_clk_pin). Large setup violations at the end of those stages might be difficult to fix during the post-placement implementation flow and could be the result of non-optimal XDC constraints or non-optimal design architecture
Related violations: <none>

TIMING-16#820 Warning
Large setup violation  
There is a large setup violation of -4.012 ns between my_cpu/pc_inst/PCout_reg[1]/C (clocked by sys_clk_pin) and my_cpu/data_mem_inst/memory_reg[35][3]/CE (clocked by sys_clk_pin). Large setup violations at the end of those stages might be difficult to fix during the post-placement implementation flow and could be the result of non-optimal XDC constraints or non-optimal design architecture
Related violations: <none>

TIMING-16#821 Warning
Large setup violation  
There is a large setup violation of -4.012 ns between my_cpu/pc_inst/PCout_reg[1]/C (clocked by sys_clk_pin) and my_cpu/data_mem_inst/memory_reg[35][4]/CE (clocked by sys_clk_pin). Large setup violations at the end of those stages might be difficult to fix during the post-placement implementation flow and could be the result of non-optimal XDC constraints or non-optimal design architecture
Related violations: <none>

TIMING-16#822 Warning
Large setup violation  
There is a large setup violation of -4.012 ns between my_cpu/pc_inst/PCout_reg[1]/C (clocked by sys_clk_pin) and my_cpu/data_mem_inst/memory_reg[35][5]/CE (clocked by sys_clk_pin). Large setup violations at the end of those stages might be difficult to fix during the post-placement implementation flow and could be the result of non-optimal XDC constraints or non-optimal design architecture
Related violations: <none>

TIMING-16#823 Warning
Large setup violation  
There is a large setup violation of -4.012 ns between my_cpu/pc_inst/PCout_reg[1]/C (clocked by sys_clk_pin) and my_cpu/data_mem_inst/memory_reg[5][0]/CE (clocked by sys_clk_pin). Large setup violations at the end of those stages might be difficult to fix during the post-placement implementation flow and could be the result of non-optimal XDC constraints or non-optimal design architecture
Related violations: <none>

TIMING-16#824 Warning
Large setup violation  
There is a large setup violation of -4.012 ns between my_cpu/pc_inst/PCout_reg[1]/C (clocked by sys_clk_pin) and my_cpu/data_mem_inst/memory_reg[5][2]/CE (clocked by sys_clk_pin). Large setup violations at the end of those stages might be difficult to fix during the post-placement implementation flow and could be the result of non-optimal XDC constraints or non-optimal design architecture
Related violations: <none>

TIMING-16#825 Warning
Large setup violation  
There is a large setup violation of -4.012 ns between my_cpu/pc_inst/PCout_reg[1]/C (clocked by sys_clk_pin) and my_cpu/data_mem_inst/memory_reg[5][3]/CE (clocked by sys_clk_pin). Large setup violations at the end of those stages might be difficult to fix during the post-placement implementation flow and could be the result of non-optimal XDC constraints or non-optimal design architecture
Related violations: <none>

TIMING-16#826 Warning
Large setup violation  
There is a large setup violation of -4.012 ns between my_cpu/pc_inst/PCout_reg[1]/C (clocked by sys_clk_pin) and my_cpu/data_mem_inst/memory_reg[5][6]/CE (clocked by sys_clk_pin). Large setup violations at the end of those stages might be difficult to fix during the post-placement implementation flow and could be the result of non-optimal XDC constraints or non-optimal design architecture
Related violations: <none>

TIMING-16#827 Warning
Large setup violation  
There is a large setup violation of -4.012 ns between my_cpu/pc_inst/PCout_reg[1]/C (clocked by sys_clk_pin) and my_cpu/data_mem_inst/memory_reg[5][7]/CE (clocked by sys_clk_pin). Large setup violations at the end of those stages might be difficult to fix during the post-placement implementation flow and could be the result of non-optimal XDC constraints or non-optimal design architecture
Related violations: <none>

TIMING-16#828 Warning
Large setup violation  
There is a large setup violation of -4.013 ns between my_cpu/pc_inst/PCout_reg[1]/C (clocked by sys_clk_pin) and my_cpu/data_mem_inst/memory_reg[13][3]/CE (clocked by sys_clk_pin). Large setup violations at the end of those stages might be difficult to fix during the post-placement implementation flow and could be the result of non-optimal XDC constraints or non-optimal design architecture
Related violations: <none>

TIMING-16#829 Warning
Large setup violation  
There is a large setup violation of -4.016 ns between my_cpu/pc_inst/PCout_reg[1]/C (clocked by sys_clk_pin) and my_cpu/data_mem_inst/memory_reg[48][3]/CE (clocked by sys_clk_pin). Large setup violations at the end of those stages might be difficult to fix during the post-placement implementation flow and could be the result of non-optimal XDC constraints or non-optimal design architecture
Related violations: <none>

TIMING-16#830 Warning
Large setup violation  
There is a large setup violation of -4.016 ns between my_cpu/pc_inst/PCout_reg[1]/C (clocked by sys_clk_pin) and my_cpu/data_mem_inst/memory_reg[63][4]/D (clocked by sys_clk_pin). Large setup violations at the end of those stages might be difficult to fix during the post-placement implementation flow and could be the result of non-optimal XDC constraints or non-optimal design architecture
Related violations: <none>

TIMING-16#831 Warning
Large setup violation  
There is a large setup violation of -4.019 ns between my_cpu/pc_inst/PCout_reg[1]/C (clocked by sys_clk_pin) and my_cpu/data_mem_inst/memory_reg[42][1]/CE (clocked by sys_clk_pin). Large setup violations at the end of those stages might be difficult to fix during the post-placement implementation flow and could be the result of non-optimal XDC constraints or non-optimal design architecture
Related violations: <none>

TIMING-16#832 Warning
Large setup violation  
There is a large setup violation of -4.021 ns between my_cpu/pc_inst/PCout_reg[1]/C (clocked by sys_clk_pin) and my_cpu/data_mem_inst/memory_reg[63][0]/D (clocked by sys_clk_pin). Large setup violations at the end of those stages might be difficult to fix during the post-placement implementation flow and could be the result of non-optimal XDC constraints or non-optimal design architecture
Related violations: <none>

TIMING-16#833 Warning
Large setup violation  
There is a large setup violation of -4.022 ns between my_cpu/pc_inst/PCout_reg[1]/C (clocked by sys_clk_pin) and my_cpu/data_mem_inst/memory_reg[18][7]/D (clocked by sys_clk_pin). Large setup violations at the end of those stages might be difficult to fix during the post-placement implementation flow and could be the result of non-optimal XDC constraints or non-optimal design architecture
Related violations: <none>

TIMING-16#834 Warning
Large setup violation  
There is a large setup violation of -4.025 ns between my_cpu/pc_inst/PCout_reg[1]/C (clocked by sys_clk_pin) and my_cpu/data_mem_inst/memory_reg[12][4]/CE (clocked by sys_clk_pin). Large setup violations at the end of those stages might be difficult to fix during the post-placement implementation flow and could be the result of non-optimal XDC constraints or non-optimal design architecture
Related violations: <none>

TIMING-16#835 Warning
Large setup violation  
There is a large setup violation of -4.027 ns between my_cpu/pc_inst/PCout_reg[1]/C (clocked by sys_clk_pin) and my_cpu/data_mem_inst/memory_reg[30][1]/D (clocked by sys_clk_pin). Large setup violations at the end of those stages might be difficult to fix during the post-placement implementation flow and could be the result of non-optimal XDC constraints or non-optimal design architecture
Related violations: <none>

TIMING-16#836 Warning
Large setup violation  
There is a large setup violation of -4.029 ns between my_cpu/pc_inst/PCout_reg[1]/C (clocked by sys_clk_pin) and my_cpu/data_mem_inst/memory_reg[11][1]/CE (clocked by sys_clk_pin). Large setup violations at the end of those stages might be difficult to fix during the post-placement implementation flow and could be the result of non-optimal XDC constraints or non-optimal design architecture
Related violations: <none>

TIMING-16#837 Warning
Large setup violation  
There is a large setup violation of -4.036 ns between my_cpu/pc_inst/PCout_reg[1]/C (clocked by sys_clk_pin) and my_cpu/data_mem_inst/memory_reg[18][0]/D (clocked by sys_clk_pin). Large setup violations at the end of those stages might be difficult to fix during the post-placement implementation flow and could be the result of non-optimal XDC constraints or non-optimal design architecture
Related violations: <none>

TIMING-16#838 Warning
Large setup violation  
There is a large setup violation of -4.037 ns between my_cpu/pc_inst/PCout_reg[1]/C (clocked by sys_clk_pin) and my_cpu/data_mem_inst/memory_reg[20][7]/CE (clocked by sys_clk_pin). Large setup violations at the end of those stages might be difficult to fix during the post-placement implementation flow and could be the result of non-optimal XDC constraints or non-optimal design architecture
Related violations: <none>

TIMING-16#839 Warning
Large setup violation  
There is a large setup violation of -4.039 ns between my_cpu/pc_inst/PCout_reg[1]/C (clocked by sys_clk_pin) and my_cpu/data_mem_inst/memory_reg[62][5]/CE (clocked by sys_clk_pin). Large setup violations at the end of those stages might be difficult to fix during the post-placement implementation flow and could be the result of non-optimal XDC constraints or non-optimal design architecture
Related violations: <none>

TIMING-16#840 Warning
Large setup violation  
There is a large setup violation of -4.050 ns between my_cpu/pc_inst/PCout_reg[1]/C (clocked by sys_clk_pin) and my_cpu/data_mem_inst/memory_reg[58][2]/D (clocked by sys_clk_pin). Large setup violations at the end of those stages might be difficult to fix during the post-placement implementation flow and could be the result of non-optimal XDC constraints or non-optimal design architecture
Related violations: <none>

TIMING-16#841 Warning
Large setup violation  
There is a large setup violation of -4.056 ns between my_cpu/pc_inst/PCout_reg[1]/C (clocked by sys_clk_pin) and my_cpu/data_mem_inst/memory_reg[42][7]/CE (clocked by sys_clk_pin). Large setup violations at the end of those stages might be difficult to fix during the post-placement implementation flow and could be the result of non-optimal XDC constraints or non-optimal design architecture
Related violations: <none>

TIMING-16#842 Warning
Large setup violation  
There is a large setup violation of -4.064 ns between my_cpu/pc_inst/PCout_reg[1]/C (clocked by sys_clk_pin) and my_cpu/data_mem_inst/memory_reg[54][3]/CE (clocked by sys_clk_pin). Large setup violations at the end of those stages might be difficult to fix during the post-placement implementation flow and could be the result of non-optimal XDC constraints or non-optimal design architecture
Related violations: <none>

TIMING-16#843 Warning
Large setup violation  
There is a large setup violation of -4.064 ns between my_cpu/pc_inst/PCout_reg[1]/C (clocked by sys_clk_pin) and my_cpu/data_mem_inst/memory_reg[54][5]/CE (clocked by sys_clk_pin). Large setup violations at the end of those stages might be difficult to fix during the post-placement implementation flow and could be the result of non-optimal XDC constraints or non-optimal design architecture
Related violations: <none>

TIMING-16#844 Warning
Large setup violation  
There is a large setup violation of -4.064 ns between my_cpu/pc_inst/PCout_reg[1]/C (clocked by sys_clk_pin) and my_cpu/data_mem_inst/memory_reg[54][6]/CE (clocked by sys_clk_pin). Large setup violations at the end of those stages might be difficult to fix during the post-placement implementation flow and could be the result of non-optimal XDC constraints or non-optimal design architecture
Related violations: <none>

TIMING-16#845 Warning
Large setup violation  
There is a large setup violation of -4.067 ns between my_cpu/pc_inst/PCout_reg[1]/C (clocked by sys_clk_pin) and my_cpu/data_mem_inst/memory_reg[58][3]/CE (clocked by sys_clk_pin). Large setup violations at the end of those stages might be difficult to fix during the post-placement implementation flow and could be the result of non-optimal XDC constraints or non-optimal design architecture
Related violations: <none>

TIMING-16#846 Warning
Large setup violation  
There is a large setup violation of -4.070 ns between my_cpu/pc_inst/PCout_reg[1]/C (clocked by sys_clk_pin) and my_cpu/data_mem_inst/memory_reg[13][0]/CE (clocked by sys_clk_pin). Large setup violations at the end of those stages might be difficult to fix during the post-placement implementation flow and could be the result of non-optimal XDC constraints or non-optimal design architecture
Related violations: <none>

TIMING-16#847 Warning
Large setup violation  
There is a large setup violation of -4.075 ns between my_cpu/pc_inst/PCout_reg[1]/C (clocked by sys_clk_pin) and my_cpu/data_mem_inst/memory_reg[43][4]/CE (clocked by sys_clk_pin). Large setup violations at the end of those stages might be difficult to fix during the post-placement implementation flow and could be the result of non-optimal XDC constraints or non-optimal design architecture
Related violations: <none>

TIMING-16#848 Warning
Large setup violation  
There is a large setup violation of -4.075 ns between my_cpu/pc_inst/PCout_reg[1]/C (clocked by sys_clk_pin) and my_cpu/data_mem_inst/memory_reg[43][6]/CE (clocked by sys_clk_pin). Large setup violations at the end of those stages might be difficult to fix during the post-placement implementation flow and could be the result of non-optimal XDC constraints or non-optimal design architecture
Related violations: <none>

TIMING-16#849 Warning
Large setup violation  
There is a large setup violation of -4.078 ns between my_cpu/pc_inst/PCout_reg[1]/C (clocked by sys_clk_pin) and my_cpu/data_mem_inst/memory_reg[41][0]/CE (clocked by sys_clk_pin). Large setup violations at the end of those stages might be difficult to fix during the post-placement implementation flow and could be the result of non-optimal XDC constraints or non-optimal design architecture
Related violations: <none>

TIMING-16#850 Warning
Large setup violation  
There is a large setup violation of -4.078 ns between my_cpu/pc_inst/PCout_reg[1]/C (clocked by sys_clk_pin) and my_cpu/data_mem_inst/memory_reg[41][2]/CE (clocked by sys_clk_pin). Large setup violations at the end of those stages might be difficult to fix during the post-placement implementation flow and could be the result of non-optimal XDC constraints or non-optimal design architecture
Related violations: <none>

TIMING-16#851 Warning
Large setup violation  
There is a large setup violation of -4.078 ns between my_cpu/pc_inst/PCout_reg[1]/C (clocked by sys_clk_pin) and my_cpu/data_mem_inst/memory_reg[41][6]/CE (clocked by sys_clk_pin). Large setup violations at the end of those stages might be difficult to fix during the post-placement implementation flow and could be the result of non-optimal XDC constraints or non-optimal design architecture
Related violations: <none>

TIMING-16#852 Warning
Large setup violation  
There is a large setup violation of -4.080 ns between my_cpu/pc_inst/PCout_reg[1]/C (clocked by sys_clk_pin) and my_cpu/data_mem_inst/memory_reg[4][7]/CE (clocked by sys_clk_pin). Large setup violations at the end of those stages might be difficult to fix during the post-placement implementation flow and could be the result of non-optimal XDC constraints or non-optimal design architecture
Related violations: <none>

TIMING-16#853 Warning
Large setup violation  
There is a large setup violation of -4.084 ns between my_cpu/pc_inst/PCout_reg[1]/C (clocked by sys_clk_pin) and my_cpu/data_mem_inst/memory_reg[5][1]/CE (clocked by sys_clk_pin). Large setup violations at the end of those stages might be difficult to fix during the post-placement implementation flow and could be the result of non-optimal XDC constraints or non-optimal design architecture
Related violations: <none>

TIMING-16#854 Warning
Large setup violation  
There is a large setup violation of -4.089 ns between my_cpu/pc_inst/PCout_reg[1]/C (clocked by sys_clk_pin) and my_cpu/data_mem_inst/memory_reg[15][0]/CE (clocked by sys_clk_pin). Large setup violations at the end of those stages might be difficult to fix during the post-placement implementation flow and could be the result of non-optimal XDC constraints or non-optimal design architecture
Related violations: <none>

TIMING-16#855 Warning
Large setup violation  
There is a large setup violation of -4.089 ns between my_cpu/pc_inst/PCout_reg[1]/C (clocked by sys_clk_pin) and my_cpu/data_mem_inst/memory_reg[15][7]/CE (clocked by sys_clk_pin). Large setup violations at the end of those stages might be difficult to fix during the post-placement implementation flow and could be the result of non-optimal XDC constraints or non-optimal design architecture
Related violations: <none>

TIMING-16#856 Warning
Large setup violation  
There is a large setup violation of -4.090 ns between my_cpu/pc_inst/PCout_reg[1]/C (clocked by sys_clk_pin) and my_cpu/data_mem_inst/memory_reg[60][4]/CE (clocked by sys_clk_pin). Large setup violations at the end of those stages might be difficult to fix during the post-placement implementation flow and could be the result of non-optimal XDC constraints or non-optimal design architecture
Related violations: <none>

TIMING-16#857 Warning
Large setup violation  
There is a large setup violation of -4.090 ns between my_cpu/pc_inst/PCout_reg[1]/C (clocked by sys_clk_pin) and my_cpu/data_mem_inst/memory_reg[60][7]/CE (clocked by sys_clk_pin). Large setup violations at the end of those stages might be difficult to fix during the post-placement implementation flow and could be the result of non-optimal XDC constraints or non-optimal design architecture
Related violations: <none>

TIMING-16#858 Warning
Large setup violation  
There is a large setup violation of -4.103 ns between my_cpu/pc_inst/PCout_reg[1]/C (clocked by sys_clk_pin) and my_cpu/data_mem_inst/memory_reg[53][1]/CE (clocked by sys_clk_pin). Large setup violations at the end of those stages might be difficult to fix during the post-placement implementation flow and could be the result of non-optimal XDC constraints or non-optimal design architecture
Related violations: <none>

TIMING-16#859 Warning
Large setup violation  
There is a large setup violation of -4.110 ns between my_cpu/pc_inst/PCout_reg[1]/C (clocked by sys_clk_pin) and my_cpu/data_mem_inst/memory_reg[20][0]/CE (clocked by sys_clk_pin). Large setup violations at the end of those stages might be difficult to fix during the post-placement implementation flow and could be the result of non-optimal XDC constraints or non-optimal design architecture
Related violations: <none>

TIMING-16#860 Warning
Large setup violation  
There is a large setup violation of -4.110 ns between my_cpu/pc_inst/PCout_reg[1]/C (clocked by sys_clk_pin) and my_cpu/data_mem_inst/memory_reg[20][1]/CE (clocked by sys_clk_pin). Large setup violations at the end of those stages might be difficult to fix during the post-placement implementation flow and could be the result of non-optimal XDC constraints or non-optimal design architecture
Related violations: <none>

TIMING-16#861 Warning
Large setup violation  
There is a large setup violation of -4.110 ns between my_cpu/pc_inst/PCout_reg[1]/C (clocked by sys_clk_pin) and my_cpu/data_mem_inst/memory_reg[20][3]/CE (clocked by sys_clk_pin). Large setup violations at the end of those stages might be difficult to fix during the post-placement implementation flow and could be the result of non-optimal XDC constraints or non-optimal design architecture
Related violations: <none>

TIMING-16#862 Warning
Large setup violation  
There is a large setup violation of -4.114 ns between my_cpu/pc_inst/PCout_reg[1]/C (clocked by sys_clk_pin) and my_cpu/data_mem_inst/memory_reg[53][0]/CE (clocked by sys_clk_pin). Large setup violations at the end of those stages might be difficult to fix during the post-placement implementation flow and could be the result of non-optimal XDC constraints or non-optimal design architecture
Related violations: <none>

TIMING-16#863 Warning
Large setup violation  
There is a large setup violation of -4.114 ns between my_cpu/pc_inst/PCout_reg[1]/C (clocked by sys_clk_pin) and my_cpu/data_mem_inst/memory_reg[53][3]/CE (clocked by sys_clk_pin). Large setup violations at the end of those stages might be difficult to fix during the post-placement implementation flow and could be the result of non-optimal XDC constraints or non-optimal design architecture
Related violations: <none>

TIMING-16#864 Warning
Large setup violation  
There is a large setup violation of -4.118 ns between my_cpu/pc_inst/PCout_reg[1]/C (clocked by sys_clk_pin) and my_cpu/data_mem_inst/memory_reg[48][1]/CE (clocked by sys_clk_pin). Large setup violations at the end of those stages might be difficult to fix during the post-placement implementation flow and could be the result of non-optimal XDC constraints or non-optimal design architecture
Related violations: <none>

TIMING-16#865 Warning
Large setup violation  
There is a large setup violation of -4.118 ns between my_cpu/pc_inst/PCout_reg[1]/C (clocked by sys_clk_pin) and my_cpu/data_mem_inst/memory_reg[48][5]/CE (clocked by sys_clk_pin). Large setup violations at the end of those stages might be difficult to fix during the post-placement implementation flow and could be the result of non-optimal XDC constraints or non-optimal design architecture
Related violations: <none>

TIMING-16#866 Warning
Large setup violation  
There is a large setup violation of -4.119 ns between my_cpu/pc_inst/PCout_reg[1]/C (clocked by sys_clk_pin) and my_cpu/data_mem_inst/memory_reg[30][0]/D (clocked by sys_clk_pin). Large setup violations at the end of those stages might be difficult to fix during the post-placement implementation flow and could be the result of non-optimal XDC constraints or non-optimal design architecture
Related violations: <none>

TIMING-16#867 Warning
Large setup violation  
There is a large setup violation of -4.121 ns between my_cpu/pc_inst/PCout_reg[1]/C (clocked by sys_clk_pin) and my_cpu/data_mem_inst/memory_reg[35][1]/CE (clocked by sys_clk_pin). Large setup violations at the end of those stages might be difficult to fix during the post-placement implementation flow and could be the result of non-optimal XDC constraints or non-optimal design architecture
Related violations: <none>

TIMING-16#868 Warning
Large setup violation  
There is a large setup violation of -4.127 ns between my_cpu/pc_inst/PCout_reg[1]/C (clocked by sys_clk_pin) and my_cpu/data_mem_inst/memory_reg[8][6]/D (clocked by sys_clk_pin). Large setup violations at the end of those stages might be difficult to fix during the post-placement implementation flow and could be the result of non-optimal XDC constraints or non-optimal design architecture
Related violations: <none>

TIMING-16#869 Warning
Large setup violation  
There is a large setup violation of -4.139 ns between my_cpu/pc_inst/PCout_reg[1]/C (clocked by sys_clk_pin) and my_cpu/data_mem_inst/memory_reg[53][4]/CE (clocked by sys_clk_pin). Large setup violations at the end of those stages might be difficult to fix during the post-placement implementation flow and could be the result of non-optimal XDC constraints or non-optimal design architecture
Related violations: <none>

TIMING-16#870 Warning
Large setup violation  
There is a large setup violation of -4.139 ns between my_cpu/pc_inst/PCout_reg[1]/C (clocked by sys_clk_pin) and my_cpu/data_mem_inst/memory_reg[53][5]/CE (clocked by sys_clk_pin). Large setup violations at the end of those stages might be difficult to fix during the post-placement implementation flow and could be the result of non-optimal XDC constraints or non-optimal design architecture
Related violations: <none>

TIMING-16#871 Warning
Large setup violation  
There is a large setup violation of -4.139 ns between my_cpu/pc_inst/PCout_reg[1]/C (clocked by sys_clk_pin) and my_cpu/data_mem_inst/memory_reg[53][7]/CE (clocked by sys_clk_pin). Large setup violations at the end of those stages might be difficult to fix during the post-placement implementation flow and could be the result of non-optimal XDC constraints or non-optimal design architecture
Related violations: <none>

TIMING-16#872 Warning
Large setup violation  
There is a large setup violation of -4.140 ns between my_cpu/pc_inst/PCout_reg[1]/C (clocked by sys_clk_pin) and my_cpu/data_mem_inst/memory_reg[8][1]/D (clocked by sys_clk_pin). Large setup violations at the end of those stages might be difficult to fix during the post-placement implementation flow and could be the result of non-optimal XDC constraints or non-optimal design architecture
Related violations: <none>

TIMING-16#873 Warning
Large setup violation  
There is a large setup violation of -4.146 ns between my_cpu/pc_inst/PCout_reg[1]/C (clocked by sys_clk_pin) and my_cpu/data_mem_inst/memory_reg[30][1]/CE (clocked by sys_clk_pin). Large setup violations at the end of those stages might be difficult to fix during the post-placement implementation flow and could be the result of non-optimal XDC constraints or non-optimal design architecture
Related violations: <none>

TIMING-16#874 Warning
Large setup violation  
There is a large setup violation of -4.146 ns between my_cpu/pc_inst/PCout_reg[1]/C (clocked by sys_clk_pin) and my_cpu/data_mem_inst/memory_reg[30][5]/CE (clocked by sys_clk_pin). Large setup violations at the end of those stages might be difficult to fix during the post-placement implementation flow and could be the result of non-optimal XDC constraints or non-optimal design architecture
Related violations: <none>

TIMING-16#875 Warning
Large setup violation  
There is a large setup violation of -4.147 ns between my_cpu/pc_inst/PCout_reg[1]/C (clocked by sys_clk_pin) and my_cpu/data_mem_inst/memory_reg[23][0]/CE (clocked by sys_clk_pin). Large setup violations at the end of those stages might be difficult to fix during the post-placement implementation flow and could be the result of non-optimal XDC constraints or non-optimal design architecture
Related violations: <none>

TIMING-16#876 Warning
Large setup violation  
There is a large setup violation of -4.147 ns between my_cpu/pc_inst/PCout_reg[1]/C (clocked by sys_clk_pin) and my_cpu/data_mem_inst/memory_reg[23][1]/CE (clocked by sys_clk_pin). Large setup violations at the end of those stages might be difficult to fix during the post-placement implementation flow and could be the result of non-optimal XDC constraints or non-optimal design architecture
Related violations: <none>

TIMING-16#877 Warning
Large setup violation  
There is a large setup violation of -4.147 ns between my_cpu/pc_inst/PCout_reg[1]/C (clocked by sys_clk_pin) and my_cpu/data_mem_inst/memory_reg[23][4]/CE (clocked by sys_clk_pin). Large setup violations at the end of those stages might be difficult to fix during the post-placement implementation flow and could be the result of non-optimal XDC constraints or non-optimal design architecture
Related violations: <none>

TIMING-16#878 Warning
Large setup violation  
There is a large setup violation of -4.152 ns between my_cpu/pc_inst/PCout_reg[1]/C (clocked by sys_clk_pin) and my_cpu/data_mem_inst/memory_reg[60][0]/CE (clocked by sys_clk_pin). Large setup violations at the end of those stages might be difficult to fix during the post-placement implementation flow and could be the result of non-optimal XDC constraints or non-optimal design architecture
Related violations: <none>

TIMING-16#879 Warning
Large setup violation  
There is a large setup violation of -4.152 ns between my_cpu/pc_inst/PCout_reg[1]/C (clocked by sys_clk_pin) and my_cpu/data_mem_inst/memory_reg[6][3]/CE (clocked by sys_clk_pin). Large setup violations at the end of those stages might be difficult to fix during the post-placement implementation flow and could be the result of non-optimal XDC constraints or non-optimal design architecture
Related violations: <none>

TIMING-16#880 Warning
Large setup violation  
There is a large setup violation of -4.152 ns between my_cpu/pc_inst/PCout_reg[1]/C (clocked by sys_clk_pin) and my_cpu/data_mem_inst/memory_reg[6][5]/CE (clocked by sys_clk_pin). Large setup violations at the end of those stages might be difficult to fix during the post-placement implementation flow and could be the result of non-optimal XDC constraints or non-optimal design architecture
Related violations: <none>

TIMING-16#881 Warning
Large setup violation  
There is a large setup violation of -4.154 ns between my_cpu/pc_inst/PCout_reg[1]/C (clocked by sys_clk_pin) and my_cpu/data_mem_inst/memory_reg[48][6]/CE (clocked by sys_clk_pin). Large setup violations at the end of those stages might be difficult to fix during the post-placement implementation flow and could be the result of non-optimal XDC constraints or non-optimal design architecture
Related violations: <none>

TIMING-16#882 Warning
Large setup violation  
There is a large setup violation of -4.160 ns between my_cpu/pc_inst/PCout_reg[1]/C (clocked by sys_clk_pin) and my_cpu/data_mem_inst/memory_reg[63][7]/D (clocked by sys_clk_pin). Large setup violations at the end of those stages might be difficult to fix during the post-placement implementation flow and could be the result of non-optimal XDC constraints or non-optimal design architecture
Related violations: <none>

TIMING-16#883 Warning
Large setup violation  
There is a large setup violation of -4.161 ns between my_cpu/pc_inst/PCout_reg[1]/C (clocked by sys_clk_pin) and my_cpu/data_mem_inst/memory_reg[6][6]/CE (clocked by sys_clk_pin). Large setup violations at the end of those stages might be difficult to fix during the post-placement implementation flow and could be the result of non-optimal XDC constraints or non-optimal design architecture
Related violations: <none>

TIMING-16#884 Warning
Large setup violation  
There is a large setup violation of -4.162 ns between my_cpu/pc_inst/PCout_reg[1]/C (clocked by sys_clk_pin) and my_cpu/data_mem_inst/memory_reg[8][0]/D (clocked by sys_clk_pin). Large setup violations at the end of those stages might be difficult to fix during the post-placement implementation flow and could be the result of non-optimal XDC constraints or non-optimal design architecture
Related violations: <none>

TIMING-16#885 Warning
Large setup violation  
There is a large setup violation of -4.164 ns between my_cpu/pc_inst/PCout_reg[1]/C (clocked by sys_clk_pin) and my_cpu/data_mem_inst/memory_reg[62][1]/CE (clocked by sys_clk_pin). Large setup violations at the end of those stages might be difficult to fix during the post-placement implementation flow and could be the result of non-optimal XDC constraints or non-optimal design architecture
Related violations: <none>

TIMING-16#886 Warning
Large setup violation  
There is a large setup violation of -4.164 ns between my_cpu/pc_inst/PCout_reg[1]/C (clocked by sys_clk_pin) and my_cpu/data_mem_inst/memory_reg[62][4]/CE (clocked by sys_clk_pin). Large setup violations at the end of those stages might be difficult to fix during the post-placement implementation flow and could be the result of non-optimal XDC constraints or non-optimal design architecture
Related violations: <none>

TIMING-16#887 Warning
Large setup violation  
There is a large setup violation of -4.169 ns between my_cpu/pc_inst/PCout_reg[1]/C (clocked by sys_clk_pin) and my_cpu/data_mem_inst/memory_reg[60][1]/CE (clocked by sys_clk_pin). Large setup violations at the end of those stages might be difficult to fix during the post-placement implementation flow and could be the result of non-optimal XDC constraints or non-optimal design architecture
Related violations: <none>

TIMING-16#888 Warning
Large setup violation  
There is a large setup violation of -4.169 ns between my_cpu/pc_inst/PCout_reg[1]/C (clocked by sys_clk_pin) and my_cpu/data_mem_inst/memory_reg[60][2]/CE (clocked by sys_clk_pin). Large setup violations at the end of those stages might be difficult to fix during the post-placement implementation flow and could be the result of non-optimal XDC constraints or non-optimal design architecture
Related violations: <none>

TIMING-16#889 Warning
Large setup violation  
There is a large setup violation of -4.170 ns between my_cpu/pc_inst/PCout_reg[1]/C (clocked by sys_clk_pin) and my_cpu/data_mem_inst/memory_reg[7][2]/CE (clocked by sys_clk_pin). Large setup violations at the end of those stages might be difficult to fix during the post-placement implementation flow and could be the result of non-optimal XDC constraints or non-optimal design architecture
Related violations: <none>

TIMING-16#890 Warning
Large setup violation  
There is a large setup violation of -4.170 ns between my_cpu/pc_inst/PCout_reg[1]/C (clocked by sys_clk_pin) and my_cpu/data_mem_inst/memory_reg[7][3]/CE (clocked by sys_clk_pin). Large setup violations at the end of those stages might be difficult to fix during the post-placement implementation flow and could be the result of non-optimal XDC constraints or non-optimal design architecture
Related violations: <none>

TIMING-16#891 Warning
Large setup violation  
There is a large setup violation of -4.170 ns between my_cpu/pc_inst/PCout_reg[1]/C (clocked by sys_clk_pin) and my_cpu/data_mem_inst/memory_reg[7][6]/CE (clocked by sys_clk_pin). Large setup violations at the end of those stages might be difficult to fix during the post-placement implementation flow and could be the result of non-optimal XDC constraints or non-optimal design architecture
Related violations: <none>

TIMING-16#892 Warning
Large setup violation  
There is a large setup violation of -4.182 ns between my_cpu/pc_inst/PCout_reg[1]/C (clocked by sys_clk_pin) and my_cpu/data_mem_inst/memory_reg[41][1]/CE (clocked by sys_clk_pin). Large setup violations at the end of those stages might be difficult to fix during the post-placement implementation flow and could be the result of non-optimal XDC constraints or non-optimal design architecture
Related violations: <none>

TIMING-16#893 Warning
Large setup violation  
There is a large setup violation of -4.182 ns between my_cpu/pc_inst/PCout_reg[1]/C (clocked by sys_clk_pin) and my_cpu/data_mem_inst/memory_reg[41][3]/CE (clocked by sys_clk_pin). Large setup violations at the end of those stages might be difficult to fix during the post-placement implementation flow and could be the result of non-optimal XDC constraints or non-optimal design architecture
Related violations: <none>

TIMING-16#894 Warning
Large setup violation  
There is a large setup violation of -4.182 ns between my_cpu/pc_inst/PCout_reg[1]/C (clocked by sys_clk_pin) and my_cpu/data_mem_inst/memory_reg[41][4]/CE (clocked by sys_clk_pin). Large setup violations at the end of those stages might be difficult to fix during the post-placement implementation flow and could be the result of non-optimal XDC constraints or non-optimal design architecture
Related violations: <none>

TIMING-16#895 Warning
Large setup violation  
There is a large setup violation of -4.182 ns between my_cpu/pc_inst/PCout_reg[1]/C (clocked by sys_clk_pin) and my_cpu/data_mem_inst/memory_reg[41][7]/CE (clocked by sys_clk_pin). Large setup violations at the end of those stages might be difficult to fix during the post-placement implementation flow and could be the result of non-optimal XDC constraints or non-optimal design architecture
Related violations: <none>

TIMING-16#896 Warning
Large setup violation  
There is a large setup violation of -4.186 ns between my_cpu/pc_inst/PCout_reg[1]/C (clocked by sys_clk_pin) and my_cpu/data_mem_inst/memory_reg[15][5]/CE (clocked by sys_clk_pin). Large setup violations at the end of those stages might be difficult to fix during the post-placement implementation flow and could be the result of non-optimal XDC constraints or non-optimal design architecture
Related violations: <none>

TIMING-16#897 Warning
Large setup violation  
There is a large setup violation of -4.186 ns between my_cpu/pc_inst/PCout_reg[1]/C (clocked by sys_clk_pin) and my_cpu/data_mem_inst/memory_reg[15][6]/CE (clocked by sys_clk_pin). Large setup violations at the end of those stages might be difficult to fix during the post-placement implementation flow and could be the result of non-optimal XDC constraints or non-optimal design architecture
Related violations: <none>

TIMING-16#898 Warning
Large setup violation  
There is a large setup violation of -4.186 ns between my_cpu/pc_inst/PCout_reg[1]/C (clocked by sys_clk_pin) and my_cpu/data_mem_inst/memory_reg[50][2]/CE (clocked by sys_clk_pin). Large setup violations at the end of those stages might be difficult to fix during the post-placement implementation flow and could be the result of non-optimal XDC constraints or non-optimal design architecture
Related violations: <none>

TIMING-16#899 Warning
Large setup violation  
There is a large setup violation of -4.186 ns between my_cpu/pc_inst/PCout_reg[1]/C (clocked by sys_clk_pin) and my_cpu/data_mem_inst/memory_reg[50][3]/CE (clocked by sys_clk_pin). Large setup violations at the end of those stages might be difficult to fix during the post-placement implementation flow and could be the result of non-optimal XDC constraints or non-optimal design architecture
Related violations: <none>

TIMING-16#900 Warning
Large setup violation  
There is a large setup violation of -4.197 ns between my_cpu/pc_inst/PCout_reg[1]/C (clocked by sys_clk_pin) and my_cpu/data_mem_inst/memory_reg[42][2]/CE (clocked by sys_clk_pin). Large setup violations at the end of those stages might be difficult to fix during the post-placement implementation flow and could be the result of non-optimal XDC constraints or non-optimal design architecture
Related violations: <none>

TIMING-16#901 Warning
Large setup violation  
There is a large setup violation of -4.198 ns between my_cpu/pc_inst/PCout_reg[1]/C (clocked by sys_clk_pin) and my_cpu/data_mem_inst/memory_reg[42][6]/D (clocked by sys_clk_pin). Large setup violations at the end of those stages might be difficult to fix during the post-placement implementation flow and could be the result of non-optimal XDC constraints or non-optimal design architecture
Related violations: <none>

TIMING-16#902 Warning
Large setup violation  
There is a large setup violation of -4.198 ns between my_cpu/pc_inst/PCout_reg[1]/C (clocked by sys_clk_pin) and my_cpu/data_mem_inst/memory_reg[53][6]/CE (clocked by sys_clk_pin). Large setup violations at the end of those stages might be difficult to fix during the post-placement implementation flow and could be the result of non-optimal XDC constraints or non-optimal design architecture
Related violations: <none>

TIMING-16#903 Warning
Large setup violation  
There is a large setup violation of -4.200 ns between my_cpu/pc_inst/PCout_reg[1]/C (clocked by sys_clk_pin) and my_cpu/data_mem_inst/memory_reg[42][0]/CE (clocked by sys_clk_pin). Large setup violations at the end of those stages might be difficult to fix during the post-placement implementation flow and could be the result of non-optimal XDC constraints or non-optimal design architecture
Related violations: <none>

TIMING-16#904 Warning
Large setup violation  
There is a large setup violation of -4.200 ns between my_cpu/pc_inst/PCout_reg[1]/C (clocked by sys_clk_pin) and my_cpu/data_mem_inst/memory_reg[42][4]/CE (clocked by sys_clk_pin). Large setup violations at the end of those stages might be difficult to fix during the post-placement implementation flow and could be the result of non-optimal XDC constraints or non-optimal design architecture
Related violations: <none>

TIMING-16#905 Warning
Large setup violation  
There is a large setup violation of -4.202 ns between my_cpu/pc_inst/PCout_reg[1]/C (clocked by sys_clk_pin) and my_cpu/data_mem_inst/memory_reg[42][3]/CE (clocked by sys_clk_pin). Large setup violations at the end of those stages might be difficult to fix during the post-placement implementation flow and could be the result of non-optimal XDC constraints or non-optimal design architecture
Related violations: <none>

TIMING-16#906 Warning
Large setup violation  
There is a large setup violation of -4.207 ns between my_cpu/pc_inst/PCout_reg[1]/C (clocked by sys_clk_pin) and my_cpu/data_mem_inst/memory_reg[23][5]/CE (clocked by sys_clk_pin). Large setup violations at the end of those stages might be difficult to fix during the post-placement implementation flow and could be the result of non-optimal XDC constraints or non-optimal design architecture
Related violations: <none>

TIMING-16#907 Warning
Large setup violation  
There is a large setup violation of -4.213 ns between my_cpu/pc_inst/PCout_reg[1]/C (clocked by sys_clk_pin) and my_cpu/data_mem_inst/memory_reg[62][7]/CE (clocked by sys_clk_pin). Large setup violations at the end of those stages might be difficult to fix during the post-placement implementation flow and could be the result of non-optimal XDC constraints or non-optimal design architecture
Related violations: <none>

TIMING-16#908 Warning
Large setup violation  
There is a large setup violation of -4.214 ns between my_cpu/pc_inst/PCout_reg[1]/C (clocked by sys_clk_pin) and my_cpu/data_mem_inst/memory_reg[12][5]/CE (clocked by sys_clk_pin). Large setup violations at the end of those stages might be difficult to fix during the post-placement implementation flow and could be the result of non-optimal XDC constraints or non-optimal design architecture
Related violations: <none>

TIMING-16#909 Warning
Large setup violation  
There is a large setup violation of -4.214 ns between my_cpu/pc_inst/PCout_reg[1]/C (clocked by sys_clk_pin) and my_cpu/data_mem_inst/memory_reg[57][1]/CE (clocked by sys_clk_pin). Large setup violations at the end of those stages might be difficult to fix during the post-placement implementation flow and could be the result of non-optimal XDC constraints or non-optimal design architecture
Related violations: <none>

TIMING-16#910 Warning
Large setup violation  
There is a large setup violation of -4.214 ns between my_cpu/pc_inst/PCout_reg[1]/C (clocked by sys_clk_pin) and my_cpu/data_mem_inst/memory_reg[57][3]/CE (clocked by sys_clk_pin). Large setup violations at the end of those stages might be difficult to fix during the post-placement implementation flow and could be the result of non-optimal XDC constraints or non-optimal design architecture
Related violations: <none>

TIMING-16#911 Warning
Large setup violation  
There is a large setup violation of -4.214 ns between my_cpu/pc_inst/PCout_reg[1]/C (clocked by sys_clk_pin) and my_cpu/data_mem_inst/memory_reg[57][6]/CE (clocked by sys_clk_pin). Large setup violations at the end of those stages might be difficult to fix during the post-placement implementation flow and could be the result of non-optimal XDC constraints or non-optimal design architecture
Related violations: <none>

TIMING-16#912 Warning
Large setup violation  
There is a large setup violation of -4.214 ns between my_cpu/pc_inst/PCout_reg[1]/C (clocked by sys_clk_pin) and my_cpu/data_mem_inst/memory_reg[57][7]/CE (clocked by sys_clk_pin). Large setup violations at the end of those stages might be difficult to fix during the post-placement implementation flow and could be the result of non-optimal XDC constraints or non-optimal design architecture
Related violations: <none>

TIMING-16#913 Warning
Large setup violation  
There is a large setup violation of -4.215 ns between my_cpu/pc_inst/PCout_reg[1]/C (clocked by sys_clk_pin) and my_cpu/data_mem_inst/memory_reg[42][2]/D (clocked by sys_clk_pin). Large setup violations at the end of those stages might be difficult to fix during the post-placement implementation flow and could be the result of non-optimal XDC constraints or non-optimal design architecture
Related violations: <none>

TIMING-16#914 Warning
Large setup violation  
There is a large setup violation of -4.215 ns between my_cpu/pc_inst/PCout_reg[1]/C (clocked by sys_clk_pin) and my_cpu/data_mem_inst/memory_reg[42][3]/D (clocked by sys_clk_pin). Large setup violations at the end of those stages might be difficult to fix during the post-placement implementation flow and could be the result of non-optimal XDC constraints or non-optimal design architecture
Related violations: <none>

TIMING-16#915 Warning
Large setup violation  
There is a large setup violation of -4.224 ns between my_cpu/pc_inst/PCout_reg[1]/C (clocked by sys_clk_pin) and my_cpu/data_mem_inst/memory_reg[63][1]/CE (clocked by sys_clk_pin). Large setup violations at the end of those stages might be difficult to fix during the post-placement implementation flow and could be the result of non-optimal XDC constraints or non-optimal design architecture
Related violations: <none>

TIMING-16#916 Warning
Large setup violation  
There is a large setup violation of -4.229 ns between my_cpu/pc_inst/PCout_reg[1]/C (clocked by sys_clk_pin) and my_cpu/data_mem_inst/memory_reg[41][5]/CE (clocked by sys_clk_pin). Large setup violations at the end of those stages might be difficult to fix during the post-placement implementation flow and could be the result of non-optimal XDC constraints or non-optimal design architecture
Related violations: <none>

TIMING-16#917 Warning
Large setup violation  
There is a large setup violation of -4.231 ns between my_cpu/pc_inst/PCout_reg[1]/C (clocked by sys_clk_pin) and my_cpu/data_mem_inst/memory_reg[56][5]/CE (clocked by sys_clk_pin). Large setup violations at the end of those stages might be difficult to fix during the post-placement implementation flow and could be the result of non-optimal XDC constraints or non-optimal design architecture
Related violations: <none>

TIMING-16#918 Warning
Large setup violation  
There is a large setup violation of -4.237 ns between my_cpu/pc_inst/PCout_reg[1]/C (clocked by sys_clk_pin) and my_cpu/data_mem_inst/memory_reg[10][6]/D (clocked by sys_clk_pin). Large setup violations at the end of those stages might be difficult to fix during the post-placement implementation flow and could be the result of non-optimal XDC constraints or non-optimal design architecture
Related violations: <none>

TIMING-16#919 Warning
Large setup violation  
There is a large setup violation of -4.243 ns between my_cpu/pc_inst/PCout_reg[1]/C (clocked by sys_clk_pin) and my_cpu/data_mem_inst/memory_reg[23][2]/CE (clocked by sys_clk_pin). Large setup violations at the end of those stages might be difficult to fix during the post-placement implementation flow and could be the result of non-optimal XDC constraints or non-optimal design architecture
Related violations: <none>

TIMING-16#920 Warning
Large setup violation  
There is a large setup violation of -4.243 ns between my_cpu/pc_inst/PCout_reg[1]/C (clocked by sys_clk_pin) and my_cpu/data_mem_inst/memory_reg[23][3]/CE (clocked by sys_clk_pin). Large setup violations at the end of those stages might be difficult to fix during the post-placement implementation flow and could be the result of non-optimal XDC constraints or non-optimal design architecture
Related violations: <none>

TIMING-16#921 Warning
Large setup violation  
There is a large setup violation of -4.243 ns between my_cpu/pc_inst/PCout_reg[1]/C (clocked by sys_clk_pin) and my_cpu/data_mem_inst/memory_reg[23][6]/CE (clocked by sys_clk_pin). Large setup violations at the end of those stages might be difficult to fix during the post-placement implementation flow and could be the result of non-optimal XDC constraints or non-optimal design architecture
Related violations: <none>

TIMING-16#922 Warning
Large setup violation  
There is a large setup violation of -4.243 ns between my_cpu/pc_inst/PCout_reg[1]/C (clocked by sys_clk_pin) and my_cpu/data_mem_inst/memory_reg[23][7]/CE (clocked by sys_clk_pin). Large setup violations at the end of those stages might be difficult to fix during the post-placement implementation flow and could be the result of non-optimal XDC constraints or non-optimal design architecture
Related violations: <none>

TIMING-16#923 Warning
Large setup violation  
There is a large setup violation of -4.261 ns between my_cpu/pc_inst/PCout_reg[1]/C (clocked by sys_clk_pin) and my_cpu/data_mem_inst/memory_reg[50][5]/CE (clocked by sys_clk_pin). Large setup violations at the end of those stages might be difficult to fix during the post-placement implementation flow and could be the result of non-optimal XDC constraints or non-optimal design architecture
Related violations: <none>

TIMING-16#924 Warning
Large setup violation  
There is a large setup violation of -4.261 ns between my_cpu/pc_inst/PCout_reg[1]/C (clocked by sys_clk_pin) and my_cpu/data_mem_inst/memory_reg[50][7]/CE (clocked by sys_clk_pin). Large setup violations at the end of those stages might be difficult to fix during the post-placement implementation flow and could be the result of non-optimal XDC constraints or non-optimal design architecture
Related violations: <none>

TIMING-16#925 Warning
Large setup violation  
There is a large setup violation of -4.262 ns between my_cpu/pc_inst/PCout_reg[1]/C (clocked by sys_clk_pin) and my_cpu/data_mem_inst/memory_reg[57][4]/CE (clocked by sys_clk_pin). Large setup violations at the end of those stages might be difficult to fix during the post-placement implementation flow and could be the result of non-optimal XDC constraints or non-optimal design architecture
Related violations: <none>

TIMING-16#926 Warning
Large setup violation  
There is a large setup violation of -4.270 ns between my_cpu/pc_inst/PCout_reg[1]/C (clocked by sys_clk_pin) and my_cpu/data_mem_inst/memory_reg[62][0]/CE (clocked by sys_clk_pin). Large setup violations at the end of those stages might be difficult to fix during the post-placement implementation flow and could be the result of non-optimal XDC constraints or non-optimal design architecture
Related violations: <none>

TIMING-16#927 Warning
Large setup violation  
There is a large setup violation of -4.270 ns between my_cpu/pc_inst/PCout_reg[1]/C (clocked by sys_clk_pin) and my_cpu/data_mem_inst/memory_reg[62][2]/CE (clocked by sys_clk_pin). Large setup violations at the end of those stages might be difficult to fix during the post-placement implementation flow and could be the result of non-optimal XDC constraints or non-optimal design architecture
Related violations: <none>

TIMING-16#928 Warning
Large setup violation  
There is a large setup violation of -4.271 ns between my_cpu/pc_inst/PCout_reg[1]/C (clocked by sys_clk_pin) and my_cpu/data_mem_inst/memory_reg[42][7]/D (clocked by sys_clk_pin). Large setup violations at the end of those stages might be difficult to fix during the post-placement implementation flow and could be the result of non-optimal XDC constraints or non-optimal design architecture
Related violations: <none>

TIMING-16#929 Warning
Large setup violation  
There is a large setup violation of -4.273 ns between my_cpu/pc_inst/PCout_reg[1]/C (clocked by sys_clk_pin) and my_cpu/data_mem_inst/memory_reg[30][2]/CE (clocked by sys_clk_pin). Large setup violations at the end of those stages might be difficult to fix during the post-placement implementation flow and could be the result of non-optimal XDC constraints or non-optimal design architecture
Related violations: <none>

TIMING-16#930 Warning
Large setup violation  
There is a large setup violation of -4.279 ns between my_cpu/pc_inst/PCout_reg[1]/C (clocked by sys_clk_pin) and my_cpu/data_mem_inst/memory_reg[60][3]/CE (clocked by sys_clk_pin). Large setup violations at the end of those stages might be difficult to fix during the post-placement implementation flow and could be the result of non-optimal XDC constraints or non-optimal design architecture
Related violations: <none>

TIMING-16#931 Warning
Large setup violation  
There is a large setup violation of -4.279 ns between my_cpu/pc_inst/PCout_reg[1]/C (clocked by sys_clk_pin) and my_cpu/data_mem_inst/memory_reg[60][5]/CE (clocked by sys_clk_pin). Large setup violations at the end of those stages might be difficult to fix during the post-placement implementation flow and could be the result of non-optimal XDC constraints or non-optimal design architecture
Related violations: <none>

TIMING-16#932 Warning
Large setup violation  
There is a large setup violation of -4.279 ns between my_cpu/pc_inst/PCout_reg[1]/C (clocked by sys_clk_pin) and my_cpu/data_mem_inst/memory_reg[60][6]/CE (clocked by sys_clk_pin). Large setup violations at the end of those stages might be difficult to fix during the post-placement implementation flow and could be the result of non-optimal XDC constraints or non-optimal design architecture
Related violations: <none>

TIMING-16#933 Warning
Large setup violation  
There is a large setup violation of -4.283 ns between my_cpu/pc_inst/PCout_reg[1]/C (clocked by sys_clk_pin) and my_cpu/data_mem_inst/memory_reg[54][0]/CE (clocked by sys_clk_pin). Large setup violations at the end of those stages might be difficult to fix during the post-placement implementation flow and could be the result of non-optimal XDC constraints or non-optimal design architecture
Related violations: <none>

TIMING-16#934 Warning
Large setup violation  
There is a large setup violation of -4.283 ns between my_cpu/pc_inst/PCout_reg[1]/C (clocked by sys_clk_pin) and my_cpu/data_mem_inst/memory_reg[54][2]/CE (clocked by sys_clk_pin). Large setup violations at the end of those stages might be difficult to fix during the post-placement implementation flow and could be the result of non-optimal XDC constraints or non-optimal design architecture
Related violations: <none>

TIMING-16#935 Warning
Large setup violation  
There is a large setup violation of -4.283 ns between my_cpu/pc_inst/PCout_reg[1]/C (clocked by sys_clk_pin) and my_cpu/data_mem_inst/memory_reg[54][7]/CE (clocked by sys_clk_pin). Large setup violations at the end of those stages might be difficult to fix during the post-placement implementation flow and could be the result of non-optimal XDC constraints or non-optimal design architecture
Related violations: <none>

TIMING-16#936 Warning
Large setup violation  
There is a large setup violation of -4.285 ns between my_cpu/pc_inst/PCout_reg[1]/C (clocked by sys_clk_pin) and my_cpu/data_mem_inst/memory_reg[30][6]/CE (clocked by sys_clk_pin). Large setup violations at the end of those stages might be difficult to fix during the post-placement implementation flow and could be the result of non-optimal XDC constraints or non-optimal design architecture
Related violations: <none>

TIMING-16#937 Warning
Large setup violation  
There is a large setup violation of -4.290 ns between my_cpu/pc_inst/PCout_reg[1]/C (clocked by sys_clk_pin) and my_cpu/data_mem_inst/memory_reg[54][1]/CE (clocked by sys_clk_pin). Large setup violations at the end of those stages might be difficult to fix during the post-placement implementation flow and could be the result of non-optimal XDC constraints or non-optimal design architecture
Related violations: <none>

TIMING-16#938 Warning
Large setup violation  
There is a large setup violation of -4.306 ns between my_cpu/pc_inst/PCout_reg[1]/C (clocked by sys_clk_pin) and my_cpu/data_mem_inst/memory_reg[6][4]/CE (clocked by sys_clk_pin). Large setup violations at the end of those stages might be difficult to fix during the post-placement implementation flow and could be the result of non-optimal XDC constraints or non-optimal design architecture
Related violations: <none>

TIMING-16#939 Warning
Large setup violation  
There is a large setup violation of -4.306 ns between my_cpu/pc_inst/PCout_reg[1]/C (clocked by sys_clk_pin) and my_cpu/data_mem_inst/memory_reg[6][7]/CE (clocked by sys_clk_pin). Large setup violations at the end of those stages might be difficult to fix during the post-placement implementation flow and could be the result of non-optimal XDC constraints or non-optimal design architecture
Related violations: <none>

TIMING-16#940 Warning
Large setup violation  
There is a large setup violation of -4.318 ns between my_cpu/pc_inst/PCout_reg[1]/C (clocked by sys_clk_pin) and my_cpu/data_mem_inst/memory_reg[14][0]/CE (clocked by sys_clk_pin). Large setup violations at the end of those stages might be difficult to fix during the post-placement implementation flow and could be the result of non-optimal XDC constraints or non-optimal design architecture
Related violations: <none>

TIMING-16#941 Warning
Large setup violation  
There is a large setup violation of -4.327 ns between my_cpu/pc_inst/PCout_reg[1]/C (clocked by sys_clk_pin) and my_cpu/data_mem_inst/memory_reg[30][0]/CE (clocked by sys_clk_pin). Large setup violations at the end of those stages might be difficult to fix during the post-placement implementation flow and could be the result of non-optimal XDC constraints or non-optimal design architecture
Related violations: <none>

TIMING-16#942 Warning
Large setup violation  
There is a large setup violation of -4.328 ns between my_cpu/pc_inst/PCout_reg[1]/C (clocked by sys_clk_pin) and my_cpu/data_mem_inst/memory_reg[63][0]/CE (clocked by sys_clk_pin). Large setup violations at the end of those stages might be difficult to fix during the post-placement implementation flow and could be the result of non-optimal XDC constraints or non-optimal design architecture
Related violations: <none>

TIMING-16#943 Warning
Large setup violation  
There is a large setup violation of -4.328 ns between my_cpu/pc_inst/PCout_reg[1]/C (clocked by sys_clk_pin) and my_cpu/data_mem_inst/memory_reg[63][4]/CE (clocked by sys_clk_pin). Large setup violations at the end of those stages might be difficult to fix during the post-placement implementation flow and could be the result of non-optimal XDC constraints or non-optimal design architecture
Related violations: <none>

TIMING-16#944 Warning
Large setup violation  
There is a large setup violation of -4.328 ns between my_cpu/pc_inst/PCout_reg[1]/C (clocked by sys_clk_pin) and my_cpu/data_mem_inst/memory_reg[63][5]/CE (clocked by sys_clk_pin). Large setup violations at the end of those stages might be difficult to fix during the post-placement implementation flow and could be the result of non-optimal XDC constraints or non-optimal design architecture
Related violations: <none>

TIMING-16#945 Warning
Large setup violation  
There is a large setup violation of -4.328 ns between my_cpu/pc_inst/PCout_reg[1]/C (clocked by sys_clk_pin) and my_cpu/data_mem_inst/memory_reg[63][6]/CE (clocked by sys_clk_pin). Large setup violations at the end of those stages might be difficult to fix during the post-placement implementation flow and could be the result of non-optimal XDC constraints or non-optimal design architecture
Related violations: <none>

TIMING-16#946 Warning
Large setup violation  
There is a large setup violation of -4.330 ns between my_cpu/pc_inst/PCout_reg[1]/C (clocked by sys_clk_pin) and my_cpu/data_mem_inst/memory_reg[61][0]/CE (clocked by sys_clk_pin). Large setup violations at the end of those stages might be difficult to fix during the post-placement implementation flow and could be the result of non-optimal XDC constraints or non-optimal design architecture
Related violations: <none>

TIMING-16#947 Warning
Large setup violation  
There is a large setup violation of -4.330 ns between my_cpu/pc_inst/PCout_reg[1]/C (clocked by sys_clk_pin) and my_cpu/data_mem_inst/memory_reg[61][6]/CE (clocked by sys_clk_pin). Large setup violations at the end of those stages might be difficult to fix during the post-placement implementation flow and could be the result of non-optimal XDC constraints or non-optimal design architecture
Related violations: <none>

TIMING-16#948 Warning
Large setup violation  
There is a large setup violation of -4.330 ns between my_cpu/pc_inst/PCout_reg[1]/C (clocked by sys_clk_pin) and my_cpu/data_mem_inst/memory_reg[61][7]/CE (clocked by sys_clk_pin). Large setup violations at the end of those stages might be difficult to fix during the post-placement implementation flow and could be the result of non-optimal XDC constraints or non-optimal design architecture
Related violations: <none>

TIMING-16#949 Warning
Large setup violation  
There is a large setup violation of -4.348 ns between my_cpu/pc_inst/PCout_reg[1]/C (clocked by sys_clk_pin) and my_cpu/data_mem_inst/memory_reg[63][7]/CE (clocked by sys_clk_pin). Large setup violations at the end of those stages might be difficult to fix during the post-placement implementation flow and could be the result of non-optimal XDC constraints or non-optimal design architecture
Related violations: <none>

TIMING-16#950 Warning
Large setup violation  
There is a large setup violation of -4.356 ns between my_cpu/pc_inst/PCout_reg[1]/C (clocked by sys_clk_pin) and my_cpu/data_mem_inst/memory_reg[19][0]/CE (clocked by sys_clk_pin). Large setup violations at the end of those stages might be difficult to fix during the post-placement implementation flow and could be the result of non-optimal XDC constraints or non-optimal design architecture
Related violations: <none>

TIMING-16#951 Warning
Large setup violation  
There is a large setup violation of -4.356 ns between my_cpu/pc_inst/PCout_reg[1]/C (clocked by sys_clk_pin) and my_cpu/data_mem_inst/memory_reg[19][4]/CE (clocked by sys_clk_pin). Large setup violations at the end of those stages might be difficult to fix during the post-placement implementation flow and could be the result of non-optimal XDC constraints or non-optimal design architecture
Related violations: <none>

TIMING-16#952 Warning
Large setup violation  
There is a large setup violation of -4.356 ns between my_cpu/pc_inst/PCout_reg[1]/C (clocked by sys_clk_pin) and my_cpu/data_mem_inst/memory_reg[19][5]/CE (clocked by sys_clk_pin). Large setup violations at the end of those stages might be difficult to fix during the post-placement implementation flow and could be the result of non-optimal XDC constraints or non-optimal design architecture
Related violations: <none>

TIMING-16#953 Warning
Large setup violation  
There is a large setup violation of -4.356 ns between my_cpu/pc_inst/PCout_reg[1]/C (clocked by sys_clk_pin) and my_cpu/data_mem_inst/memory_reg[19][7]/CE (clocked by sys_clk_pin). Large setup violations at the end of those stages might be difficult to fix during the post-placement implementation flow and could be the result of non-optimal XDC constraints or non-optimal design architecture
Related violations: <none>

TIMING-16#954 Warning
Large setup violation  
There is a large setup violation of -4.357 ns between my_cpu/pc_inst/PCout_reg[1]/C (clocked by sys_clk_pin) and my_cpu/data_mem_inst/memory_reg[42][0]/D (clocked by sys_clk_pin). Large setup violations at the end of those stages might be difficult to fix during the post-placement implementation flow and could be the result of non-optimal XDC constraints or non-optimal design architecture
Related violations: <none>

TIMING-16#955 Warning
Large setup violation  
There is a large setup violation of -4.361 ns between my_cpu/pc_inst/PCout_reg[1]/C (clocked by sys_clk_pin) and my_cpu/data_mem_inst/memory_reg[61][3]/CE (clocked by sys_clk_pin). Large setup violations at the end of those stages might be difficult to fix during the post-placement implementation flow and could be the result of non-optimal XDC constraints or non-optimal design architecture
Related violations: <none>

TIMING-16#956 Warning
Large setup violation  
There is a large setup violation of -4.361 ns between my_cpu/pc_inst/PCout_reg[1]/C (clocked by sys_clk_pin) and my_cpu/data_mem_inst/memory_reg[61][4]/CE (clocked by sys_clk_pin). Large setup violations at the end of those stages might be difficult to fix during the post-placement implementation flow and could be the result of non-optimal XDC constraints or non-optimal design architecture
Related violations: <none>

TIMING-16#957 Warning
Large setup violation  
There is a large setup violation of -4.361 ns between my_cpu/pc_inst/PCout_reg[1]/C (clocked by sys_clk_pin) and my_cpu/data_mem_inst/memory_reg[61][5]/CE (clocked by sys_clk_pin). Large setup violations at the end of those stages might be difficult to fix during the post-placement implementation flow and could be the result of non-optimal XDC constraints or non-optimal design architecture
Related violations: <none>

TIMING-16#958 Warning
Large setup violation  
There is a large setup violation of -4.375 ns between my_cpu/pc_inst/PCout_reg[1]/C (clocked by sys_clk_pin) and my_cpu/data_mem_inst/memory_reg[50][0]/CE (clocked by sys_clk_pin). Large setup violations at the end of those stages might be difficult to fix during the post-placement implementation flow and could be the result of non-optimal XDC constraints or non-optimal design architecture
Related violations: <none>

TIMING-16#959 Warning
Large setup violation  
There is a large setup violation of -4.375 ns between my_cpu/pc_inst/PCout_reg[1]/C (clocked by sys_clk_pin) and my_cpu/data_mem_inst/memory_reg[50][1]/CE (clocked by sys_clk_pin). Large setup violations at the end of those stages might be difficult to fix during the post-placement implementation flow and could be the result of non-optimal XDC constraints or non-optimal design architecture
Related violations: <none>

TIMING-16#960 Warning
Large setup violation  
There is a large setup violation of -4.377 ns between my_cpu/pc_inst/PCout_reg[1]/C (clocked by sys_clk_pin) and my_cpu/data_mem_inst/memory_reg[38][3]/CE (clocked by sys_clk_pin). Large setup violations at the end of those stages might be difficult to fix during the post-placement implementation flow and could be the result of non-optimal XDC constraints or non-optimal design architecture
Related violations: <none>

TIMING-16#961 Warning
Large setup violation  
There is a large setup violation of -4.378 ns between my_cpu/pc_inst/PCout_reg[1]/C (clocked by sys_clk_pin) and my_cpu/data_mem_inst/memory_reg[61][1]/CE (clocked by sys_clk_pin). Large setup violations at the end of those stages might be difficult to fix during the post-placement implementation flow and could be the result of non-optimal XDC constraints or non-optimal design architecture
Related violations: <none>

TIMING-16#962 Warning
Large setup violation  
There is a large setup violation of -4.378 ns between my_cpu/pc_inst/PCout_reg[1]/C (clocked by sys_clk_pin) and my_cpu/data_mem_inst/memory_reg[61][2]/CE (clocked by sys_clk_pin). Large setup violations at the end of those stages might be difficult to fix during the post-placement implementation flow and could be the result of non-optimal XDC constraints or non-optimal design architecture
Related violations: <none>

TIMING-16#963 Warning
Large setup violation  
There is a large setup violation of -4.391 ns between my_cpu/pc_inst/PCout_reg[1]/C (clocked by sys_clk_pin) and my_cpu/data_mem_inst/memory_reg[50][4]/CE (clocked by sys_clk_pin). Large setup violations at the end of those stages might be difficult to fix during the post-placement implementation flow and could be the result of non-optimal XDC constraints or non-optimal design architecture
Related violations: <none>

TIMING-16#964 Warning
Large setup violation  
There is a large setup violation of -4.397 ns between my_cpu/pc_inst/PCout_reg[1]/C (clocked by sys_clk_pin) and my_cpu/data_mem_inst/memory_reg[42][4]/D (clocked by sys_clk_pin). Large setup violations at the end of those stages might be difficult to fix during the post-placement implementation flow and could be the result of non-optimal XDC constraints or non-optimal design architecture
Related violations: <none>

TIMING-16#965 Warning
Large setup violation  
There is a large setup violation of -4.408 ns between my_cpu/pc_inst/PCout_reg[1]/C (clocked by sys_clk_pin) and my_cpu/data_mem_inst/memory_reg[19][1]/CE (clocked by sys_clk_pin). Large setup violations at the end of those stages might be difficult to fix during the post-placement implementation flow and could be the result of non-optimal XDC constraints or non-optimal design architecture
Related violations: <none>

TIMING-16#966 Warning
Large setup violation  
There is a large setup violation of -4.411 ns between my_cpu/pc_inst/PCout_reg[1]/C (clocked by sys_clk_pin) and my_cpu/data_mem_inst/memory_reg[6][0]/CE (clocked by sys_clk_pin). Large setup violations at the end of those stages might be difficult to fix during the post-placement implementation flow and could be the result of non-optimal XDC constraints or non-optimal design architecture
Related violations: <none>

TIMING-16#967 Warning
Large setup violation  
There is a large setup violation of -4.411 ns between my_cpu/pc_inst/PCout_reg[1]/C (clocked by sys_clk_pin) and my_cpu/data_mem_inst/memory_reg[6][1]/CE (clocked by sys_clk_pin). Large setup violations at the end of those stages might be difficult to fix during the post-placement implementation flow and could be the result of non-optimal XDC constraints or non-optimal design architecture
Related violations: <none>

TIMING-16#968 Warning
Large setup violation  
There is a large setup violation of -4.419 ns between my_cpu/pc_inst/PCout_reg[1]/C (clocked by sys_clk_pin) and my_cpu/data_mem_inst/memory_reg[42][5]/D (clocked by sys_clk_pin). Large setup violations at the end of those stages might be difficult to fix during the post-placement implementation flow and could be the result of non-optimal XDC constraints or non-optimal design architecture
Related violations: <none>

TIMING-16#969 Warning
Large setup violation  
There is a large setup violation of -4.424 ns between my_cpu/pc_inst/PCout_reg[1]/C (clocked by sys_clk_pin) and my_cpu/data_mem_inst/memory_reg[14][1]/CE (clocked by sys_clk_pin). Large setup violations at the end of those stages might be difficult to fix during the post-placement implementation flow and could be the result of non-optimal XDC constraints or non-optimal design architecture
Related violations: <none>

TIMING-16#970 Warning
Large setup violation  
There is a large setup violation of -4.424 ns between my_cpu/pc_inst/PCout_reg[1]/C (clocked by sys_clk_pin) and my_cpu/data_mem_inst/memory_reg[14][5]/CE (clocked by sys_clk_pin). Large setup violations at the end of those stages might be difficult to fix during the post-placement implementation flow and could be the result of non-optimal XDC constraints or non-optimal design architecture
Related violations: <none>

TIMING-16#971 Warning
Large setup violation  
There is a large setup violation of -4.434 ns between my_cpu/pc_inst/PCout_reg[1]/C (clocked by sys_clk_pin) and my_cpu/data_mem_inst/memory_reg[54][4]/CE (clocked by sys_clk_pin). Large setup violations at the end of those stages might be difficult to fix during the post-placement implementation flow and could be the result of non-optimal XDC constraints or non-optimal design architecture
Related violations: <none>

TIMING-16#972 Warning
Large setup violation  
There is a large setup violation of -4.450 ns between my_cpu/pc_inst/PCout_reg[1]/C (clocked by sys_clk_pin) and my_cpu/data_mem_inst/memory_reg[50][6]/CE (clocked by sys_clk_pin). Large setup violations at the end of those stages might be difficult to fix during the post-placement implementation flow and could be the result of non-optimal XDC constraints or non-optimal design architecture
Related violations: <none>

TIMING-16#973 Warning
Large setup violation  
There is a large setup violation of -4.465 ns between my_cpu/pc_inst/PCout_reg[1]/C (clocked by sys_clk_pin) and my_cpu/data_mem_inst/memory_reg[30][3]/CE (clocked by sys_clk_pin). Large setup violations at the end of those stages might be difficult to fix during the post-placement implementation flow and could be the result of non-optimal XDC constraints or non-optimal design architecture
Related violations: <none>

TIMING-16#974 Warning
Large setup violation  
There is a large setup violation of -4.465 ns between my_cpu/pc_inst/PCout_reg[1]/C (clocked by sys_clk_pin) and my_cpu/data_mem_inst/memory_reg[30][4]/CE (clocked by sys_clk_pin). Large setup violations at the end of those stages might be difficult to fix during the post-placement implementation flow and could be the result of non-optimal XDC constraints or non-optimal design architecture
Related violations: <none>

TIMING-16#975 Warning
Large setup violation  
There is a large setup violation of -4.465 ns between my_cpu/pc_inst/PCout_reg[1]/C (clocked by sys_clk_pin) and my_cpu/data_mem_inst/memory_reg[30][7]/CE (clocked by sys_clk_pin). Large setup violations at the end of those stages might be difficult to fix during the post-placement implementation flow and could be the result of non-optimal XDC constraints or non-optimal design architecture
Related violations: <none>

TIMING-16#976 Warning
Large setup violation  
There is a large setup violation of -4.502 ns between my_cpu/pc_inst/PCout_reg[1]/C (clocked by sys_clk_pin) and my_cpu/data_mem_inst/memory_reg[8][0]/CE (clocked by sys_clk_pin). Large setup violations at the end of those stages might be difficult to fix during the post-placement implementation flow and could be the result of non-optimal XDC constraints or non-optimal design architecture
Related violations: <none>

TIMING-16#977 Warning
Large setup violation  
There is a large setup violation of -4.502 ns between my_cpu/pc_inst/PCout_reg[1]/C (clocked by sys_clk_pin) and my_cpu/data_mem_inst/memory_reg[8][1]/CE (clocked by sys_clk_pin). Large setup violations at the end of those stages might be difficult to fix during the post-placement implementation flow and could be the result of non-optimal XDC constraints or non-optimal design architecture
Related violations: <none>

TIMING-16#978 Warning
Large setup violation  
There is a large setup violation of -4.502 ns between my_cpu/pc_inst/PCout_reg[1]/C (clocked by sys_clk_pin) and my_cpu/data_mem_inst/memory_reg[8][3]/CE (clocked by sys_clk_pin). Large setup violations at the end of those stages might be difficult to fix during the post-placement implementation flow and could be the result of non-optimal XDC constraints or non-optimal design architecture
Related violations: <none>

TIMING-16#979 Warning
Large setup violation  
There is a large setup violation of -4.502 ns between my_cpu/pc_inst/PCout_reg[1]/C (clocked by sys_clk_pin) and my_cpu/data_mem_inst/memory_reg[8][6]/CE (clocked by sys_clk_pin). Large setup violations at the end of those stages might be difficult to fix during the post-placement implementation flow and could be the result of non-optimal XDC constraints or non-optimal design architecture
Related violations: <none>

TIMING-16#980 Warning
Large setup violation  
There is a large setup violation of -4.502 ns between my_cpu/pc_inst/PCout_reg[1]/C (clocked by sys_clk_pin) and my_cpu/data_mem_inst/memory_reg[8][7]/CE (clocked by sys_clk_pin). Large setup violations at the end of those stages might be difficult to fix during the post-placement implementation flow and could be the result of non-optimal XDC constraints or non-optimal design architecture
Related violations: <none>

TIMING-16#981 Warning
Large setup violation  
There is a large setup violation of -4.518 ns between my_cpu/pc_inst/PCout_reg[1]/C (clocked by sys_clk_pin) and my_cpu/data_mem_inst/memory_reg[38][2]/CE (clocked by sys_clk_pin). Large setup violations at the end of those stages might be difficult to fix during the post-placement implementation flow and could be the result of non-optimal XDC constraints or non-optimal design architecture
Related violations: <none>

TIMING-16#982 Warning
Large setup violation  
There is a large setup violation of -4.518 ns between my_cpu/pc_inst/PCout_reg[1]/C (clocked by sys_clk_pin) and my_cpu/data_mem_inst/memory_reg[38][4]/CE (clocked by sys_clk_pin). Large setup violations at the end of those stages might be difficult to fix during the post-placement implementation flow and could be the result of non-optimal XDC constraints or non-optimal design architecture
Related violations: <none>

TIMING-16#983 Warning
Large setup violation  
There is a large setup violation of -4.518 ns between my_cpu/pc_inst/PCout_reg[1]/C (clocked by sys_clk_pin) and my_cpu/data_mem_inst/memory_reg[38][7]/CE (clocked by sys_clk_pin). Large setup violations at the end of those stages might be difficult to fix during the post-placement implementation flow and could be the result of non-optimal XDC constraints or non-optimal design architecture
Related violations: <none>

TIMING-16#984 Warning
Large setup violation  
There is a large setup violation of -4.538 ns between my_cpu/pc_inst/PCout_reg[1]/C (clocked by sys_clk_pin) and my_cpu/data_mem_inst/memory_reg[6][2]/CE (clocked by sys_clk_pin). Large setup violations at the end of those stages might be difficult to fix during the post-placement implementation flow and could be the result of non-optimal XDC constraints or non-optimal design architecture
Related violations: <none>

TIMING-16#985 Warning
Large setup violation  
There is a large setup violation of -4.567 ns between my_cpu/pc_inst/PCout_reg[1]/C (clocked by sys_clk_pin) and my_cpu/data_mem_inst/memory_reg[38][1]/CE (clocked by sys_clk_pin). Large setup violations at the end of those stages might be difficult to fix during the post-placement implementation flow and could be the result of non-optimal XDC constraints or non-optimal design architecture
Related violations: <none>

TIMING-16#986 Warning
Large setup violation  
There is a large setup violation of -4.567 ns between my_cpu/pc_inst/PCout_reg[1]/C (clocked by sys_clk_pin) and my_cpu/data_mem_inst/memory_reg[38][5]/CE (clocked by sys_clk_pin). Large setup violations at the end of those stages might be difficult to fix during the post-placement implementation flow and could be the result of non-optimal XDC constraints or non-optimal design architecture
Related violations: <none>

TIMING-16#987 Warning
Large setup violation  
There is a large setup violation of -4.567 ns between my_cpu/pc_inst/PCout_reg[1]/C (clocked by sys_clk_pin) and my_cpu/data_mem_inst/memory_reg[38][6]/CE (clocked by sys_clk_pin). Large setup violations at the end of those stages might be difficult to fix during the post-placement implementation flow and could be the result of non-optimal XDC constraints or non-optimal design architecture
Related violations: <none>

TIMING-16#988 Warning
Large setup violation  
There is a large setup violation of -4.604 ns between my_cpu/pc_inst/PCout_reg[1]/C (clocked by sys_clk_pin) and my_cpu/data_mem_inst/memory_reg[19][2]/CE (clocked by sys_clk_pin). Large setup violations at the end of those stages might be difficult to fix during the post-placement implementation flow and could be the result of non-optimal XDC constraints or non-optimal design architecture
Related violations: <none>

TIMING-16#989 Warning
Large setup violation  
There is a large setup violation of -4.604 ns between my_cpu/pc_inst/PCout_reg[1]/C (clocked by sys_clk_pin) and my_cpu/data_mem_inst/memory_reg[19][3]/CE (clocked by sys_clk_pin). Large setup violations at the end of those stages might be difficult to fix during the post-placement implementation flow and could be the result of non-optimal XDC constraints or non-optimal design architecture
Related violations: <none>

TIMING-16#990 Warning
Large setup violation  
There is a large setup violation of -4.604 ns between my_cpu/pc_inst/PCout_reg[1]/C (clocked by sys_clk_pin) and my_cpu/data_mem_inst/memory_reg[19][6]/CE (clocked by sys_clk_pin). Large setup violations at the end of those stages might be difficult to fix during the post-placement implementation flow and could be the result of non-optimal XDC constraints or non-optimal design architecture
Related violations: <none>

TIMING-16#991 Warning
Large setup violation  
There is a large setup violation of -4.631 ns between my_cpu/pc_inst/PCout_reg[1]/C (clocked by sys_clk_pin) and my_cpu/data_mem_inst/memory_reg[14][3]/CE (clocked by sys_clk_pin). Large setup violations at the end of those stages might be difficult to fix during the post-placement implementation flow and could be the result of non-optimal XDC constraints or non-optimal design architecture
Related violations: <none>

TIMING-16#992 Warning
Large setup violation  
There is a large setup violation of -4.631 ns between my_cpu/pc_inst/PCout_reg[1]/C (clocked by sys_clk_pin) and my_cpu/data_mem_inst/memory_reg[14][6]/CE (clocked by sys_clk_pin). Large setup violations at the end of those stages might be difficult to fix during the post-placement implementation flow and could be the result of non-optimal XDC constraints or non-optimal design architecture
Related violations: <none>

TIMING-16#993 Warning
Large setup violation  
There is a large setup violation of -4.641 ns between my_cpu/pc_inst/PCout_reg[1]/C (clocked by sys_clk_pin) and my_cpu/data_mem_inst/memory_reg[8][2]/CE (clocked by sys_clk_pin). Large setup violations at the end of those stages might be difficult to fix during the post-placement implementation flow and could be the result of non-optimal XDC constraints or non-optimal design architecture
Related violations: <none>

TIMING-16#994 Warning
Large setup violation  
There is a large setup violation of -4.641 ns between my_cpu/pc_inst/PCout_reg[1]/C (clocked by sys_clk_pin) and my_cpu/data_mem_inst/memory_reg[8][4]/CE (clocked by sys_clk_pin). Large setup violations at the end of those stages might be difficult to fix during the post-placement implementation flow and could be the result of non-optimal XDC constraints or non-optimal design architecture
Related violations: <none>

TIMING-16#995 Warning
Large setup violation  
There is a large setup violation of -4.641 ns between my_cpu/pc_inst/PCout_reg[1]/C (clocked by sys_clk_pin) and my_cpu/data_mem_inst/memory_reg[8][5]/CE (clocked by sys_clk_pin). Large setup violations at the end of those stages might be difficult to fix during the post-placement implementation flow and could be the result of non-optimal XDC constraints or non-optimal design architecture
Related violations: <none>

TIMING-16#996 Warning
Large setup violation  
There is a large setup violation of -4.649 ns between my_cpu/pc_inst/PCout_reg[1]/C (clocked by sys_clk_pin) and my_cpu/data_mem_inst/memory_reg[14][2]/CE (clocked by sys_clk_pin). Large setup violations at the end of those stages might be difficult to fix during the post-placement implementation flow and could be the result of non-optimal XDC constraints or non-optimal design architecture
Related violations: <none>

TIMING-16#997 Warning
Large setup violation  
There is a large setup violation of -4.707 ns between my_cpu/pc_inst/PCout_reg[1]/C (clocked by sys_clk_pin) and my_cpu/data_mem_inst/memory_reg[38][0]/CE (clocked by sys_clk_pin). Large setup violations at the end of those stages might be difficult to fix during the post-placement implementation flow and could be the result of non-optimal XDC constraints or non-optimal design architecture
Related violations: <none>

TIMING-16#998 Warning
Large setup violation  
There is a large setup violation of -4.747 ns between my_cpu/pc_inst/PCout_reg[1]/C (clocked by sys_clk_pin) and my_cpu/data_mem_inst/memory_reg[14][4]/CE (clocked by sys_clk_pin). Large setup violations at the end of those stages might be difficult to fix during the post-placement implementation flow and could be the result of non-optimal XDC constraints or non-optimal design architecture
Related violations: <none>

TIMING-16#999 Warning
Large setup violation  
There is a large setup violation of -4.747 ns between my_cpu/pc_inst/PCout_reg[1]/C (clocked by sys_clk_pin) and my_cpu/data_mem_inst/memory_reg[14][7]/CE (clocked by sys_clk_pin). Large setup violations at the end of those stages might be difficult to fix during the post-placement implementation flow and could be the result of non-optimal XDC constraints or non-optimal design architecture
Related violations: <none>

TIMING-16#1000 Warning
Large setup violation  
There is a large setup violation of -4.856 ns between my_cpu/pc_inst/PCout_reg[1]/C (clocked by sys_clk_pin) and my_cpu/data_mem_inst/memory_reg[58][4]/D (clocked by sys_clk_pin). Large setup violations at the end of those stages might be difficult to fix during the post-placement implementation flow and could be the result of non-optimal XDC constraints or non-optimal design architecture
Related violations: <none>

TIMING-18#1 Warning
Missing input or output delay  
An input delay is missing on rst relative to clock(s) sys_clk_pin
Related violations: <none>

TIMING-18#2 Warning
Missing input or output delay  
An output delay is missing on LEDs[0] relative to clock(s) sys_clk_pin
Related violations: <none>

TIMING-18#3 Warning
Missing input or output delay  
An output delay is missing on LEDs[10] relative to clock(s) sys_clk_pin
Related violations: <none>

TIMING-18#4 Warning
Missing input or output delay  
An output delay is missing on LEDs[11] relative to clock(s) sys_clk_pin
Related violations: <none>

TIMING-18#5 Warning
Missing input or output delay  
An output delay is missing on LEDs[12] relative to clock(s) sys_clk_pin
Related violations: <none>

TIMING-18#6 Warning
Missing input or output delay  
An output delay is missing on LEDs[13] relative to clock(s) sys_clk_pin
Related violations: <none>

TIMING-18#7 Warning
Missing input or output delay  
An output delay is missing on LEDs[14] relative to clock(s) sys_clk_pin
Related violations: <none>

TIMING-18#8 Warning
Missing input or output delay  
An output delay is missing on LEDs[15] relative to clock(s) sys_clk_pin
Related violations: <none>

TIMING-18#9 Warning
Missing input or output delay  
An output delay is missing on LEDs[1] relative to clock(s) sys_clk_pin
Related violations: <none>

TIMING-18#10 Warning
Missing input or output delay  
An output delay is missing on LEDs[2] relative to clock(s) sys_clk_pin
Related violations: <none>

TIMING-18#11 Warning
Missing input or output delay  
An output delay is missing on LEDs[3] relative to clock(s) sys_clk_pin
Related violations: <none>

TIMING-18#12 Warning
Missing input or output delay  
An output delay is missing on LEDs[4] relative to clock(s) sys_clk_pin
Related violations: <none>

TIMING-18#13 Warning
Missing input or output delay  
An output delay is missing on LEDs[5] relative to clock(s) sys_clk_pin
Related violations: <none>

TIMING-18#14 Warning
Missing input or output delay  
An output delay is missing on LEDs[6] relative to clock(s) sys_clk_pin
Related violations: <none>

TIMING-18#15 Warning
Missing input or output delay  
An output delay is missing on LEDs[7] relative to clock(s) sys_clk_pin
Related violations: <none>

TIMING-18#16 Warning
Missing input or output delay  
An output delay is missing on LEDs[8] relative to clock(s) sys_clk_pin
Related violations: <none>

TIMING-18#17 Warning
Missing input or output delay  
An output delay is missing on LEDs[9] relative to clock(s) sys_clk_pin
Related violations: <none>

TIMING-18#18 Warning
Missing input or output delay  
An output delay is missing on an[0] relative to clock(s) sys_clk_pin
Related violations: <none>

TIMING-18#19 Warning
Missing input or output delay  
An output delay is missing on an[1] relative to clock(s) sys_clk_pin
Related violations: <none>

TIMING-18#20 Warning
Missing input or output delay  
An output delay is missing on an[2] relative to clock(s) sys_clk_pin
Related violations: <none>

TIMING-18#21 Warning
Missing input or output delay  
An output delay is missing on an[3] relative to clock(s) sys_clk_pin
Related violations: <none>

TIMING-18#22 Warning
Missing input or output delay  
An output delay is missing on dp relative to clock(s) sys_clk_pin
Related violations: <none>

TIMING-18#23 Warning
Missing input or output delay  
An output delay is missing on seg[0] relative to clock(s) sys_clk_pin
Related violations: <none>

TIMING-18#24 Warning
Missing input or output delay  
An output delay is missing on seg[1] relative to clock(s) sys_clk_pin
Related violations: <none>

TIMING-18#25 Warning
Missing input or output delay  
An output delay is missing on seg[2] relative to clock(s) sys_clk_pin
Related violations: <none>

TIMING-18#26 Warning
Missing input or output delay  
An output delay is missing on seg[3] relative to clock(s) sys_clk_pin
Related violations: <none>

TIMING-18#27 Warning
Missing input or output delay  
An output delay is missing on seg[4] relative to clock(s) sys_clk_pin
Related violations: <none>

TIMING-18#28 Warning
Missing input or output delay  
An output delay is missing on seg[5] relative to clock(s) sys_clk_pin
Related violations: <none>

TIMING-18#29 Warning
Missing input or output delay  
An output delay is missing on seg[6] relative to clock(s) sys_clk_pin
Related violations: <none>


